feature,class,WT-W303-1bar-A,WT-W303-1bar-B,WT-W303-1bar-C,WT-W303-250bar-A,WT-W303-250bar-B,WT-W303-250bar-C,FM628-Lkluyveri-0bar-A,FM628-Lkluyveri-0bar-B,FM628-Lkluyveri-0bar-C,FM628-Lkluyveri-250bar-A,FM628-Lkluyveri-250bar-B,FM628-Lkluyveri-250bar-C
CL 56:1;0,CL,NA,NA,NA,NA,NA,NA,NA,NA,NA,NA,NA,NA
CL 56:2;0,CL,NA,NA,NA,NA,NA,NA,NA,NA,NA,NA,NA,NA
CL 58:1;0,CL,NA,NA,NA,NA,NA,NA,NA,NA,NA,NA,NA,NA
CL 58:2;0,CL,NA,NA,NA,NA,NA,NA,NA,NA,NA,NA,NA,NA
CL 58:3;0,CL,NA,NA,NA,NA,NA,NA,NA,NA,NA,NA,NA,NA
CL 60:1;0,CL,NA,NA,NA,NA,NA,NA,NA,NA,NA,NA,NA,NA
CL 60:2;0,CL,NA,NA,NA,NA,NA,NA,0.084448656,0.078255846,0.069117481,NA,NA,NA
CL 60:3;0,CL,NA,NA,NA,NA,NA,NA,0.11619594433602504,0.087789351,0.12162191390168953,NA,NA,NA
CL 61:1;0,CL,NA,NA,NA,NA,NA,NA,NA,NA,NA,NA,NA,NA
CL 62:1;0,CL,NA,NA,NA,NA,NA,NA,NA,NA,NA,NA,NA,NA
CL 62:2;0,CL,NA,NA,NA,NA,NA,NA,NA,NA,NA,NA,NA,NA
CL 62:3;0,CL,NA,NA,NA,NA,NA,NA,NA,NA,NA,NA,NA,NA
CL 64:2;0,CL,NA,NA,NA,NA,NA,NA,NA,NA,NA,NA,NA,NA
CL 64:3;0,CL,NA,NA,NA,NA,NA,NA,NA,NA,NA,NA,NA,NA
CL 64:4;0,CL,NA,NA,NA,NA,NA,NA,NA,NA,NA,NA,NA,NA
CL 66:2;0,CL,NA,NA,NA,NA,NA,NA,NA,NA,NA,NA,NA,NA
CL 66:3;0,CL,NA,NA,NA,NA,NA,NA,NA,NA,NA,NA,NA,NA
CL 66:4;0,CL,NA,NA,NA,NA,NA,NA,0.2159577556440693,0.25433552611393173,0.3511297081938638,0.25870347090893075,0.21340515339168326,0.513965068
CL 66:5;0,CL,NA,NA,NA,NA,NA,NA,NA,NA,NA,0.091651752,0.051312627,0.091737439
CL 68:2;0,CL,0.5966325149198765,0.5879417830198193,NA,NA,0.855862506,NA,0.33252777176415543,NA,0.33788043135638074,0.055155170591921834,0.038416639,0.09602498
CL 68:3;0,CL,0.36534443856102516,NA,NA,NA,NA,NA,0.348340767,0.38701221433888994,0.4844406498070087,0.066886351,0.094492261,0.1417431122048071
CL 68:4;0,CL,NA,NA,NA,NA,NA,NA,0.5662777543145526,0.5967695876630924,0.6676747394664146,0.4492232148755646,0.4568940432830072,1.0357256706765954
CL 68:5;0,CL,NA,NA,NA,NA,NA,NA,0.1966197711079033,0.19376587116068492,0.2331220109303897,0.2609077352727141,0.16872960381827543,0.4757170914398558
CL 68:6;0,CL,NA,NA,NA,NA,NA,NA,NA,NA,0.068323344,0.091545531,0.043374873,0.090125837
CL 70:3;0,CL,NA,NA,NA,NA,NA,NA,NA,NA,NA,NA,NA,NA
CL 70:4;0,CL,NA,NA,NA,NA,NA,NA,0.3272534550262339,0.34422589322753455,NA,NA,NA,0.5277989721479998
CL 70:5;0,CL,NA,NA,NA,NA,NA,NA,0.15394357214938117,0.21330443308149308,0.14320493813538715,0.15791841542854831,0.12849403016005564,0.25968529516906486
CL 70:6;0,CL,NA,NA,NA,NA,NA,NA,NA,NA,NA,0.19731225014346018,0.098623499,0.259930623
CL 70:7;0,CL,NA,NA,NA,NA,NA,NA,NA,NA,NA,0.026173257,NA,NA
CL 72:2;0,CL,NA,NA,NA,NA,NA,NA,NA,NA,0.14951620947726801,NA,NA,NA
CL 72:4;0,CL,NA,NA,NA,NA,NA,NA,0.063468225,NA,0.064411798,0.027340475658844513,NA,NA
CL 72:5;0,CL,NA,NA,NA,NA,NA,NA,NA,NA,NA,NA,NA,NA
CL 72:6;0,CL,NA,NA,NA,NA,NA,NA,NA,NA,NA,0.053193201,0.020168600896942113,NA
CL 72:7;0,CL,NA,NA,NA,NA,NA,NA,NA,NA,NA,0.041013652,NA,NA
LPA 16:0;0,LPA,0.053515196841010075,0.10634661451163317,0.065491878,0.085911515,0.21405736634488634,0.1708739919376724,0.10054724143387307,0.11729171044557107,0.047795287580484375,0.23510060482736142,0.2029192263364197,0.16111392824731524
LPA 16:1;0,LPA,NA,NA,NA,NA,0.067755082,NA,0.12657853193232202,0.1513843516485446,0.037684172,0.24772921127322453,0.21959759321230324,0.2259042936090368
LPA 16:2;0,LPA,NA,NA,NA,NA,NA,NA,NA,NA,NA,NA,NA,NA
LPA 18:0;0,LPA,NA,NA,NA,NA,NA,NA,NA,NA,NA,0.029221374,0.030700714,NA
LPA 18:1;0,LPA,0.08059131,0.10592910815959232,0.3726834017598545,0.21983926540236268,0.3837377909217054,0.3361650274919368,0.1365507687247498,0.1609183577293796,0.050024478,0.26844401299761833,0.26703895895073565,0.17023884976907744
LPA 18:2;0,LPA,NA,NA,NA,NA,NA,NA,0.006744906,0.008166007,NA,0.035126794,0.024283227059198106,NA
LPA 20:1;0,LPA,NA,0.044842222006090886,NA,NA,NA,NA,NA,NA,NA,NA,NA,NA
LPA 20:2;0,LPA,NA,NA,NA,NA,NA,NA,NA,NA,NA,NA,NA,NA
LPC 10:0;0,LPC,NA,NA,NA,NA,NA,NA,NA,NA,NA,NA,NA,NA
LPC 14:0;0,LPC,NA,0.048440383763760454,0.058040909,NA,NA,NA,NA,NA,NA,NA,NA,NA
LPC 14:1;0,LPC,NA,NA,NA,NA,NA,NA,NA,NA,NA,NA,NA,NA
LPC 15:0;0,LPC,NA,NA,NA,NA,NA,NA,NA,NA,NA,NA,NA,NA
LPC 15:1;0,LPC,NA,NA,NA,NA,NA,NA,NA,NA,NA,NA,NA,NA
LPC 16:0;0,LPC,0.43040301937577613,1.865889540178865,0.8736189113926971,1.177326615198744,0.32380272763798523,0.3528833547258209,0.039408711,0.049088871,NA,0.074624024,0.098159662,NA
LPC 16:1;0,LPC,0.13601267207072146,0.3802449031279037,0.2764911799127818,1.6343782287397577,0.33509155577543176,0.6006417463368419,0.075142055,0.083507505,0.10070056582068672,0.085870172,0.09675706,NA
LPC 17:0;0,LPC,NA,NA,NA,NA,NA,NA,NA,NA,NA,NA,NA,NA
LPC 17:1;0,LPC,NA,NA,NA,NA,NA,NA,NA,NA,NA,NA,NA,NA
LPC 18:0;0,LPC,0.8199344911822387,2.334011018833556,1.114501557580595,0.8031039814495066,0.35535778377209826,0.3601342083344277,0.012054041469711374,0.012990616278373005,NA,0.1095010179874178,0.12138646458576124,NA
LPC 18:1;0,LPC,0.12192541176915286,0.4678323661599515,0.4375398505453397,1.120993167420557,0.39990814195823854,0.6208876596181726,0.061081362,0.071805521,0.080361288,0.13611324729131055,0.1499075691453331,NA
LPC 18:2;0,LPC,NA,NA,NA,NA,NA,NA,NA,NA,NA,NA,NA,NA
LPC 19:1;0,LPC,NA,NA,NA,NA,NA,NA,NA,NA,NA,NA,NA,NA
LPC 20:0;0,LPC,NA,0.052034824,NA,NA,NA,NA,NA,NA,NA,NA,NA,NA
LPC 20:1;0,LPC,NA,0.035176351,NA,NA,NA,NA,NA,NA,NA,NA,NA,NA
LPE 14:0;0,LPE,NA,NA,NA,NA,NA,NA,NA,NA,NA,NA,NA,NA
LPE 14:1;0,LPE,NA,NA,NA,NA,NA,NA,NA,NA,0.49187861450907966,0.42777755050457844,0.33143516280492846,NA
LPE 16:0;0,LPE,0.4060166702188042,2.5487645781375514,0.8246190452285903,0.2315943740785482,0.42020798920233055,0.4853629503559047,0.014452735283655043,0.017130798,0.026990632654507914,0.019055943083654023,0.016603789,NA
LPE 16:1;0,LPE,0.066153097,0.27700998848762276,0.1945857666204113,0.182945352,0.1521577396788956,0.2787834131029368,0.011302687977709933,0.010986613169617488,0.011584930378153616,0.018011579027255958,0.015087340775379834,0.73136131
LPE 18:0;0,LPE,0.052628687311884796,0.2665002221421553,0.12718658526326657,0.043083713849179466,0.077324633,0.081487809,NA,NA,NA,NA,NA,NA
LPE 18:1;0,LPE,0.2828219359292562,0.8093485355894157,1.074737838402362,0.5470176227570692,0.4554401719136208,0.7153023781883959,0.011754882176494817,0.013245426,0.018461376,0.024172510794698104,0.023251745650580462,0.9343950031464466
LPE 18:2;0,LPE,NA,NA,NA,NA,NA,NA,NA,NA,NA,NA,NA,NA
LPE 18:3;0,LPE,NA,NA,NA,NA,NA,NA,NA,NA,NA,NA,NA,NA
LPE 20:0;0,LPE,0.012153297149291916,0.056080535,0.025890119,NA,0.010570528970815339,NA,NA,NA,NA,NA,NA,NA
LPE 20:1;0,LPE,NA,0.023726538968903567,0.020153448204458274,NA,0.016001878147047895,0.023576967,0.003319064,0.003698478,NA,NA,NA,NA
LPE 22:1;0,LPE,NA,NA,NA,NA,NA,NA,NA,NA,NA,NA,NA,NA
LPG 12:1;0,LPG,0.0098346,0.003953026,0.014743458347951755,0.029260675750709834,0.011042621769351108,0.013933594623560763,NA,NA,NA,NA,NA,NA
LPG 14:0;0,LPG,NA,NA,NA,NA,NA,NA,NA,NA,NA,NA,NA,NA
LPG 14:1;0,LPG,NA,NA,NA,NA,NA,NA,NA,NA,NA,NA,NA,NA
LPG 16:0;0,LPG,0.006736899,0.00736338,NA,0.0665896,0.035665295,0.054928351,NA,NA,NA,NA,NA,NA
LPG 16:1;0,LPG,NA,NA,NA,NA,0.010953297560481946,0.015718424,NA,NA,NA,NA,NA,NA
LPG 18:0;0,LPG,NA,NA,NA,NA,NA,NA,NA,NA,NA,NA,NA,NA
LPG 18:1;0,LPG,NA,0.005070705,NA,0.055840626,0.023135218,0.027177411073199435,NA,NA,NA,NA,NA,NA
LPI 10:0;0,LPI,NA,NA,NA,NA,NA,NA,NA,NA,NA,NA,NA,NA
LPI 12:0;0,LPI,NA,0.027778977,NA,0.12947586630936714,0.048332417,0.067112934,NA,NA,NA,NA,NA,NA
LPI 14:0;0,LPI,0.075492487,0.022772685875087934,0.12007852747251323,0.21917074219229488,0.078287774,0.098606373,NA,NA,NA,0.00962506,NA,NA
LPI 14:1;0,LPI,0.060903481,NA,0.10474409451155697,0.121116595,0.053714767,0.075047002,NA,NA,NA,NA,NA,NA
LPI 16:0;0,LPI,0.3633887366685828,0.41313598459172923,0.8021508958680392,3.3666934535239292,1.9951888906985178,2.235801941093569,0.043618466,0.050891325,0.048499756005810225,0.5195689169787919,0.4036679596036599,0.7869537590737322
LPI 16:1;0,LPI,0.090494525,0.06980786,0.19010569577173372,0.49332879656703693,0.2749736857754879,0.3240889934055894,0.021689828956317287,0.029817966,0.033795911,0.086396093,0.054275647,0.285046436
LPI 18:0;0,LPI,0.5407085625288943,0.8669952635197179,0.9822449111154118,9.274875115169325,5.942605167842001,6.982220386819202,NA,NA,NA,0.094762373,0.087761383,0.095571913
LPI 18:1;0,LPI,0.10961215215596395,0.19746929436021646,0.41240107015431354,1.4030179391590405,0.8587055603689896,1.2634660362824675,0.063076754,0.083777887,0.094619613,0.20021584535713777,0.1696201113153205,0.7129372165012591
LPI 18:2;0,LPI,NA,NA,NA,NA,NA,NA,NA,NA,NA,0.024048197768132655,0.014069769500251532,NA
LPI 20:0;0,LPI,NA,NA,NA,NA,NA,NA,NA,NA,NA,NA,NA,NA
LPI 20:1;0,LPI,NA,NA,NA,NA,NA,NA,NA,NA,NA,NA,NA,NA
LPS 10:0;0,LPS,NA,NA,NA,NA,NA,NA,NA,NA,NA,NA,NA,NA
LPS 14:0;0,LPS,NA,NA,NA,NA,NA,NA,NA,NA,NA,NA,NA,NA
LPS 14:1;0,LPS,NA,NA,NA,NA,NA,NA,NA,NA,NA,NA,NA,0.17496531813931981
LPS 15:0;0,LPS,NA,NA,NA,NA,NA,NA,NA,NA,NA,NA,NA,NA
LPS 16:0;0,LPS,0.32199761525529186,0.30282179424149797,0.5449608118636162,1.9401443790007737,0.8188290808849519,0.980136605,0.014372601148610994,0.015508984833987107,0.020472588450949562,0.014223298521388514,0.011573665385507902,0.1880140844284885
LPS 16:1;0,LPS,0.06626289,0.015260933360127354,NA,0.4673259936499835,0.21391824222861236,0.30754464923506375,0.00947711,0.010723771092758587,0.011970201127661466,NA,NA,0.2766210182981056
LPS 18:0;0,LPS,NA,0.033803936047824445,NA,NA,NA,NA,NA,NA,NA,NA,NA,NA
LPS 18:1;0,LPS,0.10143505672214027,0.063239655,0.2960301055179742,1.492097562798753,0.6022774634821049,1.1100682385581717,0.018736487,0.020892447,0.026237018245139045,0.012484665780113412,NA,0.2038069024307861
PA 10:0;0_14:0;0,PA,NA,NA,NA,NA,NA,NA,NA,NA,NA,NA,NA,NA
PA 10:0;0_16:0;0,PA,0.25958088994415146,NA,NA,NA,NA,NA,NA,0.033613919,NA,NA,NA,NA
PA 10:0;0_16:1;0,PA,NA,NA,NA,NA,NA,NA,NA,NA,NA,NA,NA,NA
PA 10:0;0_18:0;0,PA,0.028200832,0.038186169899974455,NA,NA,NA,NA,NA,NA,NA,NA,NA,NA
PA 10:0;0_18:1;0,PA,NA,NA,NA,NA,NA,NA,NA,NA,NA,NA,NA,NA
PA 10:0;0_22:1;0,PA,NA,NA,NA,NA,NA,NA,NA,0.012455564531211225,NA,NA,NA,NA
PA 12:0;0_12:0;0,PA,NA,NA,NA,NA,NA,NA,NA,NA,NA,NA,NA,NA
PA 12:0;0_14:0;0,PA,NA,NA,NA,NA,NA,NA,NA,NA,NA,NA,NA,NA
PA 12:0;0_16:0;0,PA,0.28442799372396876,0.37109353498185293,0.3437392292048389,0.060757242800730533,NA,0.066602435,0.029001513018885847,NA,NA,NA,0.012340112997245323,NA
PA 12:0;0_16:1;0,PA,NA,NA,NA,NA,NA,NA,NA,0.032486180770539365,NA,0.056097738,0.057930245,NA
PA 12:0;0_18:0;0,PA,0.015949324544684652,NA,NA,NA,NA,NA,NA,NA,NA,NA,NA,NA
PA 12:0;0_18:1;0,PA,0.029668488399243804,0.029320114346436655,0.03880348,NA,NA,NA,0.02083269,0.01676613,NA,0.017331481,0.023891842653335802,NA
PA 12:1;0_16:0;0,PA,NA,NA,NA,NA,NA,NA,NA,NA,NA,NA,0.023518479,NA
PA 12:1;0_16:1;0,PA,NA,NA,NA,NA,NA,NA,NA,NA,NA,0.013697027,0.019390877251281396,NA
PA 13:0;0_18:1;0,PA,NA,NA,NA,NA,NA,NA,NA,NA,NA,NA,NA,NA
PA 14:0;0_14:0;0,PA,0.007501084,0.010690519759216924,0.013117506693747342,NA,NA,NA,NA,NA,NA,0.016095854309539307,0.005287575,NA
PA 14:0;0_14:1;0,PA,NA,NA,NA,NA,NA,NA,NA,NA,NA,NA,NA,NA
PA 14:0;0_16:0;0,PA,0.078374543,0.10617005355270308,0.07651915,NA,NA,NA,NA,NA,NA,NA,NA,NA
PA 14:0;0_16:1;0,PA,0.03546266,0.035184078,0.039035426185410414,NA,NA,NA,0.059131209,0.050405678,0.034514849,0.049029325834733274,0.058965028606944615,0.025344403
PA 14:0;0_17:1;0,PA,NA,NA,NA,NA,NA,NA,NA,NA,NA,NA,NA,NA
PA 14:0;0_18:0;0,PA,NA,0.019268987500525248,0.016524153489812003,NA,NA,NA,NA,NA,NA,NA,NA,NA
PA 14:0;0_18:1;0,PA,0.19972763088811163,0.22679141450789328,0.21452136780014783,NA,0.11203929089693992,0.17781319556936964,0.2308071141768575,0.21199552511884098,0.14113149703370273,0.16510667478389549,0.20007339194335488,0.1150767454151145
PA 14:0;0_18:2;0,PA,NA,NA,NA,NA,NA,NA,NA,0.009822173,NA,0.031835222,0.026999089,0.013633054447233539
PA 14:1;0_16:0;0,PA,0.033921642787508186,0.031742159,NA,NA,NA,NA,0.058245861064318734,0.054309139,0.030469177343488592,0.060084421,0.070130963,0.045045051
PA 14:1;0_16:1;0,PA,NA,NA,NA,NA,NA,NA,0.052100116,0.060966578,0.029545564223547167,0.073304529,0.077885296,NA
PA 14:1;0_18:0;0,PA,0.030098672404589393,NA,NA,NA,NA,NA,NA,NA,NA,NA,0.011969827140487844,NA
PA 14:1;0_18:1;0,PA,NA,0.08551855,NA,NA,NA,NA,0.046002842857387864,0.042888906080010475,0.024825408977637714,0.039098678,0.047764875,0.033700174
PA 14:1;0_18:2;0,PA,NA,NA,NA,NA,NA,NA,NA,NA,NA,0.00640502,0.005028917,NA
PA 15:0;0_16:1;0,PA,0.017861709,0.014324535779219126,NA,NA,NA,NA,NA,0.017489015,NA,0.011680160189566531,0.009752053,NA
PA 15:0;0_17:1;0,PA,NA,NA,NA,NA,NA,NA,NA,NA,NA,NA,NA,NA
PA 15:0;0_18:1;0,PA,NA,NA,NA,NA,NA,NA,0.022579476445092214,0.02489032,0.011876219693039244,0.023475656461508725,0.025747405,NA
PA 15:1;0_16:0;0,PA,NA,NA,NA,NA,NA,NA,NA,NA,NA,NA,NA,NA
PA 15:1;0_18:1;0,PA,NA,NA,NA,NA,NA,NA,NA,0.016926159708092015,NA,0.016638834321764048,0.019434430274339165,NA
PA 16:0;0_16:0;0,PA,0.068530140257201555,0.073507889,0.063353067,NA,0.058767784,NA,NA,NA,NA,NA,NA,NA
PA 16:0;0_16:1;0,PA,0.783498752,0.9022271096511045,0.7611957646794006,0.4527405460613206,0.40688739124757223,0.4036788370975794,1.2117944700120058,1.2200927560360764,0.5579929129590695,1.3496670348009798,1.424602456209269,0.8406401766041836
PA 16:0;0_16:2;0,PA,NA,NA,NA,NA,NA,NA,NA,NA,NA,0.012355089009950101,0.015001269288548941,NA
PA 16:0;0_17:1;0,PA,NA,NA,NA,NA,NA,NA,0.030131438,0.037081164698081794,0.014185107147170263,0.043424463410045834,0.063892486,0.054983421
PA 16:0;0_18:0;0,PA,NA,0.099239284,NA,0.095821543,0.070066479,0.11681731515785217,NA,NA,NA,NA,NA,NA
PA 16:0;0_18:1;0,PA,2.0566655411049592,2.2624857370774474,2.0015413860660796,1.1808093378784845,1.3873294761087014,1.4233264606759901,6.232015681721906,5.864980932607504,3.1377718038061704,4.903966619553156,5.959801043874483,3.441022193869104
PA 16:0;0_18:2;0,PA,NA,NA,NA,NA,NA,NA,0.20800228583410732,0.22046678741538286,0.11028623638242581,0.7172724158490282,0.5802626836475404,0.38752041647181057
PA 16:0;0_18:3;0,PA,NA,NA,NA,NA,NA,NA,NA,NA,NA,0.14877899979578482,0.12417345931506577,0.12380110959669255
PA 16:0;0_19:1;0,PA,NA,NA,NA,NA,NA,NA,NA,NA,NA,NA,NA,NA
PA 16:1;0_16:1;0,PA,0.16202468014132787,0.13009778971838803,0.15608378312252644,0.14190091000094093,0.11770923986490843,0.17250045235697647,1.5436809554366029,1.750589453269238,0.763817822,1.9899245470571263,2.062352896269379,1.307776186571385
PA 16:1;0_16:2;0,PA,NA,NA,NA,NA,NA,NA,NA,NA,NA,0.020805150945580542,0.020256002,NA
PA 16:1;0_17:0;0,PA,NA,NA,NA,NA,NA,NA,NA,NA,NA,0.009101468,NA,NA
PA 16:1;0_17:1;0,PA,NA,NA,NA,NA,NA,NA,0.062083535,0.051819366,0.034149246,0.091177768,0.099569653,0.074394062
PA 16:1;0_18:0;0,PA,0.17211612484839295,0.17742301297923718,0.19075663297947237,0.1513946947704614,0.10551979057280177,0.18012286990034204,NA,NA,NA,0.2856808963767753,0.3256592966843303,0.24110780970731113
PA 16:1;0_18:1;0,PA,0.6553665850867483,0.7860580740754017,0.634024676,0.4126112765696114,0.45247549167224815,0.5004197622879959,4.434175935,4.850362566167642,2.403454211,6.074241035346794,6.854494087953757,4.7756363363447605
PA 16:1;0_18:2;0,PA,NA,NA,NA,NA,NA,NA,0.14315309895604006,0.15676700081561876,0.086477168,0.607261921,0.49849945881645713,0.196927566
PA 16:1;0_18:3;0,PA,NA,NA,NA,NA,NA,NA,NA,0.036907667,NA,0.1686790659459135,0.128930303,0.071066256
PA 16:1;0_19:1;0,PA,NA,NA,NA,NA,NA,NA,NA,NA,NA,NA,NA,NA
PA 16:1;0_20:0;0,PA,NA,NA,NA,NA,NA,NA,NA,NA,0.00829866,0.042529603569422446,0.047273951,NA
PA 16:1;0_20:1;0,PA,NA,NA,NA,NA,NA,NA,0.12080388409286452,0.11409484071074082,NA,0.12998810286576798,0.15595401335122783,NA
PA 16:1;0_26:0;0,PA,NA,NA,NA,NA,NA,NA,NA,NA,NA,0.019766050632780346,0.027070240869044433,NA
PA 16:2;0_18:1;0,PA,NA,NA,NA,NA,NA,NA,0.080912484,0.074332616,0.040962355322129745,0.057732593,0.065877356,0.090822377
PA 17:0;0_17:0;0,PA,NA,NA,NA,NA,NA,NA,NA,NA,NA,NA,NA,NA
PA 17:0;0_17:1;0,PA,NA,NA,NA,NA,NA,NA,NA,NA,NA,NA,NA,NA
PA 17:0;0_18:1;0,PA,NA,NA,NA,NA,NA,NA,NA,NA,NA,0.016741526459345124,0.015685067551706556,NA
PA 17:0;0_19:1;0,PA,NA,NA,NA,NA,NA,NA,NA,NA,NA,NA,NA,NA
PA 17:1;0_17:1;0,PA,NA,NA,NA,NA,NA,NA,NA,NA,NA,NA,NA,NA
PA 17:1;0_18:0;0,PA,NA,NA,NA,NA,NA,NA,NA,NA,NA,NA,0.003326514,NA
PA 17:1;0_18:1;0,PA,NA,NA,NA,NA,NA,NA,0.041138396816712997,0.052707374487274056,0.024384792263425152,0.10891329331117357,0.14224506526661612,0.085241166
PA 17:1;0_18:2;0,PA,NA,NA,NA,NA,NA,NA,NA,NA,NA,0.010717597863250133,0.010386634402531505,NA
PA 17:1;0_19:1;0,PA,NA,NA,NA,NA,NA,NA,NA,NA,NA,NA,NA,NA
PA 17:2;0_18:1;0,PA,NA,NA,NA,NA,NA,NA,NA,NA,NA,0.007344506,0.006272796,NA
PA 18:0;0_18:0;0,PA,0.061192503,0.054064548053753096,0.12787192211249487,0.065307996,NA,0.073711162,NA,NA,NA,NA,NA,NA
PA 18:0;0_18:1;0,PA,0.16001525385836748,0.17584112135124838,0.19889970534716608,0.072086371,0.085491485,0.094972984,0.10739763343126389,0.080590658,0.044305666946491726,0.2150703427896429,0.2763576491031921,0.16344848464094922
PA 18:0;0_18:2;0,PA,NA,NA,NA,NA,NA,NA,0.019401219221334098,0.017794416,NA,0.048560278,0.043278607,0.043587205
PA 18:0;0_18:3;0,PA,NA,NA,NA,NA,NA,NA,NA,0.009861816,0.005822292,0.03311054,0.028427544563288602,0.031693291
PA 18:0;0_19:1;0,PA,NA,NA,NA,NA,NA,NA,NA,NA,NA,NA,NA,NA
PA 18:1;0_18:1;0,PA,0.11858442347878755,0.12712001666988593,0.1284356766782865,NA,0.04753986,NA,0.30333264513650043,0.3195085738251943,0.2651987607652635,0.3763207481467577,0.5070253864341527,0.3797137332787685
PA 18:1;0_18:2;0,PA,NA,NA,NA,NA,NA,NA,0.15060747927694984,0.12104564328955028,0.087572093,0.30057721227045386,0.2754393183847619,0.14456982451637568
PA 18:1;0_18:3;0,PA,NA,NA,NA,NA,NA,NA,0.036129292,0.040865503,NA,0.13763249036997713,0.12026354513406526,0.070213737
PA 18:1;0_20:1;0,PA,NA,NA,NA,NA,NA,NA,NA,NA,NA,NA,0.026259012,NA
PA 18:1;0_26:0;0,PA,NA,NA,NA,NA,NA,NA,NA,NA,NA,0.066706577,0.087794126,NA
PA 18:2;0_18:2;0,PA,NA,NA,NA,NA,NA,NA,0.005301803,0.006120088,NA,0.048604455,0.029986733905841386,0.010108201548317399
PA 18:2;0_18:3;0,PA,NA,NA,NA,NA,NA,NA,NA,NA,NA,0.042540647,0.034761055,NA
PA 19:1;0_19:1;0,PA,NA,NA,NA,NA,NA,NA,NA,NA,NA,NA,NA,NA
PC 10:0;0_12:0;0,PC,NA,NA,NA,NA,NA,NA,NA,NA,NA,NA,NA,NA
PC 10:0;0_14:0;0,PC,NA,NA,NA,NA,NA,NA,NA,NA,NA,NA,NA,NA
PC 10:0;0_15:0;0,PC,NA,NA,NA,NA,NA,NA,NA,NA,NA,NA,NA,NA
PC 10:0;0_16:0;0,PC,NA,0.087517941,NA,NA,NA,NA,NA,NA,NA,NA,NA,NA
PC 10:0;0_16:1;0,PC,NA,NA,NA,NA,NA,NA,NA,NA,NA,NA,NA,NA
PC 10:0;0_18:0;0,PC,NA,NA,NA,NA,NA,NA,NA,NA,NA,NA,NA,NA
PC 10:0;0_18:1;0,PC,NA,NA,NA,NA,NA,NA,NA,NA,NA,NA,0.012071434004425745,NA
PC 10:1;0_16:0;0,PC,NA,NA,NA,NA,NA,NA,NA,NA,NA,NA,NA,NA
PC 10:1;0_16:1;0,PC,NA,NA,NA,NA,NA,NA,NA,NA,NA,NA,NA,NA
PC 12:0;0_12:0;0,PC,NA,NA,NA,NA,NA,NA,NA,NA,NA,NA,NA,NA
PC 12:0;0_13:1;0,PC,NA,NA,NA,NA,NA,NA,NA,NA,NA,NA,NA,NA
PC 12:0;0_14:0;0,PC,0.058738674509184435,0.075773981,0.12896408468483045,NA,NA,NA,NA,NA,NA,NA,NA,NA
PC 12:0;0_14:1;0,PC,NA,NA,NA,NA,NA,NA,NA,NA,NA,NA,NA,NA
PC 12:0;0_16:0;0,PC,0.44380524010086214,0.9107145883200911,0.8123025192227616,0.066911248,0.078492093,0.085919134,0.025845872,0.019516077689697233,NA,0.020775282888906794,0.022002818990414136,NA
PC 12:0;0_16:1;0,PC,0.1792771483361648,0.2797997318776362,0.2537595197251113,0.06665092,0.077353533,0.085398439,0.041114038042009436,0.022141188497994277,0.046874348733740114,0.034927989991939155,0.046930008,0.020659975
PC 12:0;0_17:1;0,PC,NA,NA,NA,NA,NA,NA,NA,NA,NA,NA,NA,NA
PC 12:0;0_18:0;0,PC,0.059846567,0.065563554,0.10515722507667119,NA,NA,NA,NA,NA,NA,NA,NA,NA
PC 12:0;0_18:1;0,PC,0.22065192504087175,0.17775553072207823,0.20240966948690683,NA,NA,0.098840908,NA,NA,NA,NA,NA,NA
PC 12:0;0_18:2;0,PC,NA,NA,NA,NA,NA,NA,NA,NA,NA,0.1351180372482616,0.035395512683983534,NA
PC 12:1;0_16:0;0,PC,NA,NA,NA,NA,NA,NA,NA,0.017993989,NA,0.022791773796928927,0.026252364,0.015670316
PC 12:1;0_16:1;0,PC,NA,NA,NA,NA,NA,NA,NA,0.7065554121786252,0.8200714150669696,0.28442366971016986,0.27798257216775635,NA
PC 12:1;0_18:0;0,PC,NA,NA,NA,NA,NA,NA,NA,NA,NA,NA,NA,NA
PC 12:1;0_18:1;0,PC,NA,NA,NA,NA,NA,NA,NA,NA,NA,NA,1.2572107149581613,NA
PC 13:0;0_16:0;0,PC,NA,NA,NA,NA,NA,NA,NA,NA,NA,NA,NA,NA
PC 13:0;0_16:1;0,PC,NA,NA,NA,NA,NA,NA,NA,NA,NA,NA,NA,NA
PC 13:0;0_17:0;0,PC,NA,NA,NA,NA,NA,NA,NA,NA,NA,NA,NA,NA
PC 13:0;0_18:1;0,PC,NA,NA,NA,NA,NA,NA,NA,NA,NA,NA,NA,NA
PC 14:0;0_14:0;0,PC,0.039353267084541114,0.07343864,0.060099322,NA,NA,NA,0.005820311,0.005835694,0.023780253010357424,0.012353514638466567,0.013495802528515134,NA
PC 14:0;0_14:1;0,PC,NA,NA,NA,NA,NA,NA,0.011527330974923752,0.008336663,NA,0.031249615119504352,0.037989236,0.014742298005014795
PC 14:0;0_15:0;0,PC,NA,NA,NA,NA,NA,NA,NA,NA,NA,NA,NA,NA
PC 14:0;0_15:1;0,PC,NA,NA,NA,NA,NA,NA,NA,NA,NA,NA,NA,NA
PC 14:0;0_16:0;0,PC,0.27767870592779154,0.4037814680467491,0.4162917051131811,NA,0.092564133,NA,NA,NA,NA,NA,NA,NA
PC 14:0;0_16:1;0,PC,0.4512113419067143,0.5661736792623582,0.607391249,0.12545425157541348,0.18479825884331214,0.09552682,NA,NA,NA,NA,NA,NA
PC 14:0;0_17:1;0,PC,NA,0.03247816,NA,NA,NA,NA,NA,NA,0.020304950857177033,0.025651097767207767,0.028331281,NA
PC 14:0;0_18:0;0,PC,NA,NA,NA,NA,NA,NA,NA,NA,NA,NA,NA,NA
PC 14:0;0_18:1;0,PC,1.201105662683372,1.3695816238696294,1.043241764190297,0.2565488649801952,0.31854479084714526,0.2972798926563413,0.34899942814709867,0.3236878493689792,0.304407655,0.40164851048676037,0.48933094360673435,0.32642864493517865
PC 14:0;0_18:2;0,PC,NA,NA,NA,NA,NA,NA,0.030832607,0.03196272,0.049959662,0.087303172,0.082070454,0.065470156
PC 14:0;0_18:3;0,PC,NA,NA,NA,NA,NA,NA,NA,NA,NA,0.033697556,0.037654403,NA
PC 14:0;0_19:1;0,PC,NA,NA,NA,NA,NA,NA,NA,NA,NA,NA,NA,NA
PC 14:0;0_20:1;0,PC,NA,0.018575481,NA,NA,NA,NA,NA,NA,NA,NA,NA,NA
PC 14:1;0_14:1;0,PC,NA,NA,NA,NA,NA,NA,NA,NA,NA,0.012108297867090698,NA,NA
PC 14:1;0_15:0;0,PC,NA,NA,NA,NA,NA,NA,NA,NA,NA,NA,NA,NA
PC 14:1;0_16:0;0,PC,0.22788811278512275,0.3519180576695917,0.2365066516313526,0.098428348,0.13192577992236787,0.072883914,NA,NA,NA,NA,NA,NA
PC 14:1;0_16:1;0,PC,0.058473504,0.083474225,0.084344502,0.031127199,0.058320425,0.03564116,5.204369746589026,5.751070371537441,6.322310641333158,1.578096219317332,0.5517034248241885,0.8048380597302096
PC 14:1;0_17:1;0,PC,NA,NA,NA,NA,NA,NA,NA,0.009485286,NA,0.008038539,0.010076618979346284,NA
PC 14:1;0_18:0;0,PC,0.2741529078671562,0.6667728219270324,0.19872051316077657,0.064281884,0.10399812647405444,0.09914237,0.020734511178313163,0.021862925050055153,0.020131618,0.036842729,0.037226999822597494,0.04276
PC 14:1;0_18:1;0,PC,0.38825872924892363,0.4978017832407698,0.3857405070055198,0.2766162898407387,0.2879354005726883,0.33230919850496426,0.12615946993728916,0.15223257389258804,0.1634841288977308,0.1077162286860776,0.1345254474914365,0.1261840658734953
PC 14:1;0_18:2;0,PC,NA,NA,NA,NA,NA,NA,0.027695360582551756,NA,NA,0.02785488,0.027817705,NA
PC 14:1;0_19:0;0,PC,NA,NA,NA,NA,NA,NA,NA,NA,NA,NA,NA,NA
PC 14:1;0_19:1;0,PC,NA,NA,NA,NA,NA,NA,NA,NA,NA,NA,NA,NA
PC 14:1;0_26:0;0,PC,NA,NA,NA,NA,NA,NA,NA,NA,NA,0.028025485852204407,NA,NA
PC 15:0;0_15:0;0,PC,NA,NA,NA,NA,NA,NA,NA,NA,NA,NA,NA,NA
PC 15:0;0_16:1;0,PC,0.11299545925608541,0.1264727334437495,0.14580092387310972,NA,0.08758579,NA,NA,0.083711155,0.079445387,NA,0.074918824,0.074150221
PC 15:0;0_17:0;0,PC,NA,NA,NA,NA,NA,NA,NA,NA,NA,NA,NA,NA
PC 15:0;0_17:1;0,PC,NA,NA,NA,NA,NA,NA,NA,NA,NA,NA,NA,NA
PC 15:0;0_18:1;0,PC,0.044721012,0.039212337,NA,0.025514594582746568,0.029199764995118976,0.023925839,0.10977157143057922,0.063950895,0.10031041347485885,0.080532735,0.096357474,NA
PC 15:0;0_18:2;0,PC,NA,NA,NA,NA,NA,NA,NA,NA,NA,NA,NA,NA
PC 15:0;0_19:1;0,PC,NA,NA,NA,NA,NA,NA,NA,NA,NA,NA,NA,NA
PC 15:1;0_15:1;0,PC,NA,NA,NA,NA,NA,NA,NA,NA,NA,NA,NA,NA
PC 15:1;0_16:0;0,PC,0.5308141900937133,0.7584123105126939,0.5364704869645125,NA,0.6685431711513731,NA,NA,NA,NA,NA,0.040946105,NA
PC 15:1;0_16:1;0,PC,NA,NA,NA,NA,0.033377355,NA,0.1836194030721223,0.19309065208813073,0.21632679596369286,0.12568417659590064,0.12493298632813399,NA
PC 15:1;0_17:0;0,PC,NA,NA,NA,NA,NA,NA,NA,NA,NA,NA,NA,NA
PC 15:1;0_18:0;0,PC,0.015533812267990142,0.012464675279693244,0.015872726961316874,NA,NA,0.009848656,NA,NA,NA,NA,NA,NA
PC 15:1;0_18:1;0,PC,NA,0.024251468176306735,0.021293372,NA,NA,NA,0.2654654544441559,0.29646691001931746,0.305064935,0.2097371419525561,NA,0.18076244238697098
PC 16:0;0_16:0;0,PC,NA,NA,NA,NA,NA,NA,NA,NA,NA,NA,NA,NA
PC 16:0;0_16:1;0,PC,11.304447333489867,7.4740664244698705,8.084955984,1.6058226270098719,2.2203199893296492,1.938457651977392,1.3220977327080332,1.4209256649259605,1.2023248241868765,1.7817590782597617,1.7741653528782917,1.4959410892002925
PC 16:0;0_16:2;0,PC,NA,0.12261902598636108,NA,NA,NA,NA,NA,0.009394409,NA,0.02032038,0.017705955,0.012846874
PC 16:0;0_17:1;0,PC,0.045562102,0.035117118,0.054987678,NA,0.019376827977098623,0.032874016819491335,0.052703607,0.026362337414568913,0.041419518,0.04767176,0.057109906,0.026100315179981636
PC 16:0;0_18:0;0,PC,NA,NA,NA,NA,NA,NA,NA,NA,NA,NA,NA,NA
PC 16:0;0_18:1;0,PC,8.042743535305862,5.491415325230864,5.334288889029777,0.7627826792450348,1.6268505148830092,0.9743433503667855,3.229634112977131,3.391173410057346,2.9395042535140834,4.091213473575398,4.675914599003024,3.3991893410449094
PC 16:0;0_18:2;0,PC,0.10490365581829159,NA,NA,NA,NA,NA,0.1845845446429024,0.2051211008265256,0.1767224086377785,0.7287589651933124,0.6480909114430498,0.47529272021172375
PC 16:0;0_18:3;0,PC,NA,NA,NA,NA,NA,NA,0.036774038742195043,0.04047649,0.038434575,0.1406117558281629,0.10020681677721267,0.071059928
PC 16:0;0_19:1;0,PC,NA,NA,NA,NA,NA,NA,NA,NA,NA,NA,NA,NA
PC 16:0;0_19:2;0,PC,NA,NA,NA,NA,NA,NA,NA,NA,NA,NA,NA,NA
PC 16:0;0_20:1;0,PC,0.024674889,0.020014602547019422,NA,NA,NA,NA,NA,NA,NA,NA,0.023884407003139135,NA
PC 16:1;0_16:1;0,PC,5.724242163981981,3.353036804053443,3.545214270881938,2.6871041725086693,3.451275617522289,2.5540759805159623,4.434101219379003,5.231959452061902,5.424467826136714,3.075800578003075,3.1869922689850485,2.7480950751136763
PC 16:1;0_16:2;0,PC,NA,NA,NA,NA,NA,NA,0.085681983,0.15361338186130344,0.1615374779087144,0.069737074,0.059374212,0.087388842
PC 16:1;0_17:0;0,PC,0.045060193,0.040622811861095086,0.053235364,0.043699183,0.030202423787155225,NA,NA,0.08149226,NA,0.11295708559520949,0.1152541088495257,0.1572418473160803
PC 16:1;0_17:1;0,PC,0.070279141,0.023461728249651693,0.025902760670753793,0.053486869,0.05418518,0.044150154,0.28538954273562384,0.3401676964494046,0.33171042787630955,0.30037040505448825,0.5792679975249677,0.28757272768341874
PC 16:1;0_17:2;0,PC,NA,NA,NA,NA,NA,NA,NA,NA,NA,0.064194247,NA,NA
PC 16:1;0_18:0;0,PC,5.532759249808993,3.878738914831767,4.169964000397998,1.5668606921430477,1.8614180811516106,2.0122854201432494,NA,NA,NA,NA,NA,NA
PC 16:1;0_18:1;0,PC,14.04422856418313,8.365365218203076,8.583624602645433,5.593536619582454,8.897504373225422,5.847194257482009,11.301470173193835,13.196984902951819,13.398644381112785,8.205831769,9.592318014923197,8.075184897
PC 16:1;0_18:2;0,PC,NA,NA,NA,NA,NA,NA,0.5081633670038468,0.6490884298144087,0.571251642,1.3419944544243703,1.1270642436777243,0.8969622898990103
PC 16:1;0_18:3;0,PC,NA,NA,NA,NA,NA,NA,0.11111251531676658,0.12109483371454859,0.1338253484581686,0.32768621182367264,0.2480322697128036,0.20603201980349306
PC 16:1;0_19:1;0,PC,NA,NA,NA,NA,NA,NA,NA,NA,NA,NA,NA,NA
PC 16:1;0_20:0;0,PC,0.15476792513661422,0.094668758,NA,NA,NA,NA,NA,NA,NA,NA,NA,NA
PC 16:1;0_20:1;0,PC,0.10937050962502629,0.090688861,0.089981644,NA,0.04256407,NA,0.10069911261030158,0.12451931809876333,0.10764644798783797,0.12530442466306907,0.1474300578737093,0.157636094
PC 16:1;0_20:2;0,PC,NA,NA,NA,NA,NA,NA,NA,NA,NA,0.021025388023110363,0.021024638989053518,NA
PC 16:1;0_20:3;0,PC,NA,NA,NA,NA,NA,NA,NA,NA,NA,NA,NA,NA
PC 16:1;0_20:4;0,PC,NA,NA,NA,NA,NA,NA,NA,NA,NA,NA,NA,NA
PC 16:1;0_22:0;0,PC,NA,NA,NA,NA,NA,NA,NA,NA,NA,NA,NA,NA
PC 16:1;0_24:0;0,PC,NA,NA,NA,NA,NA,NA,NA,NA,NA,NA,NA,NA
PC 16:1;0_25:0;0,PC,NA,NA,NA,NA,NA,NA,NA,NA,NA,NA,0.029348088230643013,NA
PC 16:1;0_26:0;0,PC,0.18840037124452433,0.078711685,0.063772981,NA,NA,NA,0.025989287,0.015501496977486857,NA,0.20615980920137722,0.29523383925306107,0.17894646525376065
PC 16:1;0_26:1;0,PC,NA,NA,NA,NA,NA,NA,NA,NA,NA,0.034540952,0.060524215,NA
PC 16:2;0_18:1;0,PC,NA,NA,NA,NA,NA,NA,0.057637896425969955,0.072164626,0.072813502,0.096160127,0.092287782,0.076507864
PC 16:2;0_18:2;0,PC,NA,NA,NA,NA,NA,NA,NA,NA,NA,0.01588457,0.010287784910769501,NA
PC 17:0;0_17:0;0,PC,NA,NA,NA,NA,NA,NA,NA,NA,NA,NA,NA,NA
PC 17:0;0_17:1;0,PC,NA,NA,NA,NA,NA,NA,NA,NA,NA,NA,NA,NA
PC 17:0;0_18:1;0,PC,NA,NA,NA,NA,NA,NA,0.033728758,0.037212399015859494,NA,0.090425783,0.1065422937930216,0.089017938
PC 17:0;0_18:2;0,PC,NA,NA,NA,NA,NA,NA,NA,NA,NA,NA,NA,NA
PC 17:1;0_17:1;0,PC,NA,0.006336643,0.013113923,0.015241219001958241,0.020598999,0.017918599371678674,NA,NA,NA,0.007232178,NA,0.009098134
PC 17:1;0_18:0;0,PC,NA,NA,NA,NA,NA,NA,NA,NA,NA,0.013210893740816385,0.017985761929397354,NA
PC 17:1;0_18:1;0,PC,NA,NA,NA,NA,0.029581995826842483,NA,0.21960775982886938,0.2710996030529565,0.2665453977731881,0.3314179330645435,0.4498083959578919,0.327189197
PC 17:1;0_18:2;0,PC,NA,NA,NA,NA,NA,NA,0.025885642,0.032990609,0.029311570321493504,0.1002812370305809,0.089804847,0.072453371
PC 17:1;0_18:3;0,PC,NA,NA,NA,NA,NA,NA,NA,NA,NA,0.035377534948130875,NA,NA
PC 17:1;0_19:1;0,PC,NA,NA,NA,NA,NA,NA,NA,NA,NA,NA,NA,NA
PC 17:1;0_20:1;0,PC,NA,NA,NA,NA,NA,NA,NA,NA,NA,NA,0.006251327,NA
PC 18:0;0_18:0;0,PC,NA,NA,NA,NA,NA,NA,NA,NA,NA,NA,NA,NA
PC 18:0;0_18:1;0,PC,2.2488352777739307,1.551329619031571,1.6852287731828692,0.37855121015162696,0.4290946908512277,0.44461870411503496,0.3344764255209922,0.3220838460616907,0.26115191842281016,1.5245502321577273,1.838613235210409,1.2957404186953643
PC 18:0;0_18:2;0,PC,0.034268175,0.020165037,NA,NA,NA,NA,NA,NA,NA,0.2631777756344267,0.2267108055929184,0.16941352181952576
PC 18:0;0_18:3;0,PC,NA,NA,NA,NA,NA,NA,NA,0.016068604,0.015822248,0.064484232,0.052100464,NA
PC 18:0;0_20:1;0,PC,NA,NA,NA,NA,NA,NA,NA,NA,NA,NA,NA,NA
PC 18:0;0_22:1;0,PC,NA,NA,NA,NA,NA,NA,NA,NA,NA,NA,NA,NA
PC 18:1;0_18:1;0,PC,1.8824353621742507,1.0901762084384239,1.0793535561037915,0.4790544710822931,0.5612758761563639,0.5566140373410239,1.9024735015829852,2.2657283726947823,2.2519762577375286,1.9913016490605888,2.50789713,2.2980093927834444
PC 18:1;0_18:2;0,PC,NA,NA,NA,NA,NA,NA,0.3946190169948552,0.4389825989289301,0.39947655379781577,0.9483780840562438,0.8383694488846619,0.8063904781947661
PC 18:1;0_18:3;0,PC,NA,NA,NA,NA,NA,NA,0.14942933406335127,0.16205103345193725,0.14931484,0.4176234609574913,0.3512198457458923,0.30722198738683315
PC 18:1;0_19:1;0,PC,NA,NA,NA,NA,NA,NA,NA,NA,NA,NA,0.028498943,NA
PC 18:1;0_20:1;0,PC,0.073261346,0.054981400733538736,NA,NA,NA,NA,0.14060070582722353,0.17671434750358891,0.16715088589872862,0.18724907025677262,0.23525471865238437,0.21672313483132397
PC 18:1;0_20:2;0,PC,NA,NA,NA,NA,NA,NA,NA,0.012981718637701091,NA,0.031025196,0.023425563009487477,0.027887479
PC 18:1;0_20:3;0,PC,NA,NA,NA,NA,NA,NA,NA,NA,NA,NA,NA,NA
PC 18:1;0_20:4;0,PC,NA,NA,NA,NA,NA,NA,NA,NA,NA,NA,NA,NA
PC 18:1;0_24:0;0,PC,NA,NA,NA,NA,NA,NA,NA,0.013638145110783052,NA,0.028355183,NA,NA
PC 18:1;0_26:0;0,PC,NA,0.047304046,NA,NA,NA,NA,NA,NA,NA,NA,NA,NA
PC 18:2;0_18:2;0,PC,NA,NA,NA,NA,NA,NA,0.019431044714336335,0.022995729,0.018825472,0.12229343661586829,0.075743348,0.067637195
PC 18:2;0_18:3;0,PC,NA,NA,NA,NA,NA,NA,NA,NA,NA,0.084302757,0.056669701,0.045147057
PC 18:2;0_20:1;0,PC,NA,NA,NA,NA,NA,NA,NA,0.008093172,NA,0.024526647114125513,0.021508177561501727,0.019448093445009904
PC 19:1;0_19:1;0,PC,NA,NA,NA,NA,NA,NA,NA,NA,NA,NA,NA,NA
PE 10:0;0_16:0;0,PE,NA,0.016873323531638024,NA,NA,NA,NA,NA,NA,NA,NA,NA,NA
PE 10:0;0_16:1;0,PE,NA,NA,NA,NA,NA,NA,NA,NA,NA,NA,NA,NA
PE 10:0;0_18:0;0,PE,NA,NA,NA,NA,NA,NA,NA,NA,NA,NA,NA,NA
PE 10:0;0_18:1;0,PE,NA,0.009837795,NA,NA,NA,NA,NA,NA,NA,NA,0.001223503,NA
PE 10:1;0_16:0;0,PE,NA,NA,NA,NA,NA,NA,NA,NA,NA,NA,NA,NA
PE 10:1;0_18:0;0,PE,NA,NA,NA,NA,NA,NA,NA,NA,NA,5.565124490400555e-4,NA,NA
PE 12:0;0_14:0;0,PE,0.015465862229967037,0.014318668,0.033860241,NA,NA,NA,NA,NA,NA,NA,NA,NA
PE 12:0;0_15:0;0,PE,NA,NA,NA,NA,NA,NA,NA,NA,NA,NA,NA,NA
PE 12:0;0_16:0;0,PE,0.065122815,0.1265794655118556,0.14222751847150492,NA,NA,NA,NA,NA,NA,NA,NA,NA
PE 12:0;0_16:1;0,PE,0.050561092,0.054125501,0.065072927,NA,NA,NA,NA,NA,NA,0.006860416,0.00593912,0.005450132
PE 12:0;0_18:0;0,PE,NA,0.015847301397858265,0.015434066619709464,NA,NA,NA,NA,NA,NA,NA,NA,NA
PE 12:0;0_18:1;0,PE,0.018309375,0.024990502858943855,0.023499504517608356,NA,0.009363951,0.010417787627442998,0.006212231,0.007250149,0.004550726,0.006479043,0.005962435,0.00620571
PE 12:0;0_18:2;0,PE,NA,NA,NA,NA,NA,NA,7.133197317017258e-4,0.001298881,NA,0.002035255,0.001415801,NA
PE 12:1;0_16:0;0,PE,NA,NA,NA,NA,NA,NA,NA,NA,NA,0.006682173,0.005814838,NA
PE 12:1;0_18:0;0,PE,NA,NA,NA,NA,NA,NA,NA,NA,0.00425714,NA,NA,NA
PE 12:1;0_18:1;0,PE,NA,NA,NA,NA,NA,NA,0.008944036,0.007434225,0.007499393,0.008929922,0.00953643,NA
PE 13:0;0_18:1;0,PE,NA,NA,NA,NA,NA,NA,NA,NA,NA,NA,NA,NA
PE 13:1;0_17:0;0,PE,NA,NA,NA,NA,NA,NA,NA,NA,0.001157408,NA,NA,NA
PE 14:0;0_14:0;0,PE,0.005300152,0.00831151,0.010295496395062586,NA,NA,NA,NA,NA,NA,NA,NA,NA
PE 14:0;0_14:1;0,PE,NA,NA,NA,NA,NA,NA,NA,NA,NA,0.004708474,0.004435229,0.007979695
PE 14:0;0_15:1;0,PE,NA,NA,NA,NA,NA,NA,NA,NA,NA,NA,NA,NA
PE 14:0;0_16:0;0,PE,0.034243505618715385,0.040381007,0.050032479,NA,NA,NA,NA,NA,NA,NA,NA,0.015738889548123393
PE 14:0;0_16:1;0,PE,0.089183063,0.1168291861595883,0.13623196970706647,0.046771631,0.026545656,0.021438548028063838,0.02903954,0.024642405519824585,0.023472318833583652,0.018663855378271497,0.015841232725892856,0.011926004860416844
PE 14:0;0_17:1;0,PE,NA,0.002998972,NA,NA,NA,NA,NA,NA,NA,NA,NA,NA
PE 14:0;0_18:0;0,PE,NA,NA,NA,NA,NA,0.006556806,NA,NA,NA,NA,NA,NA
PE 14:0;0_18:1;0,PE,0.3066397235169112,0.35722057584604094,0.44367100015097743,0.11217429883191493,0.1047300584531325,0.11926081963866478,0.092136182,0.086104297,0.090694534,0.057584547,0.060274323,0.038613554
PE 14:0;0_18:2;0,PE,NA,NA,NA,NA,NA,NA,0.00828855,0.008450871,0.011828364,0.021010137444963523,0.014540800814501292,0.009734955
PE 14:0;0_18:3;0,PE,NA,NA,NA,NA,NA,NA,NA,NA,NA,0.00222174,0.001557103,NA
PE 14:0;0_19:1;0,PE,NA,NA,NA,NA,NA,NA,NA,NA,NA,NA,NA,NA
PE 14:1;0_16:0;0,PE,0.017300818911137262,0.018636777000500322,0.022746465349254435,NA,NA,NA,0.015873569,0.01680041,0.01259579,0.012924763144433814,0.011614116183294885,0.011312599546832202
PE 14:1;0_16:1;0,PE,NA,NA,NA,NA,NA,NA,0.00786069,0.011335883923429125,0.013543408377826133,0.017876552233078793,0.014733624830393966,0.017875995291384547
PE 14:1;0_17:1;0,PE,NA,NA,NA,NA,NA,NA,NA,NA,NA,NA,0.039388885,NA
PE 14:1;0_18:0;0,PE,0.005010526,0.00544274,0.008357732,0.012095261749656815,NA,NA,NA,NA,NA,NA,NA,0.004565782
PE 14:1;0_18:1;0,PE,0.028027320196841496,0.023115447701057123,NA,0.026023342382495075,NA,0.028982827097485227,0.04200237,0.057156042,0.050806973,0.050744552,0.048717424,0.061456985163827055
PE 14:1;0_18:2;0,PE,NA,NA,NA,NA,NA,NA,NA,NA,NA,0.002634292,0.001677859,NA
PE 15:0;0_16:1;0,PE,0.016774402868910337,0.019194471558074234,NA,NA,0.015301737602964128,0.024277643681651122,NA,NA,NA,0.007773512,NA,NA
PE 15:0;0_17:1;0,PE,NA,NA,NA,NA,NA,NA,NA,NA,NA,NA,NA,NA
PE 15:0;0_18:1;0,PE,0.031348707,0.039108174,0.045448274,0.05227793,0.055747238,0.053948017,NA,0.016062499,0.015594735094000355,0.012187138,0.011246563497200332,0.014529539937065732
PE 15:0;0_19:1;0,PE,NA,NA,NA,NA,NA,NA,NA,NA,NA,NA,NA,NA
PE 15:1;0_15:1;0,PE,NA,NA,NA,NA,NA,NA,NA,NA,NA,NA,NA,NA
PE 15:1;0_16:0;0,PE,0.12195858435512025,0.12283965382107064,0.14487197197968893,NA,NA,NA,NA,NA,NA,NA,NA,NA
PE 15:1;0_16:1;0,PE,NA,NA,NA,NA,NA,NA,NA,NA,NA,NA,NA,NA
PE 15:1;0_18:0;0,PE,NA,NA,NA,NA,NA,NA,NA,NA,NA,NA,NA,NA
PE 15:1;0_18:1;0,PE,NA,0.015439667294247623,NA,NA,NA,NA,NA,NA,NA,0.035769035777380054,0.037644063486311816,NA
PE 16:0;0_16:0;0,PE,0.040839551,0.05050187,0.067261623,0.038912766,0.051845954,0.038898594,NA,NA,NA,NA,NA,NA
PE 16:0;0_16:1;0,PE,1.2547096844870096,1.6064437594869436,1.8744622142886584,0.5963603964172155,0.5962452260939628,0.6648580529687897,0.46034658893922004,0.4562582605487762,0.48187637118182186,0.32964606368594723,0.2868802510278172,0.2160854241838845
PE 16:0;0_16:2;0,PE,NA,NA,NA,NA,NA,NA,0.020396129987668692,NA,NA,0.021372476142062287,0.019600345,NA
PE 16:0;0_17:1;0,PE,0.021634192,0.028544480043734378,0.037386663,0.021253320937826767,0.025195381557112064,0.027170846874678224,0.027611102,0.017350464,0.018594814281197764,0.016628141539192242,0.016593128900977114,0.017692499716794798
PE 16:0;0_17:2;0,PE,NA,NA,NA,NA,NA,NA,NA,NA,NA,0.010863318144983647,NA,NA
PE 16:0;0_18:0;0,PE,NA,NA,NA,NA,NA,NA,NA,NA,NA,NA,NA,NA
PE 16:0;0_18:1;0,PE,3.190828844824322,3.862456472576654,4.68615064,2.5639189383975793,2.455626858846782,2.8618148828269216,1.5969038916536233,1.5941321847201653,1.6618463732033104,1.0007819243462373,0.9377754146761883,0.7572831366599607
PE 16:0;0_18:2;0,PE,0.017304249,0.018548295,NA,NA,NA,NA,0.15517763494583495,0.16441179591244998,0.1697236559926114,0.34159087013841816,0.21280663712408837,0.18769428828051615
PE 16:0;0_18:3;0,PE,NA,NA,NA,NA,NA,NA,0.014249318,0.011960304,0.011652199034073435,0.044192895223472986,0.024115072657367335,0.021858342894891202
PE 16:0;0_19:1;0,PE,NA,NA,NA,NA,NA,NA,NA,NA,NA,NA,NA,NA
PE 16:0;0_20:1;0,PE,NA,0.065373539,NA,NA,NA,NA,NA,NA,NA,NA,NA,NA
PE 16:0;0_20:3;0,PE,NA,NA,NA,NA,NA,NA,NA,NA,NA,NA,NA,NA
PE 16:0;0_20:4;0,PE,NA,NA,NA,NA,NA,NA,NA,NA,NA,NA,NA,NA
PE 16:0;0_26:0;0,PE,NA,0.029176749,NA,NA,NA,NA,NA,NA,NA,NA,NA,NA
PE 16:1;0_16:1;0,PE,0.988011804,0.9297555249417218,1.1622179096824157,0.36952833543980806,0.44031022320609586,0.42388524326740007,1.0584467437607614,1.120872568905696,1.2658277349443443,1.3850384459243692,1.0802786841121144,0.994473439
PE 16:1;0_16:2;0,PE,NA,NA,NA,NA,NA,NA,NA,NA,NA,0.009112818,0.004524698,NA
PE 16:1;0_17:0;0,PE,0.019828008,0.023584718485164913,0.031788993,0.038905828,0.030907068163230834,0.029183329278136407,0.011879904913695607,0.006907873,0.008112805,0.010607080138736952,0.009936851,0.014977317779589227
PE 16:1;0_17:1;0,PE,0.033045588,0.015049833238696218,0.053948789747920105,NA,0.023301836433902694,NA,0.037724511,0.031396255,0.03649957,0.043594362922674726,0.041609862,0.058877833
PE 16:1;0_18:1;0,PE,4.369709969077017,3.9844459679684316,4.819758422103982,1.9223593291314687,1.929617425,2.030047676348912,3.0989694468955875,3.3119128857882125,3.581618123886205,4.271736318398707,3.795304378395114,3.7220821037856533
PE 16:1;0_18:2;0,PE,NA,NA,NA,NA,NA,NA,0.14218026546373677,0.15869822518200755,0.16093527353187242,0.582190314,0.3596202051799185,0.3296685714875598
PE 16:1;0_18:3;0,PE,NA,NA,NA,NA,NA,NA,0.026903965934767463,0.027668269660488874,0.029121184446708623,0.11211275662624906,0.068272642,0.062327002935477493
PE 16:1;0_19:1;0,PE,NA,NA,NA,NA,NA,NA,NA,NA,NA,NA,NA,NA
PE 16:1;0_20:1;0,PE,NA,0.079102011,NA,NA,NA,NA,0.13047611193558462,0.14290542913417556,0.13064375765004516,0.10468291946524544,0.10105129270113443,0.11698839509016334
PE 16:1;0_20:2;0,PE,NA,NA,NA,NA,NA,NA,NA,NA,NA,NA,0.019236041584625392,NA
PE 16:1;0_20:3;0,PE,NA,NA,NA,NA,NA,NA,NA,NA,NA,NA,NA,NA
PE 16:1;0_26:0;0,PE,0.019330183418549425,NA,NA,NA,NA,NA,NA,NA,NA,0.016540699979758013,0.018696074414914724,0.025498340851283125
PE 16:2;0_17:1;0,PE,NA,NA,NA,NA,NA,NA,NA,NA,NA,NA,NA,NA
PE 16:2;0_18:1;0,PE,NA,NA,NA,NA,NA,NA,0.032725346,0.042701814,0.038363783853277725,0.082778813,0.062798617,0.077991769
PE 16:2;0_18:2;0,PE,NA,NA,NA,NA,NA,NA,NA,NA,NA,0.013631464255242774,0.006889405,NA
PE 17:0;0_17:0;0,PE,NA,NA,NA,NA,NA,NA,NA,NA,NA,NA,NA,NA
PE 17:0;0_17:1;0,PE,NA,NA,NA,NA,NA,NA,NA,NA,NA,NA,NA,NA
PE 17:0;0_18:1;0,PE,NA,NA,NA,NA,NA,NA,0.012330010936995124,0.012808344249244385,NA,NA,NA,NA
PE 17:1;0_17:1;0,PE,NA,NA,NA,NA,0.002181828,NA,NA,NA,NA,NA,NA,NA
PE 17:1;0_17:2;0,PE,NA,NA,NA,NA,NA,NA,NA,NA,NA,NA,NA,NA
PE 17:1;0_18:0;0,PE,0.052451583,0.051583835782947875,NA,NA,NA,NA,NA,NA,NA,NA,NA,NA
PE 17:1;0_18:1;0,PE,0.081230782,0.063957913,0.085149949,0.03930666,0.036221603,0.036239988572265944,0.069345037,0.078508185,0.072453243,0.10894314456571566,0.10288450262801956,0.11697276475752033
PE 17:1;0_18:2;0,PE,NA,NA,NA,NA,NA,NA,0.037224917,0.033409774,0.025129849350954452,0.039728933020728004,0.028373380247762658,0.065860675
PE 17:1;0_19:1;0,PE,NA,NA,NA,NA,NA,NA,NA,NA,NA,NA,NA,NA
PE 18:0;0_18:1;0,PE,0.3118189465141879,0.295776549,0.41324379780221715,0.18129788475525635,0.17804283877967905,0.1867465944393256,NA,NA,NA,0.21459893045837075,0.2150330349742637,NA
PE 18:0;0_18:2;0,PE,NA,NA,NA,NA,NA,NA,NA,NA,NA,0.059939193,0.039393317,NA
PE 18:0;0_18:3;0,PE,NA,NA,NA,NA,NA,NA,NA,0.003445571,NA,0.020105336993277757,0.010473962053752141,NA
PE 18:0;0_19:1;0,PE,NA,NA,NA,NA,NA,NA,NA,NA,NA,NA,NA,NA
PE 18:1;0_18:1;0,PE,0.7356393044247722,0.5544097359713532,0.7703205951889149,0.285055464,0.2822466308832476,0.3056970253046666,0.47727561274685726,0.5278868479403295,0.5303112844318962,0.5957989027651843,0.608327041,0.6062940455221774
PE 18:1;0_18:2;0,PE,NA,NA,NA,NA,NA,NA,0.1680343334112417,0.18077648051617565,0.18070946412870736,0.3988497084526006,0.2780318088287357,0.2986007514591347
PE 18:1;0_18:3;0,PE,NA,NA,NA,NA,NA,NA,0.042753998,0.038451849392261483,0.043165115,0.14576212891105916,0.10080459345838863,0.085452987
PE 18:1;0_19:1;0,PE,NA,NA,NA,NA,NA,NA,NA,NA,NA,NA,NA,NA
PE 18:1;0_20:1;0,PE,0.030633911,NA,NA,NA,NA,NA,0.083526774,0.093286179,0.079011501,0.083251155,0.080258423,0.092492417
PE 18:1;0_26:0;0,PE,0.019393248718529436,NA,NA,NA,NA,NA,NA,NA,NA,0.049991161,0.051286283,0.050201864
PE 18:1;0_26:1;0,PE,NA,NA,NA,NA,NA,NA,NA,NA,NA,0.00636258,0.006078125,NA
PE 18:2;0_18:2;0,PE,NA,NA,NA,NA,NA,NA,0.013145765080289144,0.014674142935003668,0.017506018414104707,0.075931299,0.039140469,0.041569081
PE 18:2;0_18:3;0,PE,NA,NA,NA,NA,NA,NA,NA,NA,NA,0.037740641964453286,0.020484303478716548,0.021525039932643646
PE 18:2;0_19:1;0,PE,NA,NA,NA,NA,NA,NA,0.01592999,0.017304814781078075,0.016141445344430117,0.017330635,0.015926098,0.018521714150577708
PE 18:2;0_26:0;0,PE,NA,NA,NA,NA,NA,NA,NA,NA,NA,0.008420665,0.006483199,NA
PE 19:1;0_19:1;0,PE,NA,NA,NA,NA,NA,NA,NA,9.980768741108823e-4,NA,NA,NA,NA
PE 20:1;0_20:1;0,PE,NA,NA,NA,NA,NA,NA,NA,0.010900334042190056,NA,0.012900371736690204,0.011911822,0.013354403315072337
PG 10:0;0_16:0;0,PG,0.008465771,0.010393086139627014,0.013665092024928679,NA,NA,NA,NA,NA,NA,NA,NA,NA
PG 10:0;0_16:1;0,PG,NA,NA,NA,NA,NA,NA,NA,NA,NA,NA,NA,NA
PG 10:0;0_18:0;0,PG,NA,NA,NA,NA,NA,NA,NA,NA,NA,NA,NA,NA
PG 10:0;0_18:1;0,PG,NA,NA,NA,NA,NA,NA,NA,NA,NA,NA,NA,NA
PG 10:0;0_20:0;0,PG,NA,NA,NA,NA,NA,NA,NA,NA,NA,NA,NA,NA
PG 10:0;0_20:1;0,PG,NA,NA,NA,NA,NA,NA,NA,NA,NA,NA,NA,NA
PG 10:1;0_16:0;0,PG,NA,NA,NA,NA,NA,NA,NA,NA,NA,NA,NA,NA
PG 12:0;0_14:0;0,PG,NA,NA,NA,NA,NA,NA,NA,NA,NA,NA,NA,NA
PG 12:0;0_16:0;0,PG,0.009881474,0.018182870624132163,0.017733337196131512,NA,NA,NA,NA,NA,NA,NA,NA,NA
PG 12:0;0_16:1;0,PG,NA,NA,NA,NA,NA,NA,NA,NA,NA,NA,NA,NA
PG 12:0;0_17:0;0,PG,NA,NA,NA,NA,NA,NA,NA,NA,NA,NA,NA,NA
PG 12:0;0_18:0;0,PG,NA,NA,NA,NA,NA,NA,NA,NA,NA,NA,NA,NA
PG 12:0;0_18:1;0,PG,NA,NA,0.011325864580094422,NA,0.006754941,NA,NA,NA,NA,NA,NA,NA
PG 12:1;0_16:0;0,PG,NA,NA,NA,NA,NA,NA,NA,NA,NA,NA,NA,NA
PG 13:0;0_16:0;0,PG,NA,NA,NA,NA,NA,NA,NA,NA,NA,NA,NA,NA
PG 13:0;0_18:0;0,PG,NA,NA,NA,NA,NA,NA,NA,NA,NA,NA,NA,NA
PG 13:0;0_18:1;0,PG,NA,NA,NA,NA,NA,NA,NA,NA,NA,NA,NA,NA
PG 13:0;0_20:0;0,PG,NA,NA,NA,NA,NA,NA,NA,NA,NA,NA,NA,NA
PG 13:0;0_20:1;0,PG,NA,NA,NA,NA,NA,NA,NA,NA,NA,NA,NA,NA
PG 13:1;0_17:0;0,PG,NA,NA,NA,NA,NA,NA,NA,NA,NA,NA,NA,NA
PG 14:0;0_14:0;0,PG,NA,NA,NA,NA,NA,NA,NA,NA,NA,NA,NA,NA
PG 14:0;0_14:1;0,PG,NA,NA,NA,NA,NA,NA,NA,NA,NA,NA,NA,NA
PG 14:0;0_15:0;0,PG,NA,NA,NA,NA,NA,NA,NA,NA,NA,NA,NA,NA
PG 14:0;0_16:0;0,PG,NA,NA,NA,NA,NA,NA,NA,NA,NA,NA,NA,NA
PG 14:0;0_16:1;0,PG,NA,0.007200499,0.010707324252031965,NA,0.005163034,NA,NA,0.001805854,NA,NA,NA,0.011803078
PG 14:0;0_17:0;0,PG,NA,NA,NA,NA,NA,NA,NA,NA,NA,NA,NA,NA
PG 14:0;0_17:1;0,PG,NA,NA,NA,NA,NA,NA,NA,NA,NA,0.006276454,0.006449346,NA
PG 14:0;0_18:0;0,PG,NA,NA,NA,NA,NA,NA,NA,NA,NA,NA,NA,NA
PG 14:0;0_18:1;0,PG,NA,0.0186987,NA,0.015946036,NA,NA,0.007079783,0.006824362,0.008243158,0.0053627,0.005148398,NA
PG 14:0;0_18:2;0,PG,NA,NA,NA,NA,NA,NA,NA,NA,NA,NA,0.001240799,NA
PG 14:0;0_19:1;0,PG,NA,NA,NA,NA,NA,NA,NA,NA,NA,NA,NA,NA
PG 14:0;0_20:0;0,PG,NA,NA,NA,NA,NA,NA,NA,NA,NA,NA,NA,NA
PG 14:1;0_15:0;0,PG,NA,NA,NA,NA,NA,NA,NA,NA,NA,NA,NA,NA
PG 14:1;0_16:0;0,PG,NA,0.008042292,NA,NA,0.007056855,0.019488842002822276,NA,NA,NA,NA,NA,NA
PG 14:1;0_16:1;0,PG,NA,NA,NA,NA,NA,NA,NA,NA,NA,NA,NA,NA
PG 14:1;0_16:2;0,PG,NA,NA,NA,NA,NA,NA,NA,NA,NA,0.006317226,NA,NA
PG 14:1;0_18:0;0,PG,NA,NA,NA,0.047893183,NA,NA,NA,NA,NA,NA,NA,NA
PG 14:1;0_18:1;0,PG,0.006417863,0.010025028823246088,0.012762830416230957,0.014035364032374762,0.018459661540931697,0.014383801411725874,NA,NA,NA,NA,NA,NA
PG 14:1;0_19:1;0,PG,NA,NA,NA,NA,NA,NA,NA,NA,NA,NA,NA,NA
PG 15:0;0_15:0;0,PG,NA,NA,NA,NA,NA,NA,NA,NA,NA,NA,NA,NA
PG 15:0;0_16:0;0,PG,NA,NA,NA,NA,NA,NA,NA,NA,NA,NA,NA,NA
PG 15:0;0_16:1;0,PG,NA,NA,NA,NA,NA,NA,NA,NA,NA,NA,NA,NA
PG 15:0;0_17:0;0,PG,NA,NA,NA,NA,NA,NA,NA,NA,NA,NA,NA,NA
PG 15:0;0_17:1;0,PG,NA,NA,NA,NA,NA,NA,NA,NA,NA,NA,NA,NA
PG 15:0;0_18:0;0,PG,NA,NA,NA,NA,NA,NA,NA,NA,NA,NA,NA,NA
PG 15:0;0_18:1;0,PG,NA,NA,NA,NA,NA,NA,NA,NA,NA,NA,NA,NA
PG 15:0;0_19:0;0,PG,NA,NA,NA,NA,NA,NA,NA,NA,NA,NA,NA,NA
PG 15:0;0_19:1;0,PG,NA,NA,NA,NA,NA,NA,NA,NA,NA,NA,NA,NA
PG 15:0;0_20:0;0,PG,NA,NA,NA,NA,NA,NA,NA,NA,NA,NA,NA,NA
PG 15:0;0_20:1;0,PG,NA,NA,NA,NA,NA,NA,NA,NA,NA,NA,NA,NA
PG 15:1;0_16:0;0,PG,NA,NA,NA,NA,NA,NA,NA,NA,NA,NA,NA,NA
PG 15:1;0_18:0;0,PG,NA,NA,NA,NA,NA,NA,NA,NA,NA,NA,NA,NA
PG 16:0;0_16:0;0,PG,NA,NA,NA,NA,NA,NA,NA,NA,NA,NA,NA,NA
PG 16:0;0_16:1;0,PG,0.074533442,0.077546161,0.13133488840540375,0.039203717967728494,0.10634783705536627,0.1088698683891871,0.017561870327128633,0.018475261,0.015868278701421306,0.011580686823417216,0.010566459596229694,0.022354777
PG 16:0;0_16:2;0,PG,NA,NA,NA,NA,NA,NA,NA,NA,NA,NA,NA,NA
PG 16:0;0_17:1;0,PG,NA,NA,NA,NA,NA,NA,NA,NA,NA,NA,0.007410759,NA
PG 16:0;0_17:2;0,PG,NA,NA,NA,NA,NA,NA,NA,NA,NA,NA,NA,NA
PG 16:0;0_18:0;0,PG,NA,NA,NA,NA,NA,NA,NA,NA,NA,NA,NA,NA
PG 16:0;0_18:1;0,PG,0.1285778306337765,0.13320261242201323,0.16157465368496585,0.2635304499927068,0.24832237839012664,0.24969715539341708,0.18373548127580216,0.1824368276636842,0.20537780511518527,0.056059432,0.058037101,0.061781241
PG 16:0;0_18:2;0,PG,NA,NA,NA,NA,NA,NA,0.009288209,0.008697648,0.011004963188933594,0.008006274,0.00638787,0.011783160547599671
PG 16:0;0_19:1;0,PG,NA,NA,NA,NA,NA,NA,NA,NA,NA,NA,NA,NA
PG 16:0;0_20:1;0,PG,NA,NA,NA,NA,NA,NA,NA,NA,NA,NA,NA,NA
PG 16:1;0_16:1;0,PG,7.202520487410197e-4,0.001047842,0.001307329,0.001427719,0.001614658,0.001329117,0.006433344,0.007322835,0.007178842,0.011394336,0.007958432,NA
PG 16:1;0_17:0;0,PG,NA,NA,NA,0.015604768437238343,NA,NA,NA,NA,NA,NA,NA,NA
PG 16:1;0_17:1;0,PG,NA,NA,NA,NA,NA,NA,NA,0.005099587,NA,NA,NA,NA
PG 16:1;0_18:0;0,PG,NA,0.018770183586717604,0.022947657,NA,0.022847285,0.026055144,0.006411099,NA,NA,0.005682927,NA,0.012577456374128904
PG 16:1;0_18:1;0,PG,0.012741650798100334,0.014173815271450863,0.020298457294255844,0.034827661,0.037064032,0.036801536,0.029467799202066092,0.032987893,0.039018851,0.035666578940140255,0.039524543547371505,0.034835366
PG 16:1;0_18:2;0,PG,NA,NA,NA,NA,NA,NA,NA,NA,NA,0.007870283,0.005669432,NA
PG 16:1;0_19:1;0,PG,NA,NA,NA,NA,NA,NA,NA,NA,NA,NA,NA,NA
PG 16:1;0_20:1;0,PG,NA,NA,NA,NA,NA,NA,NA,NA,NA,NA,NA,NA
PG 16:2;0_16:2;0,PG,NA,NA,NA,NA,NA,NA,NA,NA,NA,NA,NA,NA
PG 17:0;0_17:1;0,PG,0.001753772,0.001490873,NA,NA,NA,NA,NA,NA,NA,NA,NA,NA
PG 17:0;0_18:0;0,PG,NA,NA,NA,NA,NA,NA,NA,NA,NA,NA,NA,NA
PG 17:0;0_18:1;0,PG,NA,NA,NA,NA,NA,NA,NA,NA,NA,NA,NA,NA
PG 17:1;0_17:1;0,PG,NA,NA,NA,0.001482518,NA,NA,NA,NA,NA,NA,NA,NA
PG 17:1;0_18:0;0,PG,NA,NA,NA,NA,NA,NA,NA,NA,NA,NA,NA,NA
PG 17:1;0_18:1;0,PG,NA,NA,NA,NA,NA,NA,NA,NA,NA,NA,NA,NA
PG 17:1;0_19:1;0,PG,NA,NA,NA,NA,NA,NA,NA,NA,NA,NA,NA,NA
PG 18:0;0_18:1;0,PG,NA,NA,NA,NA,NA,NA,NA,NA,NA,NA,NA,NA
PG 18:0;0_18:2;0,PG,NA,NA,NA,NA,NA,NA,NA,NA,NA,NA,0.002361238,NA
PG 18:0;0_19:1;0,PG,NA,NA,NA,NA,NA,NA,NA,NA,NA,NA,NA,NA
PG 18:1;0_18:1;0,PG,NA,NA,NA,NA,NA,NA,NA,NA,NA,NA,0.006761528,NA
PG 18:1;0_18:2;0,PG,NA,NA,NA,NA,NA,NA,NA,NA,NA,0.006446449,NA,NA
PG 18:1;0_19:1;0,PG,NA,NA,NA,NA,NA,NA,NA,NA,NA,NA,NA,NA
PG 18:1;0_20:1;0,PG,NA,NA,NA,NA,NA,NA,NA,NA,NA,NA,NA,NA
PG 19:1;0_19:1;0,PG,NA,NA,NA,NA,NA,NA,NA,NA,NA,NA,NA,NA
PI 10:0;0_12:0;0,PI,NA,NA,NA,NA,NA,NA,NA,NA,NA,NA,NA,NA
PI 10:0;0_14:0;0,PI,NA,0.024956478782217996,NA,NA,NA,NA,NA,NA,NA,NA,NA,NA
PI 10:0;0_15:0;0,PI,NA,NA,NA,NA,NA,NA,NA,NA,NA,NA,NA,NA
PI 10:0;0_16:0;0,PI,0.3201432539870867,0.7162582441046103,0.45111952081466633,0.3014992905004005,0.2660923844234551,0.37188075344601235,0.12640255386566465,NA,0.082735209,0.09571646,0.067498094,NA
PI 10:0;0_16:1;0,PI,NA,NA,NA,NA,NA,NA,NA,NA,NA,NA,NA,NA
PI 10:0;0_17:0;0,PI,NA,NA,NA,NA,NA,NA,NA,NA,NA,NA,NA,NA
PI 10:0;0_18:0;0,PI,0.14236136471821834,0.28225497896588264,0.22214813378090126,0.2884295898148722,0.25523036698909046,0.30273411679347356,NA,NA,NA,NA,NA,NA
PI 10:0;0_18:1;0,PI,NA,NA,NA,NA,NA,NA,NA,NA,0.010887446759488696,NA,NA,NA
PI 10:0;0_20:0;0,PI,NA,NA,NA,NA,NA,NA,NA,NA,NA,NA,NA,NA
PI 10:0;0_22:0;0,PI,NA,NA,NA,NA,NA,NA,NA,NA,NA,NA,NA,NA
PI 10:0;0_26:0;0,PI,NA,NA,NA,NA,NA,NA,NA,NA,NA,NA,NA,NA
PI 10:1;0_16:0;0,PI,NA,NA,NA,NA,NA,NA,NA,NA,NA,NA,0.011969802,NA
PI 10:1;0_18:0;0,PI,NA,NA,NA,NA,NA,NA,NA,NA,NA,NA,NA,NA
PI 11:0;0_16:0;0,PI,NA,0.014964958921306722,NA,NA,NA,NA,NA,NA,NA,NA,NA,NA
PI 12:0;0_12:0;0,PI,NA,0.003477487,NA,NA,NA,NA,NA,NA,NA,NA,NA,NA
PI 12:0;0_14:0;0,PI,0.04976869,0.17451678125283457,0.10515431511233476,NA,NA,NA,NA,NA,NA,NA,NA,NA
PI 12:0;0_14:1;0,PI,NA,NA,NA,NA,NA,NA,NA,NA,NA,NA,NA,NA
PI 12:0;0_15:0;0,PI,NA,0.002080675,NA,NA,NA,NA,NA,NA,NA,NA,NA,NA
PI 12:0;0_16:0;0,PI,1.160007064499795,3.4430336380305566,2.4709123691794193,1.1751402398159108,1.1280213397686167,1.2743070189281112,0.14782666309421205,0.1143377875847607,0.12858384922780475,0.11068632812321882,0.087873404,0.11551268179759325
PI 12:0;0_16:1;0,PI,0.045955362,0.061732743,0.06077303,0.069377056,0.05342952,0.069744447,0.030036240472018617,0.027917395,0.029511522,0.037083362,0.033412615,0.048749228
PI 12:0;0_17:0;0,PI,NA,NA,NA,NA,NA,NA,NA,NA,NA,NA,NA,NA
PI 12:0;0_18:0;0,PI,0.2645999839752068,0.5945263142069562,0.4877418453432812,0.7473310947333361,0.7791138709820888,0.802545835,NA,NA,NA,NA,NA,NA
PI 12:0;0_18:1;0,PI,0.035208763,0.053327975,0.054423433,NA,0.05707856,0.076745472,0.027228576620570055,0.030459811,0.025084005903641043,0.021170263004876212,0.017204542753104908,NA
PI 12:0;0_20:0;0,PI,NA,NA,NA,NA,NA,NA,NA,NA,NA,NA,NA,NA
PI 12:0;0_26:0;0,PI,NA,0.013048839637398632,NA,NA,0.017125988101964203,NA,NA,NA,NA,NA,NA,NA
PI 12:1;0_16:0;0,PI,NA,0.032537397,NA,NA,NA,NA,0.024265367,0.019906004,0.019306769198983074,0.028677832,0.024003370340330437,0.028954320627400856
PI 12:1;0_18:0;0,PI,NA,NA,NA,NA,NA,NA,NA,NA,NA,NA,NA,NA
PI 13:0;0_16:0;0,PI,NA,NA,NA,NA,NA,NA,NA,NA,NA,NA,NA,NA
PI 13:0;0_16:1;0,PI,NA,NA,NA,NA,NA,NA,NA,NA,NA,NA,NA,NA
PI 13:0;0_18:1;0,PI,NA,NA,NA,NA,NA,NA,NA,NA,NA,NA,NA,NA
PI 13:0;0_19:1;0,PI,NA,NA,NA,NA,NA,NA,NA,NA,NA,NA,NA,NA
PI 14:0;0_14:0;0,PI,0.024992504,0.068089763,0.042292026,0.018338263825517797,0.015659839630311576,0.021180305,NA,NA,NA,NA,NA,NA
PI 14:0;0_14:1;0,PI,0.011627273566326176,0.015786949083741477,0.019205222,NA,0.010409289097053616,0.008503899,NA,NA,NA,NA,NA,NA
PI 14:0;0_15:0;0,PI,NA,NA,NA,NA,NA,NA,NA,NA,NA,NA,NA,NA
PI 14:0;0_15:1;0,PI,NA,NA,NA,NA,NA,NA,NA,NA,NA,NA,NA,NA
PI 14:0;0_16:0;0,PI,0.2546091944243173,0.5533880991061678,0.4991381833972476,0.30424766369734585,0.30681170132112917,0.34159056343790484,NA,NA,NA,NA,NA,NA
PI 14:0;0_16:1;0,PI,0.096209783,0.17736291989634467,0.1453175621939241,0.1508929598878249,0.11532054979726622,0.1346643516622357,0.089736638,0.07544577,0.10614753079232579,0.085682179,0.073766361,0.10952122123929987
PI 14:0;0_17:0;0,PI,NA,NA,NA,NA,NA,NA,NA,NA,NA,NA,NA,NA
PI 14:0;0_17:1;0,PI,NA,NA,NA,NA,NA,NA,NA,NA,NA,NA,NA,NA
PI 14:0;0_18:0;0,PI,0.032204827388561647,0.05383047,0.034890125,0.076995842,0.089028815,0.077108108,NA,NA,NA,NA,NA,NA
PI 14:0;0_18:1;0,PI,0.2814217695073105,0.3601708675517968,0.3367299707623022,0.3399790214275615,0.3312396668058573,0.33803875653293125,0.5850137298360976,0.4798065831197766,0.5408012443848179,0.29283648056799166,0.29577055741273967,0.37326956068808015
PI 14:0;0_18:2;0,PI,NA,NA,NA,NA,NA,NA,NA,0.012410139412803734,0.022291934,0.041044436,0.024304744567760033,0.0319999
PI 14:0;0_19:1;0,PI,NA,NA,NA,NA,NA,NA,NA,NA,NA,NA,NA,NA
PI 14:0;0_26:0;0,PI,NA,NA,NA,0.050316246,0.034766344,0.036222271,NA,NA,NA,NA,NA,NA
PI 14:1;0_15:0;0,PI,NA,NA,NA,NA,NA,NA,NA,NA,NA,NA,NA,NA
PI 14:1;0_16:0;0,PI,0.090341111,0.19388000192174112,0.11664170445961358,0.18121169210286378,0.17507142826341723,0.17090523293643847,0.17974370179807328,0.15280422676772265,0.1287974915823487,0.14099620284055972,0.12069095446448631,0.2494137228695884
PI 14:1;0_16:1;0,PI,NA,0.011903317889940408,NA,NA,NA,NA,0.053694342609572995,0.060090190005896875,0.074654434,0.031308598,0.022318619904683822,0.039877814
PI 14:1;0_17:1;0,PI,NA,NA,NA,NA,NA,NA,NA,NA,NA,NA,NA,NA
PI 14:1;0_18:0;0,PI,0.050460121,0.073473838,0.066235812,0.16026130673217343,0.16922807087552527,0.20551264888217888,0.015880254851396654,0.010851374181978018,0.011567436913714755,0.019154947235590376,NA,0.024589941790905352
PI 14:1;0_18:1;0,PI,NA,0.10933811453881155,0.08667705,0.045700881,0.073060075,0.058931522,0.059379265,0.059991826876443964,0.074262399,0.026338928932720763,0.023606717735336027,0.052033107950025935
PI 14:1;0_18:2;0,PI,NA,NA,NA,NA,NA,NA,NA,NA,NA,0.012587781,NA,NA
PI 14:1;0_20:1;0,PI,NA,NA,NA,NA,NA,NA,NA,NA,NA,NA,NA,NA
PI 14:1;0_26:0;0,PI,NA,NA,NA,NA,NA,NA,NA,NA,NA,NA,NA,NA
PI 15:0;0_15:0;0,PI,NA,NA,NA,NA,NA,NA,NA,NA,NA,NA,NA,NA
PI 15:0;0_15:1;0,PI,NA,NA,NA,NA,NA,NA,NA,NA,NA,NA,NA,NA
PI 15:0;0_16:0;0,PI,NA,NA,NA,NA,NA,NA,NA,NA,NA,NA,NA,NA
PI 15:0;0_16:1;0,PI,0.087333578,0.087206028,0.1395976031610318,0.17037036876176004,0.1282157151502882,0.19265013546691853,0.040691249,NA,0.049958405,0.035974655,0.042485595,0.048045250687302414
PI 15:0;0_17:0;0,PI,NA,NA,NA,NA,NA,NA,NA,NA,NA,NA,NA,NA
PI 15:0;0_17:1;0,PI,NA,NA,NA,NA,NA,NA,NA,NA,NA,NA,NA,NA
PI 15:0;0_18:1;0,PI,0.009915866,0.016465031033943218,0.013396820455083265,0.075299323,0.090578033,0.099153842,0.031923264,0.03214462,0.040295012,0.052648248,0.058897572,0.062393265
PI 15:0;0_18:2;0,PI,NA,NA,NA,NA,NA,NA,NA,NA,NA,0.006696648,0.003303125,NA
PI 15:0;0_19:1;0,PI,NA,NA,NA,NA,NA,NA,NA,NA,NA,NA,NA,NA
PI 15:1;0_16:0;0,PI,0.070078999,0.067170621,0.11193012018634715,0.1449821080157863,0.11811049164069039,0.15863734645218197,NA,NA,NA,0.022025409397675874,0.021161477593273862,NA
PI 15:1;0_16:1;0,PI,NA,NA,NA,NA,NA,NA,NA,NA,NA,NA,NA,NA
PI 15:1;0_17:1;0,PI,NA,NA,NA,NA,NA,NA,NA,NA,NA,NA,NA,NA
PI 15:1;0_18:0;0,PI,0.002507289,0.003651414,NA,0.026165523,0.033602109,0.038102063,NA,NA,NA,NA,NA,NA
PI 15:1;0_18:1;0,PI,NA,NA,NA,NA,NA,NA,0.015727121468791763,0.016537320982204663,0.017753920072203378,NA,0.010645686806558433,NA
PI 16:0;0_16:0;0,PI,0.13138554125757704,0.1758136537441228,0.19780415942426488,0.3437567606147448,0.3770596727726589,0.34268931572947964,NA,NA,NA,NA,NA,NA
PI 16:0;0_16:1;0,PI,2.1528158511757485,3.3793919575377167,3.0911094754256716,5.219559248378682,5.425776452704339,5.993276075718737,2.5830461197339045,2.344722086375013,2.6011739728201584,4.425000033450249,3.9357370353168606,5.422806206237396
PI 16:0;0_16:2;0,PI,0.039306052,NA,NA,NA,NA,NA,0.034228350875526815,0.023273500343893336,NA,0.02901176,0.025515733,0.038778843969999637
PI 16:0;0_17:0;0,PI,NA,NA,NA,NA,NA,NA,NA,NA,NA,NA,NA,NA
PI 16:0;0_17:1;0,PI,0.031327141,0.038075426,0.042366856297700616,0.14755807930012108,0.15421037330803758,0.16823546684977075,0.086073952,0.07811102,0.074145353,0.15618228009502014,0.15342750034317906,0.20927270967735523
PI 16:0;0_18:0;0,PI,NA,NA,0.048381923,0.3159831581111297,0.3255945797163662,0.2563922661330455,NA,NA,NA,NA,NA,NA
PI 16:0;0_18:1;0,PI,5.324855894717266,6.382141678387847,6.448107583342225,13.596833607416265,14.578207243203746,14.944009874443116,17.110670855776764,13.846244355290064,15.915191014791299,16.57070817560935,16.810302014760087,20.996663982302273
PI 16:0;0_18:2;0,PI,0.009455489,0.011780069253063314,NA,NA,0.016213997,0.014918326373835271,0.5095055791857798,0.4646934610199717,0.4863567695732844,1.8930221608417355,1.2887563799175699,1.7780692229307964
PI 16:0;0_18:3;0,PI,NA,NA,NA,NA,NA,NA,0.026241322232557703,0.028617565560433687,0.027715364466565293,0.28080709547481997,0.1333574708544902,0.22060936382793228
PI 16:0;0_20:1;0,PI,0.049728007,0.034452086,NA,NA,NA,NA,NA,NA,NA,NA,NA,NA
PI 16:0;0_26:0;0,PI,NA,NA,NA,0.055690946,0.043693824,0.037617440407319624,NA,NA,NA,NA,NA,NA
PI 16:1;0_16:1;0,PI,0.17246086095885893,0.16792540016890087,0.1562092222880576,0.3081536476022908,0.2983571786795797,0.3332620178339765,0.9279086579542839,1.1021362797356637,1.3394208059649404,0.4231505158125292,0.35771707329055397,0.5746503260541161
PI 16:1;0_16:2;0,PI,NA,NA,NA,NA,NA,NA,NA,NA,0.020547061340106604,NA,NA,NA
PI 16:1;0_17:0;0,PI,0.008191911,0.010788071253241164,0.009621548,0.055204343,0.055143950258301364,0.065262142,0.009700461,0.010992224,0.008496156,0.020079016841819855,0.022309634594434934,0.025381593
PI 16:1;0_17:1;0,PI,NA,NA,NA,NA,NA,NA,0.034994145246967104,0.044012938,0.052987712091674036,0.040794636,0.028852979,0.064715547
PI 16:1;0_18:0;0,PI,0.9561180744006023,1.0615144845419315,1.498625362125835,5.358090811,5.309090893188315,5.9456614289025165,NA,NA,NA,0.39406050875085147,0.37946642791519336,0.5721225607604787
PI 16:1;0_18:1;0,PI,0.6376282765560678,0.6136674604799854,0.6863761455919124,1.1919093560622216,1.3027708531286242,1.3209465098108646,4.052720333953658,4.293462851799975,5.102218333780632,2.024043549848274,1.8189319560033967,3.0349212921089226
PI 16:1;0_18:2;0,PI,NA,NA,NA,NA,NA,NA,0.097788292,0.1230861024254254,0.12117796837870962,0.2583721262933188,0.1428588432101789,0.28439755919011334
PI 16:1;0_18:3;0,PI,NA,NA,NA,NA,NA,NA,0.059912911930503805,0.055781156,0.058162516,0.097055923,0.069302254,0.1632195237120183
PI 16:1;0_19:0;0,PI,NA,NA,NA,NA,NA,NA,NA,NA,NA,NA,NA,NA
PI 16:1;0_20:0;0,PI,0.051600688,0.037411823,NA,NA,NA,NA,NA,NA,NA,NA,NA,NA
PI 16:1;0_20:1;0,PI,0.034839849,0.030349999709377743,NA,0.090987055,0.084212447,0.10297014124531689,0.013926075170733434,0.015326441757156613,0.015453684613638335,0.011416519587114106,0.010861259555288192,0.017614097
PI 16:1;0_22:0;0,PI,NA,NA,NA,NA,NA,NA,NA,NA,NA,NA,NA,NA
PI 16:1;0_24:0;0,PI,NA,NA,NA,NA,0.008093926,NA,NA,NA,NA,0.005923961,NA,NA
PI 16:1;0_25:0;0,PI,NA,NA,NA,NA,NA,NA,NA,NA,NA,0.017776067566601186,0.016297096265060283,0.031011833502584348
PI 16:1;0_26:0;0,PI,0.016201879815386195,0.014860739269916635,0.026029995449244038,0.11239923662239185,0.073057383,0.086039593,0.010113681184432918,0.009175361,0.009663107,0.14764561560206121,0.15110508300257655,0.16805766775723535
PI 16:1;0_26:1;0,PI,NA,NA,NA,NA,NA,NA,NA,NA,NA,0.021368339950744004,0.019506321594929606,0.030239279
PI 16:2;0_18:0;0,PI,NA,NA,NA,NA,NA,NA,NA,NA,NA,NA,NA,NA
PI 16:2;0_18:1;0,PI,NA,NA,NA,NA,NA,NA,0.10621502003961582,0.0930897,0.1136408789950787,NA,0.065338178,NA
PI 17:0;0_17:0;0,PI,NA,NA,NA,NA,NA,NA,NA,NA,NA,NA,NA,NA
PI 17:0;0_17:1;0,PI,NA,NA,NA,NA,NA,NA,NA,NA,NA,NA,NA,NA
PI 17:0;0_18:1;0,PI,0.009878598,0.01108373,0.009719141,0.071801864,0.083557136,0.082775846,0.024203379,0.045054913,0.025551303524012036,0.048638530953506925,0.049682039182177166,0.1060966241616234
PI 17:0;0_18:2;0,PI,NA,NA,NA,NA,NA,NA,NA,NA,NA,0.006320468,NA,NA
PI 17:1;0_17:1;0,PI,0.002357402,NA,NA,0.004747652,0.002460238,0.003187679,0.003822858,NA,NA,0.003660045,NA,NA
PI 17:1;0_18:0;0,PI,0.011032384533824685,0.010833856569630018,0.011796151,0.082614476,0.097988083,0.09106044,0.02096154,NA,0.014540644840468337,0.024628165499439903,0.01917267,NA
PI 17:1;0_18:1;0,PI,NA,NA,NA,NA,NA,NA,0.074215942,0.080051879,0.096351361,0.0961754,0.10516086490796733,0.178719759
PI 17:1;0_18:2;0,PI,NA,NA,NA,NA,NA,NA,NA,NA,NA,0.016230812485220868,NA,NA
PI 17:1;0_25:0;0,PI,NA,NA,NA,NA,NA,NA,NA,NA,NA,NA,NA,NA
PI 17:1;0_26:0;0,PI,NA,NA,NA,NA,NA,NA,NA,NA,NA,NA,0.0075928,NA
PI 18:0;0_18:0;0,PI,NA,NA,NA,0.062713042,0.066422551,NA,NA,NA,NA,NA,NA,NA
PI 18:0;0_18:1;0,PI,1.7127960547323111,1.905843086326501,2.208830677,10.52445636609323,10.96008626,11.78414954494164,0.6178825172089104,0.43022859178994777,0.4675982203072638,1.0866043836125687,1.1733031060834114,1.4717391853316895
PI 18:0;0_18:2;0,PI,0.002583947,0.003041982,NA,NA,0.005837056,0.005665174,0.025139980756071212,0.019983880047838735,0.021157045,0.11297025198055011,0.083068803,0.10685867631936913
PI 18:0;0_18:3;0,PI,NA,NA,NA,NA,NA,NA,NA,NA,NA,0.017776067566601186,0.008963054,NA
PI 18:0;0_20:1;0,PI,NA,NA,NA,0.007633573,0.009749408,NA,NA,NA,NA,NA,NA,NA
PI 18:1;0_18:1;0,PI,0.129325304,0.10818775645069922,0.15805501287975743,0.2620042108680493,0.27142158183745374,0.28468440145039287,0.5209589449583037,0.5441071903870951,0.6255136202918737,0.46127375584991537,0.4775182597213138,0.7417590964587664
PI 18:1;0_18:2;0,PI,NA,NA,NA,NA,NA,NA,0.15464697480604594,0.1156684387780498,0.1183059714479477,0.1519225256187319,0.11046107148886444,0.22793172851304944
PI 18:1;0_18:3;0,PI,NA,NA,NA,NA,NA,NA,0.20697725623151314,0.17683940946190546,0.19661363745004437,0.22361616211789156,0.1890822562119871,0.4145330115749838
PI 18:1;0_20:0;0,PI,NA,NA,NA,0.018402662,0.022604853747486522,0.027177473786036296,NA,NA,NA,NA,NA,NA
PI 18:1;0_20:1;0,PI,NA,NA,NA,NA,NA,NA,NA,0.020835701,0.024991503159986012,0.012896211716894337,0.012942983247511133,NA
PI 18:1;0_22:0;0,PI,NA,NA,NA,NA,0.009663445,NA,NA,NA,NA,0.008927924,0.018684332,NA
PI 18:1;0_24:0;0,PI,0.007871389,0.007834312,NA,NA,0.029464645,0.038147952,0.015663316,0.008817416,0.012301857821826676,0.023204966,0.020378216,0.038199581
PI 18:1;0_25:0;0,PI,NA,NA,NA,NA,NA,NA,0.023916474,0.023103906,0.018896767903886082,0.06736856,0.059518241144069464,0.11907502288719077
PI 18:1;0_25:1;0,PI,NA,NA,NA,NA,NA,NA,NA,NA,NA,0.016584150433151753,0.014906976,0.028757645546498355
PI 18:1;0_26:0;0,PI,0.040637773567997124,0.040471433,0.051680175,0.16520581230433753,0.15271021401568402,0.1831527125106237,0.079883466,0.051035166,0.04557113,0.5055773270199327,0.5974966933060684,0.6275326292264937
PI 18:1;0_26:1;0,PI,NA,NA,NA,NA,NA,NA,NA,0.023333953,0.021916731657055284,0.063007525,0.07245017,0.10578986661224797
PI 18:2;0_18:2;0,PI,NA,NA,NA,NA,NA,NA,0.013541412034742972,0.008464834,0.010337118896657588,0.031915355,0.020061627,0.037089816
PI 18:2;0_18:3;0,PI,NA,NA,NA,NA,NA,NA,NA,NA,NA,0.053114477,NA,NA
PI 18:2;0_25:0;0,PI,NA,NA,NA,NA,NA,NA,NA,NA,NA,NA,0.00498721,NA
PI 18:2;0_26:0;0,PI,NA,NA,NA,NA,NA,NA,NA,NA,NA,0.055197,0.049261280442294296,0.044250234
PS 10:0;0_16:0;0,PS,NA,NA,NA,NA,NA,NA,NA,NA,NA,NA,NA,NA
PS 10:0;0_16:1;0,PS,NA,NA,NA,NA,NA,NA,NA,NA,NA,NA,NA,NA
PS 10:0;0_18:0;0,PS,NA,NA,NA,NA,NA,NA,NA,NA,NA,NA,NA,NA
PS 10:0;0_18:1;0,PS,NA,NA,NA,NA,NA,NA,NA,NA,NA,NA,NA,NA
PS 12:0;0_14:0;0,PS,NA,NA,NA,NA,NA,NA,NA,NA,NA,NA,NA,NA
PS 12:0;0_16:0;0,PS,0.055632625,0.091375074,0.096490104,0.032845373,0.033842656,NA,NA,NA,NA,NA,NA,NA
PS 12:0;0_16:1;0,PS,0.011570073654227948,0.011456166,NA,NA,NA,NA,NA,NA,NA,NA,NA,NA
PS 12:0;0_17:0;0,PS,NA,NA,NA,NA,NA,NA,NA,NA,NA,NA,NA,NA
PS 12:0;0_18:0;0,PS,0.001986787,NA,NA,NA,NA,NA,NA,NA,NA,NA,NA,NA
PS 12:0;0_18:1;0,PS,0.002404571,NA,NA,NA,NA,NA,NA,NA,NA,NA,NA,NA
PS 13:1;0_17:0;0,PS,NA,NA,NA,NA,NA,NA,NA,NA,NA,NA,NA,NA
PS 14:0;0_14:0;0,PS,NA,0.00218706,NA,NA,NA,NA,NA,NA,NA,NA,NA,NA
PS 14:0;0_14:1;0,PS,NA,NA,NA,NA,NA,NA,NA,NA,NA,NA,NA,NA
PS 14:0;0_15:0;0,PS,NA,NA,NA,NA,NA,NA,NA,NA,NA,NA,NA,NA
PS 14:0;0_16:0;0,PS,0.013273394,0.031935603,NA,NA,NA,NA,NA,NA,NA,NA,NA,NA
PS 14:0;0_16:1;0,PS,0.006862539,0.008848974,0.005777792,0.002413026,0.003126282,0.003577359,0.012252388,0.016967630970358454,0.021738429,0.009989466,0.0082116,NA
PS 14:0;0_17:1;0,PS,NA,NA,NA,NA,NA,NA,NA,NA,NA,NA,NA,NA
PS 14:0;0_18:0;0,PS,NA,0.007878552,NA,NA,0.007206265,NA,NA,NA,NA,NA,NA,NA
PS 14:0;0_18:1;0,PS,0.20248715636666026,0.23755612616337696,0.2635309340713976,0.14466817911927748,0.17179890267037867,0.1769725611565287,0.16188337364641206,0.14773545813030364,0.15943131534585683,0.037672258,0.024462953945021106,0.032885106319029515
PS 14:0;0_18:2;0,PS,NA,NA,NA,NA,NA,NA,NA,NA,0.013470318562004325,NA,NA,NA
PS 14:1;0_16:0;0,PS,0.021655921703685976,0.030586937,0.035207167296741365,0.027274814353769026,0.029801642692397576,0.030717181638507975,0.032953268,0.027621804516701348,0.033908234,0.00853419,0.007328381,NA
PS 14:1;0_18:0;0,PS,NA,0.007283657,NA,NA,0.021103823127302152,0.032020448,NA,NA,0.009979033,NA,NA,NA
PS 14:1;0_18:1;0,PS,NA,NA,NA,NA,NA,NA,0.041270131,0.034074109,0.038030898,0.025104029,NA,NA
PS 15:0;0_16:1;0,PS,NA,0.032391741889427665,NA,0.048744667,0.041145102,NA,NA,NA,NA,NA,NA,NA
PS 15:0;0_17:0;0,PS,NA,0.001887632,NA,NA,NA,NA,NA,NA,NA,NA,NA,NA
PS 15:0;0_18:0;0,PS,NA,NA,NA,NA,NA,NA,NA,NA,NA,NA,NA,NA
PS 15:0;0_18:1;0,PS,0.020733795283498228,0.018843926900505875,0.03220368,0.07269743,0.068817695,0.079679084,0.022420676332903122,0.016874332431597312,0.022605059,NA,0.009939066,NA
PS 15:1;0_16:0;0,PS,NA,NA,NA,NA,NA,NA,NA,NA,NA,NA,NA,NA
PS 15:1;0_17:0;0,PS,NA,NA,NA,NA,NA,NA,NA,NA,NA,NA,NA,NA
PS 16:0;0_16:0;0,PS,0.065872571,0.095328356,0.13584596396946733,0.1430949926150068,0.14106652484898705,0.14919473190226495,NA,NA,NA,NA,NA,NA
PS 16:0;0_16:1;0,PS,0.7568217650794914,1.0060369473521191,1.0654434921297598,0.8059910578094835,0.8561918400673227,0.8100790425581526,0.846236344,0.7464402297991994,0.8021025922431445,0.36001445306041485,0.19990842487832125,0.3338388625843032
PS 16:0;0_17:0;0,PS,NA,NA,NA,0.066201315,NA,NA,NA,NA,NA,NA,NA,NA
PS 16:0;0_17:1;0,PS,0.011651143,0.012582515344235894,0.026425935,0.029133070048817388,0.026041369435168323,0.022220356780212412,0.025319186,0.026096898944414377,0.027145465,0.021219682,0.009720785,NA
PS 16:0;0_18:1;0,PS,3.4353624563754455,4.093787208791739,4.7204849669719335,4.420596655969419,4.619731087258773,4.465785038478475,7.405662353932216,5.759646425121541,7.078253159,1.8063959588016332,1.5139166454144488,2.0418738084957746
PS 16:0;0_18:2;0,PS,NA,NA,NA,NA,NA,NA,0.16714500889334336,0.157174548,0.162588676,0.20867589833372494,0.12537738307720056,0.15947738493536787
PS 16:0;0_18:3;0,PS,NA,NA,NA,NA,NA,NA,NA,NA,NA,0.029696064,0.013237784683772864,NA
PS 16:0;0_19:1;0,PS,NA,NA,NA,NA,NA,NA,0.011821544319874472,0.012667692265747326,NA,NA,NA,NA
PS 16:0;0_20:1;0,PS,NA,0.00996525,NA,NA,NA,NA,NA,NA,NA,NA,NA,NA
PS 16:1;0_16:1;0,PS,0.1880948532852829,0.20739585492260607,0.2087573324118649,0.19891759972712747,0.24003051976345322,0.2250779009319783,0.304525688,0.32960953060895487,0.41228534358224483,0.2636689094618253,0.1891302718167735,0.3338559751842158
PS 16:1;0_17:0;0,PS,0.015026005160095996,0.026197062,0.035302436,0.040926096,0.039765723,0.057806194,NA,NA,NA,NA,NA,NA
PS 16:1;0_17:1;0,PS,NA,NA,NA,NA,NA,NA,NA,NA,0.024776231121050735,0.014579597,NA,NA
PS 16:1;0_18:0;0,PS,NA,NA,NA,NA,0.13769520859847886,0.18072513995833778,NA,NA,NA,NA,NA,NA
PS 16:1;0_18:1;0,PS,1.733904973021016,1.593025810241541,1.7862701776754337,1.3136580349883193,1.525354707785191,1.3882671596089078,3.586458093966065,3.3368747430085564,4.213657199833606,1.648705114475324,1.2879907600074243,2.1417004840252782
PS 16:1;0_18:2;0,PS,0.029428970762112924,0.019169948,NA,NA,NA,NA,0.058079827,0.063275687,0.025199761,0.081006249,0.044418763,0.10062597959225712
PS 16:2;0_18:1;0,PS,NA,NA,NA,NA,NA,NA,NA,NA,0.044651766811392005,NA,NA,NA
PS 17:0;0_17:1;0,PS,NA,NA,NA,NA,NA,NA,NA,NA,NA,NA,NA,NA
PS 17:0;0_18:0;0,PS,1.2523405795923856,1.2716809932606374,2.607634617506631,0.5456974171625472,0.6158359922069061,0.6258556428976333,NA,NA,NA,0.017214664428284437,0.017544988365941955,NA
PS 17:0;0_18:1;0,PS,NA,0.5372516066916049,1.2189428797038337,0.862562817,1.0819884008787934,0.974018298,0.025473788580675522,0.025637698118390385,0.037778563,NA,0.022470526474288016,NA
PS 17:0;0_18:2;0,PS,NA,NA,NA,NA,NA,NA,NA,NA,NA,NA,NA,NA
PS 17:1;0_17:1;0,PS,0.004896583,NA,NA,NA,NA,NA,NA,NA,NA,NA,0.003624983,0.007403742
PS 17:1;0_18:0;0,PS,0.6539484378515431,0.033842279,NA,0.14427854972182366,0.19742727434130722,NA,NA,NA,NA,NA,NA,NA
PS 17:1;0_18:1;0,PS,NA,NA,NA,NA,0.022162403099667532,NA,NA,0.028853839203949624,0.035021728724517066,0.041119162400386516,0.031952644199808256,0.05045613
PS 18:0;0_18:0;0,PS,0.011832072176709103,0.017548198872578254,0.033092914550500785,NA,0.023907948580116533,0.023415468365338355,0.066549548,0.091431828,0.1021290065602029,0.063235466,0.065101575,0.13615147232041455
PS 18:0;0_18:1;0,PS,0.033284453,0.033512627,0.063785574,0.058013869,0.049389312,0.049280561066617684,0.071543743,0.056797432,0.055086958,0.038737255490732335,0.034501313,0.030710772012672402
PS 18:0;0_18:2;0,PS,NA,NA,NA,NA,NA,NA,NA,NA,NA,0.009365673,NA,NA
PS 18:1;0_18:1;0,PS,0.029519975269736865,0.040262253,0.033254921373459645,0.043613412,0.043245793105415625,0.03765275,0.10237609541504405,0.10258366072081979,0.13037191873604298,0.065637349,0.069118092,0.12391874985619139
PS 18:1;0_18:2;0,PS,NA,NA,NA,NA,NA,NA,NA,NA,NA,0.020444105,0.016360395556142725,NA
PS 18:1;0_18:3;0,PS,NA,NA,NA,NA,NA,NA,0.1990632920317805,NA,0.17830438228486148,0.056301239314050254,0.039707223,0.085508834
PS 18:1;0_19:1;0,PS,NA,NA,NA,NA,NA,NA,NA,NA,NA,NA,NA,NA
PS 18:2;0_18:2;0,PS,NA,NA,NA,NA,NA,NA,NA,NA,NA,0.007021294,0.010323976389992818,NA
