eid,id,rab,class,tails,hydrox,carbon,dbonds,rt,hydrsn1,carbsn1,dbonsn1,hydrsn2,carbsn2,dbonsn2,hydrsn3,carbsn3,dbonsn3,stereo,annot,frac_molar,group
1A,CL 62:1_28.64 | 14:0_15:0_16:0_17:1,0.023928173,CL,1,NA,62,1,28.64,NA,14,0,NA,15,0,NA,NA,NA,FALSE,14:0_15:0_16:0_17:1,0.191407565,1bar
1B,CL 62:1_28.64 | 14:0_15:0_16:0_17:1,0.011341134,CL,1,NA,62,1,28.64,NA,14,0,NA,15,0,NA,NA,NA,FALSE,14:0_15:0_16:0_17:1,0.090720628,1bar
250A,CL 62:1_28.64 | 14:0_15:0_16:0_17:1,0.042594397,CL,1,NA,62,1,28.64,NA,14,0,NA,15,0,NA,NA,NA,FALSE,14:0_15:0_16:0_17:1,0.340723464,250bar
250B,CL 62:1_28.64 | 14:0_15:0_16:0_17:1,0.047147931,CL,1,NA,62,1,28.64,NA,14,0,NA,15,0,NA,NA,NA,FALSE,14:0_15:0_16:0_17:1,0.377148343,250bar
1A,CL 62:1_28.64 | 14:0_16:0_16:0_16:1,0.040777465,CL,1,NA,62,1,28.64,NA,14,0,NA,16,0,NA,NA,NA,FALSE,14:0_16:0_16:0_16:1,0.160966676,1bar
1B,CL 62:1_28.64 | 14:0_16:0_16:0_16:1,0.044224558,CL,1,NA,62,1,28.64,NA,14,0,NA,16,0,NA,NA,NA,FALSE,14:0_16:0_16:0_16:1,0.174573876,1bar
250A,CL 62:1_28.64 | 14:0_16:0_16:0_16:1,0.08110353,CL,1,NA,62,1,28.64,NA,14,0,NA,16,0,NA,NA,NA,FALSE,14:0_16:0_16:0_16:1,0.320151474,250bar
250B,CL 62:1_28.64 | 14:0_16:0_16:0_16:1,0.087223063,CL,1,NA,62,1,28.64,NA,14,0,NA,16,0,NA,NA,NA,FALSE,14:0_16:0_16:0_16:1,0.344307974,250bar
1A,CL 62:1_28.64 | 15:0_15:0_16:0_16:1,0.006801358,CL,1,NA,62,1,28.64,NA,15,0,NA,15,0,NA,NA,NA,FALSE,15:0_15:0_16:0_16:1,0.189707989,1bar
1B,CL 62:1_28.64 | 15:0_15:0_16:0_16:1,0.009000822,CL,1,NA,62,1,28.64,NA,15,0,NA,15,0,NA,NA,NA,FALSE,15:0_15:0_16:0_16:1,0.251056889,1bar
250A,CL 62:1_28.64 | 15:0_15:0_16:0_16:1,0.006600602,CL,1,NA,62,1,28.64,NA,15,0,NA,15,0,NA,NA,NA,FALSE,15:0_15:0_16:0_16:1,0.18410835,250bar
250B,CL 62:1_28.64 | 15:0_15:0_16:0_16:1,0.013448941,CL,1,NA,62,1,28.64,NA,15,0,NA,15,0,NA,NA,NA,FALSE,15:0_15:0_16:0_16:1,0.375126773,250bar
1A,CL 62:3_28.55,0.040520271,CL,1,NA,62,3,28.55,NA,NA,NA,NA,NA,NA,NA,NA,NA,FALSE,62:03:00,0.158339687,1bar
250A,CL 62:3_28.55,0.076669579,CL,1,NA,62,3,28.55,NA,NA,NA,NA,NA,NA,NA,NA,NA,FALSE,62:03:00,0.299599108,250bar
250B,CL 62:3_28.55,0.118072534,CL,1,NA,62,3,28.55,NA,NA,NA,NA,NA,NA,NA,NA,NA,FALSE,62:03:00,0.461388029,250bar
250C,CL 62:3_28.55,0.020644849,CL,1,NA,62,3,28.55,NA,NA,NA,NA,NA,NA,NA,NA,NA,FALSE,62:03:00,0.080673176,250bar
1A,CL 63:1_28.82 | 14:0_16:0_16:0_17:1,1.696472674,CL,1,NA,63,1,28.82,NA,14,0,NA,16,0,NA,NA,NA,FALSE,14:0_16:0_16:0_17:1,0.188451802,1bar
1B,CL 63:1_28.82 | 14:0_16:0_16:0_17:1,1.535758501,CL,1,NA,63,1,28.82,NA,14,0,NA,16,0,NA,NA,NA,FALSE,14:0_16:0_16:0_17:1,0.17059895,1bar
1C,CL 63:1_28.82 | 14:0_16:0_16:0_17:1,1.847283596,CL,1,NA,63,1,28.82,NA,14,0,NA,16,0,NA,NA,NA,FALSE,14:0_16:0_16:0_17:1,0.205204556,1bar
250A,CL 63:1_28.82 | 14:0_16:0_16:0_17:1,2.815580647,CL,1,NA,63,1,28.82,NA,14,0,NA,16,0,NA,NA,NA,FALSE,14:0_16:0_16:0_17:1,0.312767341,250bar
250C,CL 63:1_28.82 | 14:0_16:0_16:0_17:1,1.1070614,CL,1,NA,63,1,28.82,NA,14,0,NA,16,0,NA,NA,NA,FALSE,14:0_16:0_16:0_17:1,0.122977351,250bar
1A,CL 63:2_28.57 | 14:1_16:0_16:0_17:1,0.026515951,CL,1,NA,63,2,28.57,NA,14,1,NA,16,0,NA,NA,NA,FALSE,14:1_16:0_16:0_17:1,0.190043954,1bar
250A,CL 63:2_28.57 | 14:1_16:0_16:0_17:1,0.062344829,CL,1,NA,63,2,28.57,NA,14,1,NA,16,0,NA,NA,NA,FALSE,14:1_16:0_16:0_17:1,0.44683511,250bar
250B,CL 63:2_28.57 | 14:1_16:0_16:0_17:1,0.050664579,CL,1,NA,63,2,28.57,NA,14,1,NA,16,0,NA,NA,NA,FALSE,14:1_16:0_16:0_17:1,0.363120936,250bar
1A,CL 64:0_29.21 | 16:0_16:0_16:0_16:0,0.213851203,CL,1,NA,64,0,29.21,NA,16,0,NA,16,0,NA,NA,NA,FALSE,16:0_16:0_16:0_16:0,0.20856277,1bar
1B,CL 64:0_29.21 | 16:0_16:0_16:0_16:0,0.194340869,CL,1,NA,64,0,29.21,NA,16,0,NA,16,0,NA,NA,NA,FALSE,16:0_16:0_16:0_16:0,0.189534917,1bar
1C,CL 64:0_29.21 | 16:0_16:0_16:0_16:0,0.377959598,CL,1,NA,64,0,29.21,NA,16,0,NA,16,0,NA,NA,NA,FALSE,16:0_16:0_16:0_16:0,0.368612847,1bar
250A,CL 64:0_29.21 | 16:0_16:0_16:0_16:0,0.068610044,CL,1,NA,64,0,29.21,NA,16,0,NA,16,0,NA,NA,NA,FALSE,16:0_16:0_16:0_16:0,0.066913352,250bar
250B,CL 64:0_29.21 | 16:0_16:0_16:0_16:0,0.121720767,CL,1,NA,64,0,29.21,NA,16,0,NA,16,0,NA,NA,NA,FALSE,16:0_16:0_16:0_16:0,0.118710673,250bar
250C,CL 64:0_29.21 | 16:0_16:0_16:0_16:0,0.048874073,CL,1,NA,64,0,29.21,NA,16,0,NA,16,0,NA,NA,NA,FALSE,16:0_16:0_16:0_16:0,0.047665441,250bar
1A,CL 64:1_28.94 | 14:0_16:0_16:0_18:1,0.021139067,CL,1,NA,64,1,28.94,NA,14,0,NA,16,0,NA,NA,NA,FALSE,14:0_16:0_16:0_18:1,0.160939754,1bar
1C,CL 64:1_28.94 | 14:0_16:0_16:0_18:1,0.022476303,CL,1,NA,64,1,28.94,NA,14,0,NA,16,0,NA,NA,NA,FALSE,14:0_16:0_16:0_18:1,0.171120642,1bar
250A,CL 64:1_28.94 | 14:0_16:0_16:0_18:1,0.027422753,CL,1,NA,64,1,28.94,NA,14,0,NA,16,0,NA,NA,NA,FALSE,14:0_16:0_16:0_18:1,0.208779841,250bar
250B,CL 64:1_28.94 | 14:0_16:0_16:0_18:1,0.060309581,CL,1,NA,64,1,28.94,NA,14,0,NA,16,0,NA,NA,NA,FALSE,14:0_16:0_16:0_18:1,0.459159763,250bar
1B,CL 64:1_28.94 | 14:0_16:0_17:0_17:1,0.009777815,CL,1,NA,64,1,28.94,NA,14,0,NA,16,0,NA,NA,NA,FALSE,14:0_16:0_17:0_17:1,0.290024955,1bar
250A,CL 64:1_28.94 | 14:0_16:0_17:0_17:1,0.01931378,CL,1,NA,64,1,28.94,NA,14,0,NA,16,0,NA,NA,NA,FALSE,14:0_16:0_17:0_17:1,0.572876283,250bar
250B,CL 64:1_28.94 | 14:0_16:0_17:0_17:1,0.004622107,CL,1,NA,64,1,28.94,NA,14,0,NA,16,0,NA,NA,NA,FALSE,14:0_16:0_17:0_17:1,0.137098761,250bar
1A,CL 64:1_28.94 | 15:0_16:0_16:0_17:1,0.066182419,CL,1,NA,64,1,28.94,NA,15,0,NA,16,0,NA,NA,NA,FALSE,15:0_16:0_16:0_17:1,0.176324795,1bar
1B,CL 64:1_28.94 | 15:0_16:0_16:0_17:1,0.044561876,CL,1,NA,64,1,28.94,NA,15,0,NA,16,0,NA,NA,NA,FALSE,15:0_16:0_16:0_17:1,0.118722824,1bar
1C,CL 64:1_28.94 | 15:0_16:0_16:0_17:1,0.05694679,CL,1,NA,64,1,28.94,NA,15,0,NA,16,0,NA,NA,NA,FALSE,15:0_16:0_16:0_17:1,0.151719008,1bar
250A,CL 64:1_28.94 | 15:0_16:0_16:0_17:1,0.066192401,CL,1,NA,64,1,28.94,NA,15,0,NA,16,0,NA,NA,NA,FALSE,15:0_16:0_16:0_17:1,0.176351388,250bar
250B,CL 64:1_28.94 | 15:0_16:0_16:0_17:1,0.092968877,CL,1,NA,64,1,28.94,NA,15,0,NA,16,0,NA,NA,NA,FALSE,15:0_16:0_16:0_17:1,0.247689922,250bar
250C,CL 64:1_28.94 | 15:0_16:0_16:0_17:1,0.04849144,CL,1,NA,64,1,28.94,NA,15,0,NA,16,0,NA,NA,NA,FALSE,15:0_16:0_16:0_17:1,0.129192063,250bar
1A,CL 64:1_28.94 | 16:0_16:0_16:0_16:1,0.037632834,CL,1,NA,64,1,28.94,NA,16,0,NA,16,0,NA,NA,NA,FALSE,16:0_16:0_16:0_16:1,0.234208669,1bar
1B,CL 64:1_28.94 | 16:0_16:0_16:0_16:1,0.041218921,CL,1,NA,64,1,28.94,NA,16,0,NA,16,0,NA,NA,NA,FALSE,16:0_16:0_16:0_16:1,0.256526746,1bar
1C,CL 64:1_28.94 | 16:0_16:0_16:0_16:1,0.035596479,CL,1,NA,64,1,28.94,NA,16,0,NA,16,0,NA,NA,NA,FALSE,16:0_16:0_16:0_16:1,0.221535376,1bar
250A,CL 64:1_28.94 | 16:0_16:0_16:0_16:1,0.046232557,CL,1,NA,64,1,28.94,NA,16,0,NA,16,0,NA,NA,NA,FALSE,16:0_16:0_16:0_16:1,0.287729209,250bar
1A,CL 64:2_28.73 | 14:0_16:0_17:1_17:1,0.125377711,CL,1,NA,64,2,28.73,NA,14,0,NA,16,0,NA,NA,NA,FALSE,14:0_16:0_17:1_17:1,0.169793828,1bar
1B,CL 64:2_28.73 | 14:0_16:0_17:1_17:1,0.105893019,CL,1,NA,64,2,28.73,NA,14,0,NA,16,0,NA,NA,NA,FALSE,14:0_16:0_17:1_17:1,0.143406519,1bar
1C,CL 64:2_28.73 | 14:0_16:0_17:1_17:1,0.117866711,CL,1,NA,64,2,28.73,NA,14,0,NA,16,0,NA,NA,NA,FALSE,14:0_16:0_17:1_17:1,0.159621993,1bar
250A,CL 64:2_28.73 | 14:0_16:0_17:1_17:1,0.145390667,CL,1,NA,64,2,28.73,NA,14,0,NA,16,0,NA,NA,NA,FALSE,14:0_16:0_17:1_17:1,0.196896544,250bar
250B,CL 64:2_28.73 | 14:0_16:0_17:1_17:1,0.190375488,CL,1,NA,64,2,28.73,NA,14,0,NA,16,0,NA,NA,NA,FALSE,14:0_16:0_17:1_17:1,0.25781762,250bar
250C,CL 64:2_28.73 | 14:0_16:0_17:1_17:1,0.053507876,CL,1,NA,64,2,28.73,NA,14,0,NA,16,0,NA,NA,NA,FALSE,14:0_16:0_17:1_17:1,0.072463495,250bar
1A,CL 64:3_28.89,0.047151121,CL,1,NA,64,3,28.89,NA,NA,NA,NA,NA,NA,NA,NA,NA,FALSE,64:03:00,0.183096783,1bar
1B,CL 64:3_28.89,0.045415566,CL,1,NA,64,3,28.89,NA,NA,NA,NA,NA,NA,NA,NA,NA,FALSE,64:03:00,0.176357291,1bar
1C,CL 64:3_28.89,0.037960731,CL,1,NA,64,3,28.89,NA,NA,NA,NA,NA,NA,NA,NA,NA,FALSE,64:03:00,0.14740875,1bar
250A,CL 64:3_28.89,0.03680316,CL,1,NA,64,3,28.89,NA,NA,NA,NA,NA,NA,NA,NA,NA,FALSE,64:03:00,0.14291368,250bar
250B,CL 64:3_28.89,0.072811331,CL,1,NA,64,3,28.89,NA,NA,NA,NA,NA,NA,NA,NA,NA,FALSE,64:03:00,0.282740263,250bar
250C,CL 64:3_28.89,0.017378296,CL,1,NA,64,3,28.89,NA,NA,NA,NA,NA,NA,NA,NA,NA,FALSE,64:03:00,0.067483233,250bar
1A,CL 65:1_29.12 | 14:0_16:0_16:0_19:1,0.557117724,CL,1,NA,65,1,29.12,NA,14,0,NA,16,0,NA,NA,NA,FALSE,14:0_16:0_16:0_19:1,0.150647485,1bar
1B,CL 65:1_29.12 | 14:0_16:0_16:0_19:1,0.527682559,CL,1,NA,65,1,29.12,NA,14,0,NA,16,0,NA,NA,NA,FALSE,14:0_16:0_16:0_19:1,0.142688065,1bar
1C,CL 65:1_29.12 | 14:0_16:0_16:0_19:1,0.687681323,CL,1,NA,65,1,29.12,NA,14,0,NA,16,0,NA,NA,NA,FALSE,14:0_16:0_16:0_19:1,0.18595255,1bar
250A,CL 65:1_29.12 | 14:0_16:0_16:0_19:1,0.76902815,CL,1,NA,65,1,29.12,NA,14,0,NA,16,0,NA,NA,NA,FALSE,14:0_16:0_16:0_19:1,0.207949148,250bar
250B,CL 65:1_29.12 | 14:0_16:0_16:0_19:1,0.848083195,CL,1,NA,65,1,29.12,NA,14,0,NA,16,0,NA,NA,NA,FALSE,14:0_16:0_16:0_19:1,0.229326037,250bar
250C,CL 65:1_29.12 | 14:0_16:0_16:0_19:1,0.30856189,CL,1,NA,65,1,29.12,NA,14,0,NA,16,0,NA,NA,NA,FALSE,14:0_16:0_16:0_19:1,0.083436715,250bar
1A,CL 65:1_29.12 | 16:0_16:0_16:0_17:1,1.510355589,CL,1,NA,65,1,29.12,NA,16,0,NA,16,0,NA,NA,NA,FALSE,16:0_16:0_16:0_17:1,0.196131689,1bar
1B,CL 65:1_29.12 | 16:0_16:0_16:0_17:1,1.402425946,CL,1,NA,65,1,29.12,NA,16,0,NA,16,0,NA,NA,NA,FALSE,16:0_16:0_16:0_17:1,0.182116166,1bar
1C,CL 65:1_29.12 | 16:0_16:0_16:0_17:1,1.878647395,CL,1,NA,65,1,29.12,NA,16,0,NA,16,0,NA,NA,NA,FALSE,16:0_16:0_16:0_17:1,0.24395731,1bar
250A,CL 65:1_29.12 | 16:0_16:0_16:0_17:1,1.132138741,CL,1,NA,65,1,29.12,NA,16,0,NA,16,0,NA,NA,NA,FALSE,16:0_16:0_16:0_17:1,0.147017222,250bar
250B,CL 65:1_29.12 | 16:0_16:0_16:0_17:1,1.251829817,CL,1,NA,65,1,29.12,NA,16,0,NA,16,0,NA,NA,NA,FALSE,16:0_16:0_16:0_17:1,0.162560061,250bar
250C,CL 65:1_29.12 | 16:0_16:0_16:0_17:1,0.525324394,CL,1,NA,65,1,29.12,NA,16,0,NA,16,0,NA,NA,NA,FALSE,16:0_16:0_16:0_17:1,0.068217552,250bar
1A,CL 65:2_28.89 | 15:0_16:0_17:1_17:1,0.037703592,CL,1,NA,65,2,28.89,NA,15,0,NA,16,0,NA,NA,NA,FALSE,15:0_16:0_17:1_17:1,0.162595559,1bar
1B,CL 65:2_28.89 | 15:0_16:0_17:1_17:1,0.036598144,CL,1,NA,65,2,28.89,NA,15,0,NA,16,0,NA,NA,NA,FALSE,15:0_16:0_17:1_17:1,0.157828348,1bar
1C,CL 65:2_28.89 | 15:0_16:0_17:1_17:1,0.032196876,CL,1,NA,65,2,28.89,NA,15,0,NA,16,0,NA,NA,NA,FALSE,15:0_16:0_17:1_17:1,0.138848017,1bar
250A,CL 65:2_28.89 | 15:0_16:0_17:1_17:1,0.060359692,CL,1,NA,65,2,28.89,NA,15,0,NA,16,0,NA,NA,NA,FALSE,15:0_16:0_17:1_17:1,0.260299282,250bar
250B,CL 65:2_28.89 | 15:0_16:0_17:1_17:1,0.052396372,CL,1,NA,65,2,28.89,NA,15,0,NA,16,0,NA,NA,NA,FALSE,15:0_16:0_17:1_17:1,0.225957713,250bar
250C,CL 65:2_28.89 | 15:0_16:0_17:1_17:1,0.012631067,CL,1,NA,65,2,28.89,NA,15,0,NA,16,0,NA,NA,NA,FALSE,15:0_16:0_17:1_17:1,0.054471081,250bar
1A,CL 65:2_28.89 | 16:0_16:0_16:1_17:1,0.115554849,CL,1,NA,65,2,28.89,NA,16,0,NA,16,0,NA,NA,NA,FALSE,16:0_16:0_16:1_17:1,0.13305731,1bar
1B,CL 65:2_28.89 | 16:0_16:0_16:1_17:1,0.114530083,CL,1,NA,65,2,28.89,NA,16,0,NA,16,0,NA,NA,NA,FALSE,16:0_16:0_16:1_17:1,0.131877329,1bar
1C,CL 65:2_28.89 | 16:0_16:0_16:1_17:1,0.149750485,CL,1,NA,65,2,28.89,NA,16,0,NA,16,0,NA,NA,NA,FALSE,16:0_16:0_16:1_17:1,0.172432372,1bar
250A,CL 65:2_28.89 | 16:0_16:0_16:1_17:1,0.263330829,CL,1,NA,65,2,28.89,NA,16,0,NA,16,0,NA,NA,NA,FALSE,16:0_16:0_16:1_17:1,0.303216111,250bar
250B,CL 65:2_28.89 | 16:0_16:0_16:1_17:1,0.128972719,CL,1,NA,65,2,28.89,NA,16,0,NA,16,0,NA,NA,NA,FALSE,16:0_16:0_16:1_17:1,0.148507512,250bar
250C,CL 65:2_28.89 | 16:0_16:0_16:1_17:1,0.096320263,CL,1,NA,65,2,28.89,NA,16,0,NA,16,0,NA,NA,NA,FALSE,16:0_16:0_16:1_17:1,0.110909367,250bar
1A,CL 65:4_28.80,0.174483754,CL,1,NA,65,4,28.8,NA,NA,NA,NA,NA,NA,NA,NA,NA,FALSE,65:04:00,0.147856033,1bar
1B,CL 65:4_28.80,0.181045978,CL,1,NA,65,4,28.8,NA,NA,NA,NA,NA,NA,NA,NA,NA,FALSE,65:04:00,0.153416805,1bar
1C,CL 65:4_28.80,0.156351749,CL,1,NA,65,4,28.8,NA,NA,NA,NA,NA,NA,NA,NA,NA,FALSE,65:04:00,0.132491128,1bar
250A,CL 65:4_28.80,0.230104394,CL,1,NA,65,4,28.8,NA,NA,NA,NA,NA,NA,NA,NA,NA,FALSE,65:04:00,0.194988486,250bar
250B,CL 65:4_28.80,0.330409512,CL,1,NA,65,4,28.8,NA,NA,NA,NA,NA,NA,NA,NA,NA,FALSE,65:04:00,0.279986181,250bar
250C,CL 65:4_28.80,0.107696828,CL,1,NA,65,4,28.8,NA,NA,NA,NA,NA,NA,NA,NA,NA,FALSE,65:04:00,0.091261367,250bar
1A,CL 66:2_29.03 | 14:0_16:0_17:1_19:1,0.170733148,CL,1,NA,66,2,29.03,NA,14,0,NA,16,0,NA,NA,NA,FALSE,14:0_16:0_17:1_19:1,0.148850279,1bar
1B,CL 66:2_29.03 | 14:0_16:0_17:1_19:1,0.166241671,CL,1,NA,66,2,29.03,NA,14,0,NA,16,0,NA,NA,NA,FALSE,14:0_16:0_17:1_19:1,0.144934475,1bar
1C,CL 66:2_29.03 | 14:0_16:0_17:1_19:1,0.153629837,CL,1,NA,66,2,29.03,NA,14,0,NA,16,0,NA,NA,NA,FALSE,14:0_16:0_17:1_19:1,0.133939101,1bar
250A,CL 66:2_29.03 | 14:0_16:0_17:1_19:1,0.267703901,CL,1,NA,66,2,29.03,NA,14,0,NA,16,0,NA,NA,NA,FALSE,14:0_16:0_17:1_19:1,0.233392291,250bar
250B,CL 66:2_29.03 | 14:0_16:0_17:1_19:1,0.318726987,CL,1,NA,66,2,29.03,NA,14,0,NA,16,0,NA,NA,NA,FALSE,14:0_16:0_17:1_19:1,0.277875748,250bar
250C,CL 66:2_29.03 | 14:0_16:0_17:1_19:1,0.069977067,CL,1,NA,66,2,29.03,NA,14,0,NA,16,0,NA,NA,NA,FALSE,14:0_16:0_17:1_19:1,0.061008106,250bar
1A,CL 66:2_29.03 | 16:0_16:0_17:1_17:1,2.278566259,CL,1,NA,66,2,29.03,NA,16,0,NA,16,0,NA,NA,NA,FALSE,16:0_16:0_17:1_17:1,0.204327479,1bar
1B,CL 66:2_29.03 | 16:0_16:0_17:1_17:1,2.084117522,CL,1,NA,66,2,29.03,NA,16,0,NA,16,0,NA,NA,NA,FALSE,16:0_16:0_17:1_17:1,0.18689054,1bar
1C,CL 66:2_29.03 | 16:0_16:0_17:1_17:1,2.207874748,CL,1,NA,66,2,29.03,NA,16,0,NA,16,0,NA,NA,NA,FALSE,16:0_16:0_17:1_17:1,0.197988309,1bar
250A,CL 66:2_29.03 | 16:0_16:0_17:1_17:1,1.604835568,CL,1,NA,66,2,29.03,NA,16,0,NA,16,0,NA,NA,NA,FALSE,16:0_16:0_17:1_17:1,0.143911551,250bar
250B,CL 66:2_29.03 | 16:0_16:0_17:1_17:1,2.281158425,CL,1,NA,66,2,29.03,NA,16,0,NA,16,0,NA,NA,NA,FALSE,16:0_16:0_17:1_17:1,0.204559928,250bar
250C,CL 66:2_29.03 | 16:0_16:0_17:1_17:1,0.694988487,CL,1,NA,66,2,29.03,NA,16,0,NA,16,0,NA,NA,NA,FALSE,16:0_16:0_17:1_17:1,0.062322193,250bar
1A,CL 67:1_29.46 | 16:0_16:0_16:0_19:1,0.575745809,CL,1,NA,67,1,29.46,NA,16,0,NA,16,0,NA,NA,NA,FALSE,16:0_16:0_16:0_19:1,0.207680054,1bar
1B,CL 67:1_29.46 | 16:0_16:0_16:0_19:1,0.651505388,CL,1,NA,67,1,29.46,NA,16,0,NA,16,0,NA,NA,NA,FALSE,16:0_16:0_16:0_19:1,0.235007658,1bar
1C,CL 67:1_29.46 | 16:0_16:0_16:0_19:1,0.607634693,CL,1,NA,67,1,29.46,NA,16,0,NA,16,0,NA,NA,NA,FALSE,16:0_16:0_16:0_19:1,0.219182848,1bar
250A,CL 67:1_29.46 | 16:0_16:0_16:0_19:1,0.334458803,CL,1,NA,67,1,29.46,NA,16,0,NA,16,0,NA,NA,NA,FALSE,16:0_16:0_16:0_19:1,0.120644252,250bar
250B,CL 67:1_29.46 | 16:0_16:0_16:0_19:1,0.470117935,CL,1,NA,67,1,29.46,NA,16,0,NA,16,0,NA,NA,NA,FALSE,16:0_16:0_16:0_19:1,0.169578513,250bar
250C,CL 67:1_29.46 | 16:0_16:0_16:0_19:1,0.132810381,CL,1,NA,67,1,29.46,NA,16,0,NA,16,0,NA,NA,NA,FALSE,16:0_16:0_16:0_19:1,0.047906675,250bar
1A,CL 67:1_29.46 | 16:0_16:0_17:1_18:0,0.098303573,CL,1,NA,67,1,29.46,NA,16,0,NA,16,0,NA,NA,NA,FALSE,16:0_16:0_17:1_18:0,0.225738437,1bar
1B,CL 67:1_29.46 | 16:0_16:0_17:1_18:0,0.123589629,CL,1,NA,67,1,29.46,NA,16,0,NA,16,0,NA,NA,NA,FALSE,16:0_16:0_17:1_18:0,0.283803822,1bar
1C,CL 67:1_29.46 | 16:0_16:0_17:1_18:0,0.123647517,CL,1,NA,67,1,29.46,NA,16,0,NA,16,0,NA,NA,NA,FALSE,16:0_16:0_17:1_18:0,0.283936753,1bar
250B,CL 67:1_29.46 | 16:0_16:0_17:1_18:0,0.089934843,CL,1,NA,67,1,29.46,NA,16,0,NA,16,0,NA,NA,NA,FALSE,16:0_16:0_17:1_18:0,0.206520988,250bar
1A,CL 67:2_29.21 | 15:0_16:0_17:1_19:1,0.015895931,CL,1,NA,67,2,29.21,NA,15,0,NA,16,0,NA,NA,NA,FALSE,15:0_16:0_17:1_19:1,0.125969491,1bar
1B,CL 67:2_29.21 | 15:0_16:0_17:1_19:1,0.016110651,CL,1,NA,67,2,29.21,NA,15,0,NA,16,0,NA,NA,NA,FALSE,15:0_16:0_17:1_19:1,0.127671062,1bar
1C,CL 67:2_29.21 | 15:0_16:0_17:1_19:1,0.041563963,CL,1,NA,67,2,29.21,NA,15,0,NA,16,0,NA,NA,NA,FALSE,15:0_16:0_17:1_19:1,0.329379328,1bar
250A,CL 67:2_29.21 | 15:0_16:0_17:1_19:1,0.037589287,CL,1,NA,67,2,29.21,NA,15,0,NA,16,0,NA,NA,NA,FALSE,15:0_16:0_17:1_19:1,0.297881468,250bar
250C,CL 67:2_29.21 | 15:0_16:0_17:1_19:1,0.015028909,CL,1,NA,67,2,29.21,NA,15,0,NA,16,0,NA,NA,NA,FALSE,15:0_16:0_17:1_19:1,0.119098651,250bar
1A,CL 67:2_29.21 | 16:0_16:0_16:1_19:1,0.034352583,CL,1,NA,67,2,29.21,NA,16,0,NA,16,0,NA,NA,NA,FALSE,16:0_16:0_16:1_19:1,0.237611466,1bar
1B,CL 67:2_29.21 | 16:0_16:0_16:1_19:1,0.03505662,CL,1,NA,67,2,29.21,NA,16,0,NA,16,0,NA,NA,NA,FALSE,16:0_16:0_16:1_19:1,0.242481183,1bar
250A,CL 67:2_29.21 | 16:0_16:0_16:1_19:1,0.075165397,CL,1,NA,67,2,29.21,NA,16,0,NA,16,0,NA,NA,NA,FALSE,16:0_16:0_16:1_19:1,0.519907351,250bar
1A,CL 67:2_29.21 | 16:0_16:0_17:1_18:1,0.048024515,CL,1,NA,67,2,29.21,NA,16,0,NA,16,0,NA,NA,NA,FALSE,16:0_16:0_17:1_18:1,0.183109033,1bar
1B,CL 67:2_29.21 | 16:0_16:0_17:1_18:1,0.048779726,CL,1,NA,67,2,29.21,NA,16,0,NA,16,0,NA,NA,NA,FALSE,16:0_16:0_17:1_18:1,0.185988522,1bar
1C,CL 67:2_29.21 | 16:0_16:0_17:1_18:1,0.080501705,CL,1,NA,67,2,29.21,NA,16,0,NA,16,0,NA,NA,NA,FALSE,16:0_16:0_17:1_18:1,0.306938851,1bar
250A,CL 67:2_29.21 | 16:0_16:0_17:1_18:1,0.084966832,CL,1,NA,67,2,29.21,NA,16,0,NA,16,0,NA,NA,NA,FALSE,16:0_16:0_17:1_18:1,0.323963594,250bar
1A,CL 67:2_29.21 | 16:0_17:0_17:1_17:1,0.018484673,CL,1,NA,67,2,29.21,NA,16,0,NA,17,0,NA,NA,NA,FALSE,16:0_17:0_17:1_17:1,0.145603826,1bar
1B,CL 67:2_29.21 | 16:0_17:0_17:1_17:1,0.020621978,CL,1,NA,67,2,29.21,NA,16,0,NA,17,0,NA,NA,NA,FALSE,16:0_17:0_17:1_17:1,0.162439385,1bar
250A,CL 67:2_29.21 | 16:0_17:0_17:1_17:1,0.05255299,CL,1,NA,67,2,29.21,NA,16,0,NA,17,0,NA,NA,NA,FALSE,16:0_17:0_17:1_17:1,0.41396007,250bar
250C,CL 67:2_29.21 | 16:0_17:0_17:1_17:1,0.035292193,CL,1,NA,67,2,29.21,NA,16,0,NA,17,0,NA,NA,NA,FALSE,16:0_17:0_17:1_17:1,0.277996719,250bar
1A,CL 67:3_28.96 | 16:0_17:1_17:1_17:1,0.085161107,CL,1,NA,67,3,28.96,NA,16,0,NA,17,1,NA,NA,NA,FALSE,16:0_17:1_17:1_17:1,0.181851202,1bar
1B,CL 67:3_28.96 | 16:0_17:1_17:1_17:1,0.088508984,CL,1,NA,67,3,28.96,NA,16,0,NA,17,1,NA,NA,NA,FALSE,16:0_17:1_17:1_17:1,0.189000185,1bar
1C,CL 67:3_28.96 | 16:0_17:1_17:1_17:1,0.069627705,CL,1,NA,67,3,28.96,NA,16,0,NA,17,1,NA,NA,NA,FALSE,16:0_17:1_17:1_17:1,0.148681507,1bar
250A,CL 67:3_28.96 | 16:0_17:1_17:1_17:1,0.126168192,CL,1,NA,67,3,28.96,NA,16,0,NA,17,1,NA,NA,NA,FALSE,16:0_17:1_17:1_17:1,0.269416852,250bar
250B,CL 67:3_28.96 | 16:0_17:1_17:1_17:1,0.098835054,CL,1,NA,67,3,28.96,NA,16,0,NA,17,1,NA,NA,NA,FALSE,16:0_17:1_17:1_17:1,0.211050255,250bar
1A,CL 67:4_29.12,0.189360654,CL,1,NA,67,4,29.12,NA,NA,NA,NA,NA,NA,NA,NA,NA,FALSE,67:04:00,0.180735672,1bar
1B,CL 67:4_29.12,0.183399195,CL,1,NA,67,4,29.12,NA,NA,NA,NA,NA,NA,NA,NA,NA,FALSE,67:04:00,0.175045745,1bar
1C,CL 67:4_29.12,0.194162775,CL,1,NA,67,4,29.12,NA,NA,NA,NA,NA,NA,NA,NA,NA,FALSE,67:04:00,0.185319067,1bar
250A,CL 67:4_29.12,0.159792228,CL,1,NA,67,4,29.12,NA,NA,NA,NA,NA,NA,NA,NA,NA,FALSE,67:04:00,0.152514027,250bar
250B,CL 67:4_29.12,0.236029109,CL,1,NA,67,4,29.12,NA,NA,NA,NA,NA,NA,NA,NA,NA,FALSE,67:04:00,0.225278477,250bar
250C,CL 67:4_29.12,0.084977562,CL,1,NA,67,4,29.12,NA,NA,NA,NA,NA,NA,NA,NA,NA,FALSE,67:04:00,0.081107012,250bar
1A,CL 68:2_29.35 | 16:0_16:0_17:1_19:1,2.248118777,CL,1,NA,68,2,29.35,NA,16,0,NA,16,0,NA,NA,NA,FALSE,16:0_16:0_17:1_19:1,0.196997628,1bar
1B,CL 68:2_29.35 | 16:0_16:0_17:1_19:1,2.064002258,CL,1,NA,68,2,29.35,NA,16,0,NA,16,0,NA,NA,NA,FALSE,16:0_16:0_17:1_19:1,0.180863909,1bar
1C,CL 68:2_29.35 | 16:0_16:0_17:1_19:1,1.79406978,CL,1,NA,68,2,29.35,NA,16,0,NA,16,0,NA,NA,NA,FALSE,16:0_16:0_17:1_19:1,0.157210328,1bar
250A,CL 68:2_29.35 | 16:0_16:0_17:1_19:1,1.949055497,CL,1,NA,68,2,29.35,NA,16,0,NA,16,0,NA,NA,NA,FALSE,16:0_16:0_17:1_19:1,0.170791381,250bar
250B,CL 68:2_29.35 | 16:0_16:0_17:1_19:1,2.815551734,CL,1,NA,68,2,29.35,NA,16,0,NA,16,0,NA,NA,NA,FALSE,16:0_16:0_17:1_19:1,0.246720511,250bar
250C,CL 68:2_29.35 | 16:0_16:0_17:1_19:1,0.5411098,CL,1,NA,68,2,29.35,NA,16,0,NA,16,0,NA,NA,NA,FALSE,16:0_16:0_17:1_19:1,0.047416243,250bar
1A,CL 68:5_29.03,0.183065338,CL,1,NA,68,5,29.03,NA,NA,NA,NA,NA,NA,NA,NA,NA,FALSE,68:05:00,0.154433619,1bar
1B,CL 68:5_29.03,0.21416568,CL,1,NA,68,5,29.03,NA,NA,NA,NA,NA,NA,NA,NA,NA,FALSE,68:05:00,0.180669818,1bar
1C,CL 68:5_29.03,0.227757353,CL,1,NA,68,5,29.03,NA,NA,NA,NA,NA,NA,NA,NA,NA,FALSE,68:05:00,0.192135731,1bar
250A,CL 68:5_29.03,0.194727489,CL,1,NA,68,5,29.03,NA,NA,NA,NA,NA,NA,NA,NA,NA,FALSE,68:05:00,0.164271792,250bar
250B,CL 68:5_29.03,0.262441048,CL,1,NA,68,5,29.03,NA,NA,NA,NA,NA,NA,NA,NA,NA,FALSE,68:05:00,0.221394839,250bar
250C,CL 68:5_29.03,0.103241312,CL,1,NA,68,5,29.03,NA,NA,NA,NA,NA,NA,NA,NA,NA,FALSE,68:05:00,0.087094202,250bar
1A,CL 69:2_29.53 | 16:0_16:0_18:1_19:1,0.025147174,CL,1,NA,69,2,29.53,NA,16,0,NA,16,0,NA,NA,NA,FALSE,16:0_16:0_18:1_19:1,0.271158906,1bar
1B,CL 69:2_29.53 | 16:0_16:0_18:1_19:1,0.024231639,CL,1,NA,69,2,29.53,NA,16,0,NA,16,0,NA,NA,NA,FALSE,16:0_16:0_18:1_19:1,0.261286802,1bar
250A,CL 69:2_29.53 | 16:0_16:0_18:1_19:1,0.043360807,CL,1,NA,69,2,29.53,NA,16,0,NA,16,0,NA,NA,NA,FALSE,16:0_16:0_18:1_19:1,0.467554292,250bar
1A,CL 69:2_29.53 | 16:0_17:0_17:1_19:1,0.026082877,CL,1,NA,69,2,29.53,NA,16,0,NA,17,0,NA,NA,NA,FALSE,16:0_17:0_17:1_19:1,0.125268253,1bar
1B,CL 69:2_29.53 | 16:0_17:0_17:1_19:1,0.037226038,CL,1,NA,69,2,29.53,NA,16,0,NA,17,0,NA,NA,NA,FALSE,16:0_17:0_17:1_19:1,0.178785522,1bar
250A,CL 69:2_29.53 | 16:0_17:0_17:1_19:1,0.072825898,CL,1,NA,69,2,29.53,NA,16,0,NA,17,0,NA,NA,NA,FALSE,16:0_17:0_17:1_19:1,0.349760996,250bar
250B,CL 69:2_29.53 | 16:0_17:0_17:1_19:1,0.072081366,CL,1,NA,69,2,29.53,NA,16,0,NA,17,0,NA,NA,NA,FALSE,16:0_17:0_17:1_19:1,0.346185228,250bar
1A,CL 69:3_29.28 | 14:0_17:1_19:1_19:1,0.025209172,CL,1,NA,69,3,29.28,NA,14,0,NA,17,1,NA,NA,NA,FALSE,14:0_17:1_19:1_19:1,0.169143409,1bar
250A,CL 69:3_29.28 | 14:0_17:1_19:1_19:1,0.048151022,CL,1,NA,69,3,29.28,NA,14,0,NA,17,1,NA,NA,NA,FALSE,14:0_17:1_19:1_19:1,0.323074002,250bar
250B,CL 69:3_29.28 | 14:0_17:1_19:1_19:1,0.075680032,CL,1,NA,69,3,29.28,NA,14,0,NA,17,1,NA,NA,NA,FALSE,14:0_17:1_19:1_19:1,0.507782589,250bar
1A,CL 69:3_29.28 | 16:0_17:1_17:1_19:1,0.399718034,CL,1,NA,69,3,29.28,NA,16,0,NA,17,1,NA,NA,NA,FALSE,16:0_17:1_17:1_19:1,0.140309003,1bar
1B,CL 69:3_29.28 | 16:0_17:1_17:1_19:1,0.452068998,CL,1,NA,69,3,29.28,NA,16,0,NA,17,1,NA,NA,NA,FALSE,16:0_17:1_17:1_19:1,0.158685235,1bar
1C,CL 69:3_29.28 | 16:0_17:1_17:1_19:1,0.515340817,CL,1,NA,69,3,29.28,NA,16,0,NA,17,1,NA,NA,NA,FALSE,16:0_17:1_17:1_19:1,0.180894905,1bar
250A,CL 69:3_29.28 | 16:0_17:1_17:1_19:1,0.704075945,CL,1,NA,69,3,29.28,NA,16,0,NA,17,1,NA,NA,NA,FALSE,16:0_17:1_17:1_19:1,0.2471447,250bar
250B,CL 69:3_29.28 | 16:0_17:1_17:1_19:1,0.6129751,CL,1,NA,69,3,29.28,NA,16,0,NA,17,1,NA,NA,NA,FALSE,16:0_17:1_17:1_19:1,0.215166486,250bar
250C,CL 69:3_29.28 | 16:0_17:1_17:1_19:1,0.164662071,CL,1,NA,69,3,29.28,NA,16,0,NA,17,1,NA,NA,NA,FALSE,16:0_17:1_17:1_19:1,0.057799671,250bar
1A,CL 69:4_29.44,0.061139344,CL,1,NA,69,4,29.44,NA,NA,NA,NA,NA,NA,NA,NA,NA,FALSE,69:04:00,0.244033164,1bar
1B,CL 69:4_29.44,0.066034066,CL,1,NA,69,4,29.44,NA,NA,NA,NA,NA,NA,NA,NA,NA,FALSE,69:04:00,0.263570086,1bar
1C,CL 69:4_29.44,0.062439259,CL,1,NA,69,4,29.44,NA,NA,NA,NA,NA,NA,NA,NA,NA,FALSE,69:04:00,0.249221678,1bar
250A,CL 69:4_29.44,0.021880118,CL,1,NA,69,4,29.44,NA,NA,NA,NA,NA,NA,NA,NA,NA,FALSE,69:04:00,0.087332869,250bar
250B,CL 69:4_29.44,0.039044242,CL,1,NA,69,4,29.44,NA,NA,NA,NA,NA,NA,NA,NA,NA,FALSE,69:04:00,0.155842203,250bar
1A,CL 70:2_29.71 | 16:0_16:0_19:1_19:1,0.576250817,CL,1,NA,70,2,29.71,NA,16,0,NA,16,0,NA,NA,NA,FALSE,16:0_16:0_19:1_19:1,0.198693324,1bar
1B,CL 70:2_29.71 | 16:0_16:0_19:1_19:1,0.766182299,CL,1,NA,70,2,29.71,NA,16,0,NA,16,0,NA,NA,NA,FALSE,16:0_16:0_19:1_19:1,0.264182372,1bar
1C,CL 70:2_29.71 | 16:0_16:0_19:1_19:1,0.447199615,CL,1,NA,70,2,29.71,NA,16,0,NA,16,0,NA,NA,NA,FALSE,16:0_16:0_19:1_19:1,0.154196012,1bar
250A,CL 70:2_29.71 | 16:0_16:0_19:1_19:1,0.348054358,CL,1,NA,70,2,29.71,NA,16,0,NA,16,0,NA,NA,NA,FALSE,16:0_16:0_19:1_19:1,0.120010376,250bar
250B,CL 70:2_29.71 | 16:0_16:0_19:1_19:1,0.666634061,CL,1,NA,70,2,29.71,NA,16,0,NA,16,0,NA,NA,NA,FALSE,16:0_16:0_19:1_19:1,0.229857786,250bar
250C,CL 70:2_29.71 | 16:0_16:0_19:1_19:1,0.095881063,CL,1,NA,70,2,29.71,NA,16,0,NA,16,0,NA,NA,NA,FALSE,16:0_16:0_19:1_19:1,0.03306013,250bar
1A,CL 70:2_29.71 | 16:0_17:1_18:0_19:1,0.040091546,CL,1,NA,70,2,29.71,NA,16,0,NA,17,1,NA,NA,NA,FALSE,16:0_17:1_18:0_19:1,0.184160732,1bar
1B,CL 70:2_29.71 | 16:0_17:1_18:0_19:1,0.055983415,CL,1,NA,70,2,29.71,NA,16,0,NA,17,1,NA,NA,NA,FALSE,16:0_17:1_18:0_19:1,0.257160115,1bar
250A,CL 70:2_29.71 | 16:0_17:1_18:0_19:1,0.03540963,CL,1,NA,70,2,29.71,NA,16,0,NA,17,1,NA,NA,NA,FALSE,16:0_17:1_18:0_19:1,0.162654325,250bar
250B,CL 70:2_29.71 | 16:0_17:1_18:0_19:1,0.086214078,CL,1,NA,70,2,29.71,NA,16,0,NA,17,1,NA,NA,NA,FALSE,16:0_17:1_18:0_19:1,0.396024828,250bar
1A,CL 70:5_29.35,0.217918543,CL,1,NA,70,5,29.35,NA,NA,NA,NA,NA,NA,NA,NA,NA,FALSE,70:05:00,0.188648946,1bar
1B,CL 70:5_29.35,0.241042418,CL,1,NA,70,5,29.35,NA,NA,NA,NA,NA,NA,NA,NA,NA,FALSE,70:05:00,0.208666952,1bar
1C,CL 70:5_29.35,0.232903982,CL,1,NA,70,5,29.35,NA,NA,NA,NA,NA,NA,NA,NA,NA,FALSE,70:05:00,0.201621624,1bar
250A,CL 70:5_29.35,0.18462945,CL,1,NA,70,5,29.35,NA,NA,NA,NA,NA,NA,NA,NA,NA,FALSE,70:05:00,0.159831057,250bar
250B,CL 70:5_29.35,0.278659388,CL,1,NA,70,5,29.35,NA,NA,NA,NA,NA,NA,NA,NA,NA,FALSE,70:05:00,0.241231421,250bar
1A,CL 71:3_29.62 | 16:0_17:1_19:1_19:1,0.426390742,CL,1,NA,71,3,29.62,NA,16,0,NA,17,1,NA,NA,NA,FALSE,16:0_17:1_19:1_19:1,0.127969834,1bar
1B,CL 71:3_29.62 | 16:0_17:1_19:1_19:1,0.532973083,CL,1,NA,71,3,29.62,NA,16,0,NA,17,1,NA,NA,NA,FALSE,16:0_17:1_19:1_19:1,0.159957687,1bar
1C,CL 71:3_29.62 | 16:0_17:1_19:1_19:1,0.474382534,CL,1,NA,71,3,29.62,NA,16,0,NA,17,1,NA,NA,NA,FALSE,16:0_17:1_19:1_19:1,0.142373293,1bar
250A,CL 71:3_29.62 | 16:0_17:1_19:1_19:1,0.791223352,CL,1,NA,71,3,29.62,NA,16,0,NA,17,1,NA,NA,NA,FALSE,16:0_17:1_19:1_19:1,0.237464632,250bar
250B,CL 71:3_29.62 | 16:0_17:1_19:1_19:1,0.886236203,CL,1,NA,71,3,29.62,NA,16,0,NA,17,1,NA,NA,NA,FALSE,16:0_17:1_19:1_19:1,0.265980211,250bar
250C,CL 71:3_29.62 | 16:0_17:1_19:1_19:1,0.220757015,CL,1,NA,71,3,29.62,NA,16,0,NA,17,1,NA,NA,NA,FALSE,16:0_17:1_19:1_19:1,0.066254343,250bar
1A,CL 71:6_29.28,0.046090307,CL,1,NA,71,6,29.28,NA,NA,NA,NA,NA,NA,NA,NA,NA,FALSE,71:06:00,0.178363931,1bar
1B,CL 71:6_29.28,0.04355023,CL,1,NA,71,6,29.28,NA,NA,NA,NA,NA,NA,NA,NA,NA,FALSE,71:06:00,0.168534141,1bar
1C,CL 71:6_29.28,0.042241304,CL,1,NA,71,6,29.28,NA,NA,NA,NA,NA,NA,NA,NA,NA,FALSE,71:06:00,0.163468755,1bar
250A,CL 71:6_29.28,0.053915728,CL,1,NA,71,6,29.28,NA,NA,NA,NA,NA,NA,NA,NA,NA,FALSE,71:06:00,0.208647369,250bar
250B,CL 71:6_29.28,0.072608413,CL,1,NA,71,6,29.28,NA,NA,NA,NA,NA,NA,NA,NA,NA,FALSE,71:06:00,0.280985804,250bar
1A,CL 72:5_29.71,0.061322297,CL,1,NA,72,5,29.71,NA,NA,NA,NA,NA,NA,NA,NA,NA,FALSE,72:05:00,0.247055863,1bar
1B,CL 72:5_29.71,0.069741549,CL,1,NA,72,5,29.71,NA,NA,NA,NA,NA,NA,NA,NA,NA,FALSE,72:05:00,0.280975428,1bar
1C,CL 72:5_29.71,0.046843303,CL,1,NA,72,5,29.71,NA,NA,NA,NA,NA,NA,NA,NA,NA,FALSE,72:05:00,0.188722753,1bar
250B,CL 72:5_29.71,0.070305122,CL,1,NA,72,5,29.71,NA,NA,NA,NA,NA,NA,NA,NA,NA,FALSE,72:05:00,0.283245956,250bar
1A,CL 73:3_29.96 | 16:0_19:1_19:1_19:1,0.18089061,CL,1,NA,73,3,29.96,NA,16,0,NA,19,1,NA,NA,NA,FALSE,16:0_19:1_19:1_19:1,0.12149138,1bar
1B,CL 73:3_29.96 | 16:0_19:1_19:1_19:1,0.267933541,CL,1,NA,73,3,29.96,NA,16,0,NA,19,1,NA,NA,NA,FALSE,16:0_19:1_19:1_19:1,0.179951938,1bar
1C,CL 73:3_29.96 | 16:0_19:1_19:1_19:1,0.233796326,CL,1,NA,73,3,29.96,NA,16,0,NA,19,1,NA,NA,NA,FALSE,16:0_19:1_19:1_19:1,0.157024394,1bar
250A,CL 73:3_29.96 | 16:0_19:1_19:1_19:1,0.316878846,CL,1,NA,73,3,29.96,NA,16,0,NA,19,1,NA,NA,NA,FALSE,16:0_19:1_19:1_19:1,0.212825024,250bar
250B,CL 73:3_29.96 | 16:0_19:1_19:1_19:1,0.405191202,CL,1,NA,73,3,29.96,NA,16,0,NA,19,1,NA,NA,NA,FALSE,16:0_19:1_19:1_19:1,0.272138163,250bar
250C,CL 73:3_29.96 | 16:0_19:1_19:1_19:1,0.084226709,CL,1,NA,73,3,29.96,NA,16,0,NA,19,1,NA,NA,NA,FALSE,16:0_19:1_19:1_19:1,0.056569101,250bar
1A,CL 73:6_29.62,0.03839229,CL,1,NA,73,6,29.62,NA,NA,NA,NA,NA,NA,NA,NA,NA,FALSE,73:06:00,0.171314848,1bar
1B,CL 73:6_29.62,0.045409847,CL,1,NA,73,6,29.62,NA,NA,NA,NA,NA,NA,NA,NA,NA,FALSE,73:06:00,0.202628735,1bar
250A,CL 73:6_29.62,0.054753709,CL,1,NA,73,6,29.62,NA,NA,NA,NA,NA,NA,NA,NA,NA,FALSE,73:06:00,0.244323104,250bar
250B,CL 73:6_29.62,0.085547844,CL,1,NA,73,6,29.62,NA,NA,NA,NA,NA,NA,NA,NA,NA,FALSE,73:06:00,0.381733314,250bar
1A,CL 74:4_29.87 | 17:1_19:1_19:1_19:1,0.030195015,CL,1,NA,74,4,29.87,NA,17,1,NA,19,1,NA,NA,NA,FALSE,17:1_19:1_19:1_19:1,0.148880117,1bar
250A,CL 74:4_29.87 | 17:1_19:1_19:1_19:1,0.061995212,CL,1,NA,74,4,29.87,NA,17,1,NA,19,1,NA,NA,NA,FALSE,17:1_19:1_19:1_19:1,0.305674768,250bar
250B,CL 74:4_29.87 | 17:1_19:1_19:1_19:1,0.110624064,CL,1,NA,74,4,29.87,NA,17,1,NA,19,1,NA,NA,NA,FALSE,17:1_19:1_19:1_19:1,0.545445115,250bar
1A,PE 28:0_11.58 | 14:0/14:0,3.684505916,PE,2,NA,28,0,11.58,NA,14,0,NA,14,0,NA,NA,NA,TRUE,14:0/14:0,0.117443776,1bar
1B,PE 28:0_11.58 | 14:0/14:0,3.160231792,PE,2,NA,28,0,11.58,NA,14,0,NA,14,0,NA,NA,NA,TRUE,14:0/14:0,0.100732517,1bar
1C,PE 28:0_11.58 | 14:0/14:0,3.851168876,PE,2,NA,28,0,11.58,NA,14,0,NA,14,0,NA,NA,NA,TRUE,14:0/14:0,0.122756165,1bar
250A,PE 28:0_11.58 | 14:0/14:0,6.589967713,PE,2,NA,28,0,11.58,NA,14,0,NA,14,0,NA,NA,NA,TRUE,14:0/14:0,0.21005549,250bar
250B,PE 28:0_11.58 | 14:0/14:0,6.931485909,PE,2,NA,28,0,11.58,NA,14,0,NA,14,0,NA,NA,NA,TRUE,14:0/14:0,0.220941396,250bar
250C,PE 28:0_11.58 | 14:0/14:0,7.155148686,PE,2,NA,28,0,11.58,NA,14,0,NA,14,0,NA,NA,NA,TRUE,14:0/14:0,0.228070656,250bar
1A,PE 28:0_11.58 | 16:0/12:0,1.271764011,PE,2,NA,28,0,11.58,NA,16,0,NA,12,0,NA,NA,NA,TRUE,16:0/12:0,0.075338502,1bar
1B,PE 28:0_11.58 | 16:0/12:0,1.237290431,PE,2,NA,28,0,11.58,NA,16,0,NA,12,0,NA,NA,NA,TRUE,16:0/12:0,0.073296309,1bar
1C,PE 28:0_11.58 | 16:0/12:0,1.677817619,PE,2,NA,28,0,11.58,NA,16,0,NA,12,0,NA,NA,NA,TRUE,16:0/12:0,0.099392863,1bar
250A,PE 28:0_11.58 | 16:0/12:0,3.991967779,PE,2,NA,28,0,11.58,NA,16,0,NA,12,0,NA,NA,NA,TRUE,16:0/12:0,0.236481667,250bar
250B,PE 28:0_11.58 | 16:0/12:0,4.216577903,PE,2,NA,28,0,11.58,NA,16,0,NA,12,0,NA,NA,NA,TRUE,16:0/12:0,0.24978743,250bar
250C,PE 28:0_11.58 | 16:0/12:0,4.485247138,PE,2,NA,28,0,11.58,NA,16,0,NA,12,0,NA,NA,NA,TRUE,16:0/12:0,0.265703227,250bar
1A,PE 29:0_12.53 | 15:0/14:0,1.501011049,PE,2,NA,29,0,12.53,NA,15,0,NA,14,0,NA,NA,NA,TRUE,15:0/14:0,0.178368212,1bar
1B,PE 29:0_12.53 | 15:0/14:0,1.306439517,PE,2,NA,29,0,12.53,NA,15,0,NA,14,0,NA,NA,NA,TRUE,15:0/14:0,0.155246879,1bar
1C,PE 29:0_12.53 | 15:0/14:0,1.542969216,PE,2,NA,29,0,12.53,NA,15,0,NA,14,0,NA,NA,NA,TRUE,15:0/14:0,0.183354187,1bar
250A,PE 29:0_12.53 | 15:0/14:0,1.39991583,PE,2,NA,29,0,12.53,NA,15,0,NA,14,0,NA,NA,NA,TRUE,15:0/14:0,0.166354861,250bar
250B,PE 29:0_12.53 | 15:0/14:0,1.407034724,PE,2,NA,29,0,12.53,NA,15,0,NA,14,0,NA,NA,NA,TRUE,15:0/14:0,0.167200813,250bar
250C,PE 29:0_12.53 | 15:0/14:0,1.25786818,PE,2,NA,29,0,12.53,NA,15,0,NA,14,0,NA,NA,NA,TRUE,15:0/14:0,0.149475048,250bar
1A,PE 29:0_12.53 | 16:0/13:0,1.409469217,PE,2,NA,29,0,12.53,NA,16,0,NA,13,0,NA,NA,NA,TRUE,16:0/13:0,0.197941662,1bar
1B,PE 29:0_12.53 | 16:0/13:0,1.254299549,PE,2,NA,29,0,12.53,NA,16,0,NA,13,0,NA,NA,NA,TRUE,16:0/13:0,0.176150096,1bar
1C,PE 29:0_12.53 | 16:0/13:0,1.260802361,PE,2,NA,29,0,12.53,NA,16,0,NA,13,0,NA,NA,NA,TRUE,16:0/13:0,0.177063331,1bar
250A,PE 29:0_12.53 | 16:0/13:0,1.042457614,PE,2,NA,29,0,12.53,NA,16,0,NA,13,0,NA,NA,NA,TRUE,16:0/13:0,0.146399645,250bar
250B,PE 29:0_12.53 | 16:0/13:0,1.089953228,PE,2,NA,29,0,12.53,NA,16,0,NA,13,0,NA,NA,NA,TRUE,16:0/13:0,0.153069788,250bar
250C,PE 29:0_12.53 | 16:0/13:0,1.063647417,PE,2,NA,29,0,12.53,NA,16,0,NA,13,0,NA,NA,NA,TRUE,16:0/13:0,0.149375478,250bar
1A,PE 29:1_11.25 | 12:0/17:1,0.434016516,PE,2,NA,29,1,11.25,NA,12,0,NA,17,1,NA,NA,NA,TRUE,12:0/17:1,0.267962123,1bar
1B,PE 29:1_11.25 | 12:0/17:1,0.404868661,PE,2,NA,29,1,11.25,NA,12,0,NA,17,1,NA,NA,NA,TRUE,12:0/17:1,0.249966216,1bar
250A,PE 29:1_11.25 | 12:0/17:1,0.269599611,PE,2,NA,29,1,11.25,NA,12,0,NA,17,1,NA,NA,NA,TRUE,12:0/17:1,0.166451002,250bar
250B,PE 29:1_11.25 | 12:0/17:1,0.269591128,PE,2,NA,29,1,11.25,NA,12,0,NA,17,1,NA,NA,NA,TRUE,12:0/17:1,0.166445765,250bar
250C,PE 29:1_11.25 | 12:0/17:1,0.241617609,PE,2,NA,29,1,11.25,NA,12,0,NA,17,1,NA,NA,NA,TRUE,12:0/17:1,0.149174893,250bar
250A,PE 29:1_11.25 | 14:0_15:1,0.035082121,PE,2,NA,29,1,11.25,NA,14,0,NA,15,1,NA,NA,NA,FALSE,14:0_15:1,0.340953265,250bar
250B,PE 29:1_11.25 | 14:0_15:1,0.032622952,PE,2,NA,29,1,11.25,NA,14,0,NA,15,1,NA,NA,NA,FALSE,14:0_15:1,0.317053295,250bar
250C,PE 29:1_11.25 | 14:0_15:1,0.035189149,PE,2,NA,29,1,11.25,NA,14,0,NA,15,1,NA,NA,NA,FALSE,14:0_15:1,0.34199344,250bar
1A,PE 30:0_13.67 | 16:0/14:0,85.6903039,PE,2,NA,30,0,13.67,NA,16,0,NA,14,0,NA,NA,NA,TRUE,16:0/14:0,0.128998665,1bar
1B,PE 30:0_13.67 | 16:0/14:0,89.6971163,PE,2,NA,30,0,13.67,NA,16,0,NA,14,0,NA,NA,NA,TRUE,16:0/14:0,0.135030542,1bar
1C,PE 30:0_13.67 | 16:0/14:0,124.4165705,PE,2,NA,30,0,13.67,NA,16,0,NA,14,0,NA,NA,NA,TRUE,16:0/14:0,0.187297404,1bar
250A,PE 30:0_13.67 | 16:0/14:0,109.9747252,PE,2,NA,30,0,13.67,NA,16,0,NA,14,0,NA,NA,NA,TRUE,16:0/14:0,0.165556569,250bar
250B,PE 30:0_13.67 | 16:0/14:0,129.9639407,PE,2,NA,30,0,13.67,NA,16,0,NA,14,0,NA,NA,NA,TRUE,16:0/14:0,0.195648446,250bar
250C,PE 30:0_13.67 | 16:0/14:0,124.5301421,PE,2,NA,30,0,13.67,NA,16,0,NA,14,0,NA,NA,NA,TRUE,16:0/14:0,0.187468375,250bar
1A,PE 30:1_11.94 | 16:1/14:0,0.31779579,PE,2,NA,30,1,11.94,NA,16,1,NA,14,0,NA,NA,NA,TRUE,16:1/14:0,0.230499101,1bar
1B,PE 30:1_11.94 | 16:1/14:0,0.328785404,PE,2,NA,30,1,11.94,NA,16,1,NA,14,0,NA,NA,NA,TRUE,16:1/14:0,0.238469931,1bar
1C,PE 30:1_11.94 | 16:1/14:0,0.301054058,PE,2,NA,30,1,11.94,NA,16,1,NA,14,0,NA,NA,NA,TRUE,16:1/14:0,0.218356227,1bar
250A,PE 30:1_11.94 | 16:1/14:0,0.206698552,PE,2,NA,30,1,11.94,NA,16,1,NA,14,0,NA,NA,NA,TRUE,16:1/14:0,0.14991964,250bar
250B,PE 30:1_11.94 | 16:1/14:0,0.224395172,PE,2,NA,30,1,11.94,NA,16,1,NA,14,0,NA,NA,NA,TRUE,16:1/14:0,0.1627551,250bar
1A,PE 30:1_12.22 | 16:0/14:1,2.430812336,PE,2,NA,30,1,12.22,NA,16,0,NA,14,1,NA,NA,NA,TRUE,16:0/14:1,0.119788205,1bar
1B,PE 30:1_12.22 | 16:0/14:1,2.360464283,PE,2,NA,30,1,12.22,NA,16,0,NA,14,1,NA,NA,NA,TRUE,16:0/14:1,0.116321517,1bar
1C,PE 30:1_12.22 | 16:0/14:1,2.603343471,PE,2,NA,30,1,12.22,NA,16,0,NA,14,1,NA,NA,NA,TRUE,16:0/14:1,0.128290381,1bar
250A,PE 30:1_12.22 | 16:0/14:1,4.352456699,PE,2,NA,30,1,12.22,NA,16,0,NA,14,1,NA,NA,NA,TRUE,16:0/14:1,0.214485078,250bar
250B,PE 30:1_12.22 | 16:0/14:1,4.085835575,PE,2,NA,30,1,12.22,NA,16,0,NA,14,1,NA,NA,NA,TRUE,16:0/14:1,0.201346234,250bar
250C,PE 30:1_12.22 | 16:0/14:1,4.459672707,PE,2,NA,30,1,12.22,NA,16,0,NA,14,1,NA,NA,NA,TRUE,16:0/14:1,0.219768585,250bar
1A,PE 31:0_15.01 | 16:0/15:0,9.505643698,PE,2,NA,31,0,15.01,NA,16,0,NA,15,0,NA,NA,NA,TRUE,16:0/15:0,0.198659063,1bar
1B,PE 31:0_15.01 | 16:0/15:0,8.804612181,PE,2,NA,31,0,15.01,NA,16,0,NA,15,0,NA,NA,NA,TRUE,16:0/15:0,0.18400816,1bar
1C,PE 31:0_15.01 | 16:0/15:0,9.187587471,PE,2,NA,31,0,15.01,NA,16,0,NA,15,0,NA,NA,NA,TRUE,16:0/15:0,0.192011985,1bar
250A,PE 31:0_15.01 | 16:0/15:0,6.158097526,PE,2,NA,31,0,15.01,NA,16,0,NA,15,0,NA,NA,NA,TRUE,16:0/15:0,0.128698479,250bar
250B,PE 31:0_15.01 | 16:0/15:0,7.823066456,PE,2,NA,31,0,15.01,NA,16,0,NA,15,0,NA,NA,NA,TRUE,16:0/15:0,0.163494772,250bar
250C,PE 31:0_15.01 | 16:0/15:0,6.370023914,PE,2,NA,31,0,15.01,NA,16,0,NA,15,0,NA,NA,NA,TRUE,16:0/15:0,0.133127542,250bar
1A,PE 31:1_13.18 | 14:0/17:1,9.220006256,PE,2,NA,31,1,13.18,NA,14,0,NA,17,1,NA,NA,NA,TRUE,14:0/17:1,0.187889819,1bar
1B,PE 31:1_13.18 | 14:0/17:1,8.500436628,PE,2,NA,31,1,13.18,NA,14,0,NA,17,1,NA,NA,NA,TRUE,14:0/17:1,0.173226075,1bar
1C,PE 31:1_13.18 | 14:0/17:1,9.7318364,PE,2,NA,31,1,13.18,NA,14,0,NA,17,1,NA,NA,NA,TRUE,14:0/17:1,0.198320145,1bar
250A,PE 31:1_13.18 | 14:0/17:1,6.498821148,PE,2,NA,31,1,13.18,NA,14,0,NA,17,1,NA,NA,NA,TRUE,14:0/17:1,0.132436171,250bar
250B,PE 31:1_13.18 | 14:0/17:1,7.651010595,PE,2,NA,31,1,13.18,NA,14,0,NA,17,1,NA,NA,NA,TRUE,14:0/17:1,0.155916054,250bar
250C,PE 31:1_13.18 | 14:0/17:1,7.469234654,PE,2,NA,31,1,13.18,NA,14,0,NA,17,1,NA,NA,NA,TRUE,14:0/17:1,0.152211735,250bar
1A,PE 32:0_16.64 | 16:0/16:0,50.16752657,PE,2,NA,32,0,16.64,NA,16,0,NA,16,0,NA,NA,NA,TRUE,16:0/16:0,0.115649133,1bar
1B,PE 32:0_16.64 | 16:0/16:0,61.84724045,PE,2,NA,32,0,16.64,NA,16,0,NA,16,0,NA,NA,NA,TRUE,16:0/16:0,0.142573896,1bar
1C,PE 32:0_16.64 | 16:0/16:0,86.52107307,PE,2,NA,32,0,16.64,NA,16,0,NA,16,0,NA,NA,NA,TRUE,16:0/16:0,0.199453466,1bar
250A,PE 32:0_16.64 | 16:0/16:0,72.76239941,PE,2,NA,32,0,16.64,NA,16,0,NA,16,0,NA,NA,NA,TRUE,16:0/16:0,0.167736163,250bar
250B,PE 32:0_16.64 | 16:0/16:0,86.65397062,PE,2,NA,32,0,16.64,NA,16,0,NA,16,0,NA,NA,NA,TRUE,16:0/16:0,0.19975983,250bar
250C,PE 32:0_16.64 | 16:0/16:0,75.8385613,PE,2,NA,32,0,16.64,NA,16,0,NA,16,0,NA,NA,NA,TRUE,16:0/16:0,0.174827512,250bar
1A,PE 32:1_14.36 | 15:0/17:1,5.92017529,PE,2,NA,32,1,14.36,NA,15,0,NA,17,1,NA,NA,NA,TRUE,15:0/17:1,0.180682537,1bar
1B,PE 32:1_14.36 | 15:0/17:1,5.840727708,PE,2,NA,32,1,14.36,NA,15,0,NA,17,1,NA,NA,NA,TRUE,15:0/17:1,0.178257813,1bar
1C,PE 32:1_14.36 | 15:0/17:1,6.877329971,PE,2,NA,32,1,14.36,NA,15,0,NA,17,1,NA,NA,NA,TRUE,15:0/17:1,0.209894702,1bar
250A,PE 32:1_14.36 | 15:0/17:1,5.108656172,PE,2,NA,32,1,14.36,NA,15,0,NA,17,1,NA,NA,NA,TRUE,15:0/17:1,0.15591514,250bar
250B,PE 32:1_14.36 | 15:0/17:1,4.544155895,PE,2,NA,32,1,14.36,NA,15,0,NA,17,1,NA,NA,NA,TRUE,15:0/17:1,0.138686707,250bar
250C,PE 32:1_14.36 | 15:0/17:1,4.474574665,PE,2,NA,32,1,14.36,NA,15,0,NA,17,1,NA,NA,NA,TRUE,15:0/17:1,0.136563102,250bar
1A,PE 32:1_14.36 | 16:0/16:1,8.713736938,PE,2,NA,32,1,14.36,NA,16,0,NA,16,1,NA,NA,NA,TRUE,16:0/16:1,0.121957965,1bar
1B,PE 32:1_14.36 | 16:0/16:1,12.81585621,PE,2,NA,32,1,14.36,NA,16,0,NA,16,1,NA,NA,NA,TRUE,16:0/16:1,0.179371463,1bar
1C,PE 32:1_14.36 | 16:0/16:1,13.79844982,PE,2,NA,32,1,14.36,NA,16,0,NA,16,1,NA,NA,NA,TRUE,16:0/16:1,0.1931239,1bar
250A,PE 32:1_14.36 | 16:0/16:1,11.0919552,PE,2,NA,32,1,14.36,NA,16,0,NA,16,1,NA,NA,NA,TRUE,16:0/16:1,0.155243645,250bar
250B,PE 32:1_14.36 | 16:0/16:1,10.7807055,PE,2,NA,32,1,14.36,NA,16,0,NA,16,1,NA,NA,NA,TRUE,16:0/16:1,0.150887376,250bar
250C,PE 32:1_14.36 | 16:0/16:1,14.24798734,PE,2,NA,32,1,14.36,NA,16,0,NA,16,1,NA,NA,NA,TRUE,16:0/16:1,0.199415653,250bar
1A,PE 33:0_18.55 | 16:0/17:0,1.727418373,PE,2,NA,33,0,18.55,NA,16,0,NA,17,0,NA,NA,NA,TRUE,16:0/17:0,0.227030272,1bar
1B,PE 33:0_18.55 | 16:0/17:0,1.483707082,PE,2,NA,33,0,18.55,NA,16,0,NA,17,0,NA,NA,NA,TRUE,16:0/17:0,0.194999907,1bar
1C,PE 33:0_18.55 | 16:0/17:0,1.361323448,PE,2,NA,33,0,18.55,NA,16,0,NA,17,0,NA,NA,NA,TRUE,16:0/17:0,0.178915333,1bar
250A,PE 33:0_18.55 | 16:0/17:0,1.002817874,PE,2,NA,33,0,18.55,NA,16,0,NA,17,0,NA,NA,NA,TRUE,16:0/17:0,0.131797843,250bar
250B,PE 33:0_18.55 | 16:0/17:0,1.185062006,PE,2,NA,33,0,18.55,NA,16,0,NA,17,0,NA,NA,NA,TRUE,16:0/17:0,0.155749733,250bar
250C,PE 33:0_18.55 | 16:0/17:0,0.848429103,PE,2,NA,33,0,18.55,NA,16,0,NA,17,0,NA,NA,NA,TRUE,16:0/17:0,0.111506913,250bar
1A,PE 33:1_16.00 | 16:0/17:1,131.5022545,PE,2,NA,33,1,16,NA,16,0,NA,17,1,NA,NA,NA,TRUE,16:0/17:1,0.154207055,1bar
1B,PE 33:1_16.00 | 16:0/17:1,135.4401563,PE,2,NA,33,1,16,NA,16,0,NA,17,1,NA,NA,NA,TRUE,16:0/17:1,0.158824863,1bar
1C,PE 33:1_16.00 | 16:0/17:1,208.3682047,PE,2,NA,33,1,16,NA,16,0,NA,17,1,NA,NA,NA,TRUE,16:0/17:1,0.244344458,1bar
250A,PE 33:1_16.00 | 16:0/17:1,115.0076811,PE,2,NA,33,1,16,NA,16,0,NA,17,1,NA,NA,NA,TRUE,16:0/17:1,0.134864576,250bar
250B,PE 33:1_16.00 | 16:0/17:1,126.3912435,PE,2,NA,33,1,16,NA,16,0,NA,17,1,NA,NA,NA,TRUE,16:0/17:1,0.148213591,250bar
250C,PE 33:1_16.00 | 16:0/17:1,136.0546532,PE,2,NA,33,1,16,NA,16,0,NA,17,1,NA,NA,NA,TRUE,16:0/17:1,0.159545457,250bar
1A,PE 33:2_13.89 | 16:1_17:1,0.221255733,PE,2,NA,33,2,13.89,NA,16,1,NA,17,1,NA,NA,NA,FALSE,16:1_17:1,0.172195774,1bar
1B,PE 33:2_13.89 | 16:1_17:1,0.233597649,PE,2,NA,33,2,13.89,NA,16,1,NA,17,1,NA,NA,NA,FALSE,16:1_17:1,0.181801066,1bar
1C,PE 33:2_13.89 | 16:1_17:1,0.222583226,PE,2,NA,33,2,13.89,NA,16,1,NA,17,1,NA,NA,NA,FALSE,16:1_17:1,0.173228917,1bar
250A,PE 33:2_13.89 | 16:1_17:1,0.210349661,PE,2,NA,33,2,13.89,NA,16,1,NA,17,1,NA,NA,NA,FALSE,16:1_17:1,0.163707952,250bar
250B,PE 33:2_13.89 | 16:1_17:1,0.184851358,PE,2,NA,33,2,13.89,NA,16,1,NA,17,1,NA,NA,NA,FALSE,16:1_17:1,0.143863494,250bar
250C,PE 33:2_13.89 | 16:1_17:1,0.212270399,PE,2,NA,33,2,13.89,NA,16,1,NA,17,1,NA,NA,NA,FALSE,16:1_17:1,0.165202797,250bar
1A,PE 34:0_20.50 | 16:0/18:0,3.613289253,PE,2,NA,34,0,20.5,NA,16,0,NA,18,0,NA,NA,NA,TRUE,16:0/18:0,0.203021065,1bar
1B,PE 34:0_20.50 | 16:0/18:0,3.1725559,PE,2,NA,34,0,20.5,NA,16,0,NA,18,0,NA,NA,NA,TRUE,16:0/18:0,0.178257436,1bar
1C,PE 34:0_20.50 | 16:0/18:0,3.270645558,PE,2,NA,34,0,20.5,NA,16,0,NA,18,0,NA,NA,NA,TRUE,16:0/18:0,0.183768832,1bar
250A,PE 34:0_20.50 | 16:0/18:0,2.523628372,PE,2,NA,34,0,20.5,NA,16,0,NA,18,0,NA,NA,NA,TRUE,16:0/18:0,0.141795933,250bar
250B,PE 34:0_20.50 | 16:0/18:0,3.064433775,PE,2,NA,34,0,20.5,NA,16,0,NA,18,0,NA,NA,NA,TRUE,16:0/18:0,0.172182343,250bar
250C,PE 34:0_20.50 | 16:0/18:0,2.15305474,PE,2,NA,34,0,20.5,NA,16,0,NA,18,0,NA,NA,NA,TRUE,16:0/18:0,0.120974391,250bar
1A,PE 34:1_17.17 | 16:0/18:1,11.76388118,PE,2,NA,34,1,17.17,NA,16,0,NA,18,1,NA,NA,NA,TRUE,16:0/18:1,0.230523399,1bar
1B,PE 34:1_17.17 | 16:0/18:1,12.68640691,PE,2,NA,34,1,17.17,NA,16,0,NA,18,1,NA,NA,NA,TRUE,16:0/18:1,0.248601086,1bar
1C,PE 34:1_17.17 | 16:0/18:1,14.92662659,PE,2,NA,34,1,17.17,NA,16,0,NA,18,1,NA,NA,NA,TRUE,16:0/18:1,0.292500123,1bar
250A,PE 34:1_17.17 | 16:0/18:1,3.516174962,PE,2,NA,34,1,17.17,NA,16,0,NA,18,1,NA,NA,NA,TRUE,16:0/18:1,0.068902481,250bar
250B,PE 34:1_17.17 | 16:0/18:1,3.681013418,PE,2,NA,34,1,17.17,NA,16,0,NA,18,1,NA,NA,NA,TRUE,16:0/18:1,0.072132633,250bar
250C,PE 34:1_17.17 | 16:0/18:1,4.45707755,PE,2,NA,34,1,17.17,NA,16,0,NA,18,1,NA,NA,NA,TRUE,16:0/18:1,0.087340279,250bar
1A,PE 34:1_17.78 | 15:0/19:1,1.300064515,PE,2,NA,34,1,17.78,NA,15,0,NA,19,1,NA,NA,NA,TRUE,15:0/19:1,0.150745876,1bar
1B,PE 34:1_17.78 | 15:0/19:1,2.128340068,PE,2,NA,34,1,17.78,NA,15,0,NA,19,1,NA,NA,NA,TRUE,15:0/19:1,0.24678659,1bar
1C,PE 34:1_17.78 | 15:0/19:1,1.197540545,PE,2,NA,34,1,17.78,NA,15,0,NA,19,1,NA,NA,NA,TRUE,15:0/19:1,0.138857954,1bar
250A,PE 34:1_17.78 | 15:0/19:1,1.313788978,PE,2,NA,34,1,17.78,NA,15,0,NA,19,1,NA,NA,NA,TRUE,15:0/19:1,0.152337264,250bar
250B,PE 34:1_17.78 | 15:0/19:1,1.238579856,PE,2,NA,34,1,17.78,NA,15,0,NA,19,1,NA,NA,NA,TRUE,15:0/19:1,0.143616569,250bar
250C,PE 34:1_17.78 | 15:0/19:1,1.445898835,PE,2,NA,34,1,17.78,NA,15,0,NA,19,1,NA,NA,NA,TRUE,15:0/19:1,0.167655747,250bar
1A,PE 34:1_17.78 | 16:0/18:1,1.844299999,PE,2,NA,34,1,17.78,NA,16,0,NA,18,1,NA,NA,NA,TRUE,16:0/18:1,0.143839395,1bar
1B,PE 34:1_17.78 | 16:0/18:1,2.892014571,PE,2,NA,34,1,17.78,NA,16,0,NA,18,1,NA,NA,NA,TRUE,16:0/18:1,0.225552039,1bar
1C,PE 34:1_17.78 | 16:0/18:1,1.984495489,PE,2,NA,34,1,17.78,NA,16,0,NA,18,1,NA,NA,NA,TRUE,16:0/18:1,0.154773426,1bar
250A,PE 34:1_17.78 | 16:0/18:1,2.021737091,PE,2,NA,34,1,17.78,NA,16,0,NA,18,1,NA,NA,NA,TRUE,16:0/18:1,0.157677948,250bar
250B,PE 34:1_17.78 | 16:0/18:1,1.981634453,PE,2,NA,34,1,17.78,NA,16,0,NA,18,1,NA,NA,NA,TRUE,16:0/18:1,0.15455029,250bar
250C,PE 34:1_17.78 | 16:0/18:1,2.097757779,PE,2,NA,34,1,17.78,NA,16,0,NA,18,1,NA,NA,NA,TRUE,16:0/18:1,0.163606902,250bar
1A,PE 34:1_17.78 | 17:0/17:1,1.981888476,PE,2,NA,34,1,17.78,NA,17,0,NA,17,1,NA,NA,NA,TRUE,17:0/17:1,0.099215681,1bar
1B,PE 34:1_17.78 | 17:0/17:1,1.956482294,PE,2,NA,34,1,17.78,NA,17,0,NA,17,1,NA,NA,NA,TRUE,17:0/17:1,0.097943817,1bar
1C,PE 34:1_17.78 | 17:0/17:1,3.698835247,PE,2,NA,34,1,17.78,NA,17,0,NA,17,1,NA,NA,NA,TRUE,17:0/17:1,0.185168066,1bar
250A,PE 34:1_17.78 | 17:0/17:1,4.001513932,PE,2,NA,34,1,17.78,NA,17,0,NA,17,1,NA,NA,NA,TRUE,17:0/17:1,0.200320519,250bar
250B,PE 34:1_17.78 | 17:0/17:1,4.176435937,PE,2,NA,34,1,17.78,NA,17,0,NA,17,1,NA,NA,NA,TRUE,17:0/17:1,0.209077321,250bar
250C,PE 34:1_17.78 | 17:0/17:1,4.160401054,PE,2,NA,34,1,17.78,NA,17,0,NA,17,1,NA,NA,NA,TRUE,17:0/17:1,0.208274596,250bar
1A,PE 34:2_14.58 | 18:1/16:1,0.776251642,PE,2,NA,34,2,14.58,NA,18,1,NA,16,1,NA,NA,NA,TRUE,18:1/16:1,0.204034546,1bar
1B,PE 34:2_14.58 | 18:1/16:1,0.719408819,PE,2,NA,34,2,14.58,NA,18,1,NA,16,1,NA,NA,NA,TRUE,18:1/16:1,0.189093644,1bar
1C,PE 34:2_14.58 | 18:1/16:1,0.61247163,PE,2,NA,34,2,14.58,NA,18,1,NA,16,1,NA,NA,NA,TRUE,18:1/16:1,0.160985644,1bar
250A,PE 34:2_14.58 | 18:1/16:1,0.468462736,PE,2,NA,34,2,14.58,NA,18,1,NA,16,1,NA,NA,NA,TRUE,18:1/16:1,0.1231335,250bar
250B,PE 34:2_14.58 | 18:1/16:1,0.479710598,PE,2,NA,34,2,14.58,NA,18,1,NA,16,1,NA,NA,NA,TRUE,18:1/16:1,0.126089954,250bar
250C,PE 34:2_14.58 | 18:1/16:1,0.748205419,PE,2,NA,34,2,14.58,NA,18,1,NA,16,1,NA,NA,NA,TRUE,18:1/16:1,0.196662712,250bar
1A,PE 34:2_15.33 | 17:1/17:1,6.53740763,PE,2,NA,34,2,15.33,NA,17,1,NA,17,1,NA,NA,NA,TRUE,17:1/17:1,0.224126683,1bar
1B,PE 34:2_15.33 | 17:1/17:1,5.883668031,PE,2,NA,34,2,15.33,NA,17,1,NA,17,1,NA,NA,NA,TRUE,17:1/17:1,0.201714055,1bar
1C,PE 34:2_15.33 | 17:1/17:1,6.083760256,PE,2,NA,34,2,15.33,NA,17,1,NA,17,1,NA,NA,NA,TRUE,17:1/17:1,0.208573962,1bar
250A,PE 34:2_15.33 | 17:1/17:1,3.475364586,PE,2,NA,34,2,15.33,NA,17,1,NA,17,1,NA,NA,NA,TRUE,17:1/17:1,0.119148443,250bar
250B,PE 34:2_15.33 | 17:1/17:1,3.505233425,PE,2,NA,34,2,15.33,NA,17,1,NA,17,1,NA,NA,NA,TRUE,17:1/17:1,0.120172458,250bar
250C,PE 34:2_15.33 | 17:1/17:1,3.682925397,PE,2,NA,34,2,15.33,NA,17,1,NA,17,1,NA,NA,NA,TRUE,17:1/17:1,0.1262644,250bar
1A,PE 35:1_19.58 | 16:0/19:1,66.7868051,PE,2,NA,35,1,19.58,NA,16,0,NA,19,1,NA,NA,NA,TRUE,16:0/19:1,0.157175362,1bar
1B,PE 35:1_19.58 | 16:0/19:1,82.11736841,PE,2,NA,35,1,19.58,NA,16,0,NA,19,1,NA,NA,NA,TRUE,16:0/19:1,0.193254147,1bar
1C,PE 35:1_19.58 | 16:0/19:1,102.8232722,PE,2,NA,35,1,19.58,NA,16,0,NA,19,1,NA,NA,NA,TRUE,16:0/19:1,0.241983203,1bar
250A,PE 35:1_19.58 | 16:0/19:1,56.76535603,PE,2,NA,35,1,19.58,NA,16,0,NA,19,1,NA,NA,NA,TRUE,16:0/19:1,0.133590989,250bar
250B,PE 35:1_19.58 | 16:0/19:1,58.69905688,PE,2,NA,35,1,19.58,NA,16,0,NA,19,1,NA,NA,NA,TRUE,16:0/19:1,0.13814174,250bar
250C,PE 35:1_19.58 | 16:0/19:1,57.72718985,PE,2,NA,35,1,19.58,NA,16,0,NA,19,1,NA,NA,NA,TRUE,16:0/19:1,0.135854559,250bar
1A,PE 35:2_16.44 | 16:1_19:1,0.125884774,PE,2,NA,35,2,16.44,NA,16,1,NA,19,1,NA,NA,NA,FALSE,16:1_19:1,0.181621222,1bar
1B,PE 35:2_16.44 | 16:1_19:1,0.151932551,PE,2,NA,35,2,16.44,NA,16,1,NA,19,1,NA,NA,NA,FALSE,16:1_19:1,0.219201853,1bar
1C,PE 35:2_16.44 | 16:1_19:1,0.136027352,PE,2,NA,35,2,16.44,NA,16,1,NA,19,1,NA,NA,NA,FALSE,16:1_19:1,0.196254504,1bar
250A,PE 35:2_16.44 | 16:1_19:1,0.102724706,PE,2,NA,35,2,16.44,NA,16,1,NA,19,1,NA,NA,NA,FALSE,16:1_19:1,0.148206857,250bar
250B,PE 35:2_16.44 | 16:1_19:1,0.096967071,PE,2,NA,35,2,16.44,NA,16,1,NA,19,1,NA,NA,NA,FALSE,16:1_19:1,0.139899985,250bar
250C,PE 35:2_16.44 | 16:1_19:1,0.07958064,PE,2,NA,35,2,16.44,NA,16,1,NA,19,1,NA,NA,NA,FALSE,16:1_19:1,0.114815579,250bar
1A,PE 35:2_16.44 | 18:1/17:1,0.672861481,PE,2,NA,35,2,16.44,NA,18,1,NA,17,1,NA,NA,NA,TRUE,18:1/17:1,0.231967297,1bar
1B,PE 35:2_16.44 | 18:1/17:1,0.601980149,PE,2,NA,35,2,16.44,NA,18,1,NA,17,1,NA,NA,NA,TRUE,18:1/17:1,0.207531137,1bar
1C,PE 35:2_16.44 | 18:1/17:1,0.783593838,PE,2,NA,35,2,16.44,NA,18,1,NA,17,1,NA,NA,NA,TRUE,18:1/17:1,0.270141998,1bar
250A,PE 35:2_16.44 | 18:1/17:1,0.29602342,PE,2,NA,35,2,16.44,NA,18,1,NA,17,1,NA,NA,NA,TRUE,18:1/17:1,0.102053327,250bar
250B,PE 35:2_16.44 | 18:1/17:1,0.25486516,PE,2,NA,35,2,16.44,NA,18,1,NA,17,1,NA,NA,NA,TRUE,18:1/17:1,0.087864121,250bar
250C,PE 35:2_16.44 | 18:1/17:1,0.291349834,PE,2,NA,35,2,16.44,NA,18,1,NA,17,1,NA,NA,NA,TRUE,18:1/17:1,0.10044212,250bar
1B,PE 35:2_16.94 | 16:1_19:1,0.181787445,PE,2,NA,35,2,16.94,NA,16,1,NA,19,1,NA,NA,NA,FALSE,16:1_19:1,0.168662123,1bar
1C,PE 35:2_16.94 | 16:1_19:1,0.174535159,PE,2,NA,35,2,16.94,NA,16,1,NA,19,1,NA,NA,NA,FALSE,16:1_19:1,0.161933463,1bar
250A,PE 35:2_16.94 | 16:1_19:1,0.228112332,PE,2,NA,35,2,16.94,NA,16,1,NA,19,1,NA,NA,NA,FALSE,16:1_19:1,0.211642284,250bar
250B,PE 35:2_16.94 | 16:1_19:1,0.2225384,PE,2,NA,35,2,16.94,NA,16,1,NA,19,1,NA,NA,NA,FALSE,16:1_19:1,0.206470799,250bar
250C,PE 35:2_16.94 | 16:1_19:1,0.270846876,PE,2,NA,35,2,16.94,NA,16,1,NA,19,1,NA,NA,NA,FALSE,16:1_19:1,0.251291332,250bar
1B,PE 35:2_16.94 | 18:1/17:1,0.193563958,PE,2,NA,35,2,16.94,NA,18,1,NA,17,1,NA,NA,NA,TRUE,18:1/17:1,0.210517028,1bar
1C,PE 35:2_16.94 | 18:1/17:1,0.177352691,PE,2,NA,35,2,16.94,NA,18,1,NA,17,1,NA,NA,NA,TRUE,18:1/17:1,0.192885917,1bar
250A,PE 35:2_16.94 | 18:1/17:1,0.178048069,PE,2,NA,35,2,16.94,NA,18,1,NA,17,1,NA,NA,NA,TRUE,18:1/17:1,0.193642198,250bar
250B,PE 35:2_16.94 | 18:1/17:1,0.159616258,PE,2,NA,35,2,16.94,NA,18,1,NA,17,1,NA,NA,NA,TRUE,18:1/17:1,0.173596059,250bar
250C,PE 35:2_16.94 | 18:1/17:1,0.210888388,PE,2,NA,35,2,16.94,NA,18,1,NA,17,1,NA,NA,NA,TRUE,18:1/17:1,0.229358798,250bar
1A,PE 36:1_21.48 | 16:0_20:1,0.289678643,PE,2,NA,36,1,21.48,NA,16,0,NA,20,1,NA,NA,NA,FALSE,16:0_20:1,0.24045119,1bar
1B,PE 36:1_21.48 | 16:0_20:1,0.228748949,PE,2,NA,36,1,21.48,NA,16,0,NA,20,1,NA,NA,NA,FALSE,16:0_20:1,0.189875776,1bar
1C,PE 36:1_21.48 | 16:0_20:1,0.186376102,PE,2,NA,36,1,21.48,NA,16,0,NA,20,1,NA,NA,NA,FALSE,16:0_20:1,0.154703692,1bar
250A,PE 36:1_21.48 | 16:0_20:1,0.166339577,PE,2,NA,36,1,21.48,NA,16,0,NA,20,1,NA,NA,NA,FALSE,16:0_20:1,0.138072137,250bar
250B,PE 36:1_21.48 | 16:0_20:1,0.182866133,PE,2,NA,36,1,21.48,NA,16,0,NA,20,1,NA,NA,NA,FALSE,16:0_20:1,0.151790201,250bar
250C,PE 36:1_21.48 | 16:0_20:1,0.1507201,PE,2,NA,36,1,21.48,NA,16,0,NA,20,1,NA,NA,NA,FALSE,16:0_20:1,0.125107005,250bar
1A,PE 36:1_21.48 | 17:0/19:1,1.931331954,PE,2,NA,36,1,21.48,NA,17,0,NA,19,1,NA,NA,NA,TRUE,17:0/19:1,0.247283112,1bar
1B,PE 36:1_21.48 | 17:0/19:1,1.548158685,PE,2,NA,36,1,21.48,NA,17,0,NA,19,1,NA,NA,NA,TRUE,17:0/19:1,0.198222526,1bar
1C,PE 36:1_21.48 | 17:0/19:1,1.341153288,PE,2,NA,36,1,21.48,NA,17,0,NA,19,1,NA,NA,NA,TRUE,17:0/19:1,0.171718051,1bar
250A,PE 36:1_21.48 | 17:0/19:1,0.980937394,PE,2,NA,36,1,21.48,NA,17,0,NA,19,1,NA,NA,NA,TRUE,17:0/19:1,0.125596872,250bar
250B,PE 36:1_21.48 | 17:0/19:1,1.085836622,PE,2,NA,36,1,21.48,NA,17,0,NA,19,1,NA,NA,NA,TRUE,17:0/19:1,0.139027917,250bar
250C,PE 36:1_21.48 | 17:0/19:1,0.922787684,PE,2,NA,36,1,21.48,NA,17,0,NA,19,1,NA,NA,NA,TRUE,17:0/19:1,0.118151522,250bar
1A,PE 36:2_18.83 | 19:1/17:1,29.19883983,PE,2,NA,36,2,18.83,NA,19,1,NA,17,1,NA,NA,NA,TRUE,19:1/17:1,0.217383315,1bar
1B,PE 36:2_18.83 | 19:1/17:1,26.50788092,PE,2,NA,36,2,18.83,NA,19,1,NA,17,1,NA,NA,NA,TRUE,19:1/17:1,0.197349315,1bar
1C,PE 36:2_18.83 | 19:1/17:1,28.38096082,PE,2,NA,36,2,18.83,NA,19,1,NA,17,1,NA,NA,NA,TRUE,19:1/17:1,0.211294263,1bar
250A,PE 36:2_18.83 | 19:1/17:1,16.46868227,PE,2,NA,36,2,18.83,NA,19,1,NA,17,1,NA,NA,NA,TRUE,19:1/17:1,0.122608185,250bar
250B,PE 36:2_18.83 | 19:1/17:1,16.57808384,PE,2,NA,36,2,18.83,NA,19,1,NA,17,1,NA,NA,NA,TRUE,19:1/17:1,0.123422672,250bar
250C,PE 36:2_18.83 | 19:1/17:1,17.18515183,PE,2,NA,36,2,18.83,NA,19,1,NA,17,1,NA,NA,NA,TRUE,19:1/17:1,0.12794225,250bar
1A,PE 37:1_23.32 | 18:0/19:1,2.09395863,PE,2,NA,37,1,23.32,NA,18,0,NA,19,1,NA,NA,NA,TRUE,18:0/19:1,0.23602366,1bar
1B,PE 37:1_23.32 | 18:0/19:1,1.696365889,PE,2,NA,37,1,23.32,NA,18,0,NA,19,1,NA,NA,NA,TRUE,18:0/19:1,0.191208403,1bar
1C,PE 37:1_23.32 | 18:0/19:1,1.595329005,PE,2,NA,37,1,23.32,NA,18,0,NA,19,1,NA,NA,NA,TRUE,18:0/19:1,0.179819881,1bar
250A,PE 37:1_23.32 | 18:0/19:1,1.133402897,PE,2,NA,37,1,23.32,NA,18,0,NA,19,1,NA,NA,NA,TRUE,18:0/19:1,0.127753193,250bar
250B,PE 37:1_23.32 | 18:0/19:1,1.246590029,PE,2,NA,37,1,23.32,NA,18,0,NA,19,1,NA,NA,NA,TRUE,18:0/19:1,0.140511249,250bar
250C,PE 37:1_23.32 | 18:0/19:1,1.106170156,PE,2,NA,37,1,23.32,NA,18,0,NA,19,1,NA,NA,NA,TRUE,18:0/19:1,0.124683614,250bar
1A,PE 37:2_20.08 | 18:1/19:1,0.282432671,PE,2,NA,37,2,20.08,NA,18,1,NA,19,1,NA,NA,NA,TRUE,18:1/19:1,0.136512189,1bar
1B,PE 37:2_20.08 | 18:1/19:1,0.656398916,PE,2,NA,37,2,20.08,NA,18,1,NA,19,1,NA,NA,NA,TRUE,18:1/19:1,0.317266598,1bar
1C,PE 37:2_20.08 | 18:1/19:1,0.617001451,PE,2,NA,37,2,20.08,NA,18,1,NA,19,1,NA,NA,NA,TRUE,18:1/19:1,0.298224063,1bar
250A,PE 37:2_20.08 | 18:1/19:1,0.19958605,PE,2,NA,37,2,20.08,NA,18,1,NA,19,1,NA,NA,NA,TRUE,18:1/19:1,0.096468757,250bar
250B,PE 37:2_20.08 | 18:1/19:1,0.15773059,PE,2,NA,37,2,20.08,NA,18,1,NA,19,1,NA,NA,NA,TRUE,18:1/19:1,0.076238163,250bar
250C,PE 37:2_20.08 | 18:1/19:1,0.155769392,PE,2,NA,37,2,20.08,NA,18,1,NA,19,1,NA,NA,NA,TRUE,18:1/19:1,0.07529023,250bar
1A,PE 37:2_20.78 | 17:1_20:1,0.051778528,PE,2,NA,37,2,20.78,NA,17,1,NA,20,1,NA,NA,NA,FALSE,17:1_20:1,0.493964032,1bar
1B,PE 37:2_20.78 | 17:1_20:1,0.037164073,PE,2,NA,37,2,20.78,NA,17,1,NA,20,1,NA,NA,NA,FALSE,17:1_20:1,0.354543009,1bar
250A,PE 37:2_20.78 | 17:1_20:1,0.015879866,PE,2,NA,37,2,20.78,NA,17,1,NA,20,1,NA,NA,NA,FALSE,17:1_20:1,0.151492959,250bar
1A,PE 37:2_20.78 | 18:1/19:1,0.675098198,PE,2,NA,37,2,20.78,NA,18,1,NA,19,1,NA,NA,NA,TRUE,18:1/19:1,0.636392529,1bar
1B,PE 37:2_20.78 | 18:1/19:1,0.248536199,PE,2,NA,37,2,20.78,NA,18,1,NA,19,1,NA,NA,NA,TRUE,18:1/19:1,0.234286776,1bar
250A,PE 37:2_20.78 | 18:1/19:1,0.137186035,PE,2,NA,37,2,20.78,NA,18,1,NA,19,1,NA,NA,NA,TRUE,18:1/19:1,0.129320695,250bar
1A,PE 38:2_22.46 | 19:1/19:1,14.23269799,PE,2,NA,38,2,22.46,NA,19,1,NA,19,1,NA,NA,NA,TRUE,19:1/19:1,0.20205312,1bar
1B,PE 38:2_22.46 | 19:1/19:1,13.10160333,PE,2,NA,38,2,22.46,NA,19,1,NA,19,1,NA,NA,NA,TRUE,19:1/19:1,0.185995644,1bar
1C,PE 38:2_22.46 | 19:1/19:1,13.25646736,PE,2,NA,38,2,22.46,NA,19,1,NA,19,1,NA,NA,NA,TRUE,19:1/19:1,0.188194156,1bar
250A,PE 38:2_22.46 | 19:1/19:1,9.721966201,PE,2,NA,38,2,22.46,NA,19,1,NA,19,1,NA,NA,NA,TRUE,19:1/19:1,0.138016953,250bar
250B,PE 38:2_22.46 | 19:1/19:1,10.31661294,PE,2,NA,38,2,22.46,NA,19,1,NA,19,1,NA,NA,NA,TRUE,19:1/19:1,0.146458797,250bar
250C,PE 38:2_22.46 | 19:1/19:1,9.81102937,PE,2,NA,38,2,22.46,NA,19,1,NA,19,1,NA,NA,NA,TRUE,19:1/19:1,0.139281329,250bar
1A,PG 28:0_10.25 | 14:0/14:0,0.1112806,PG,2,NA,28,0,10.25,NA,14,0,NA,14,0,NA,NA,NA,TRUE,14:0/14:0,0.088593707,1bar
1B,PG 28:0_10.25 | 14:0/14:0,0.095018009,PG,2,NA,28,0,10.25,NA,14,0,NA,14,0,NA,NA,NA,TRUE,14:0/14:0,0.075646587,1bar
1C,PG 28:0_10.25 | 14:0/14:0,0.061260954,PG,2,NA,28,0,10.25,NA,14,0,NA,14,0,NA,NA,NA,TRUE,14:0/14:0,0.048771619,1bar
250A,PG 28:0_10.25 | 14:0/14:0,0.298831367,PG,2,NA,28,0,10.25,NA,14,0,NA,14,0,NA,NA,NA,TRUE,14:0/14:0,0.237908301,250bar
250B,PG 28:0_10.25 | 14:0/14:0,0.353424664,PG,2,NA,28,0,10.25,NA,14,0,NA,14,0,NA,NA,NA,TRUE,14:0/14:0,0.281371605,250bar
250C,PG 28:0_10.25 | 14:0/14:0,0.33626234,PG,2,NA,28,0,10.25,NA,14,0,NA,14,0,NA,NA,NA,TRUE,14:0/14:0,0.267708182,250bar
1A,PG 28:0_10.25 | 16:0/12:0,0.044484635,PG,2,NA,28,0,10.25,NA,16,0,NA,12,0,NA,NA,NA,TRUE,16:0/12:0,0.065587945,1bar
1B,PG 28:0_10.25 | 16:0/12:0,0.032523212,PG,2,NA,28,0,10.25,NA,16,0,NA,12,0,NA,NA,NA,TRUE,16:0/12:0,0.047952076,1bar
1C,PG 28:0_10.25 | 16:0/12:0,0.019834857,PG,2,NA,28,0,10.25,NA,16,0,NA,12,0,NA,NA,NA,TRUE,16:0/12:0,0.029244424,1bar
250A,PG 28:0_10.25 | 16:0/12:0,0.216859733,PG,2,NA,28,0,10.25,NA,16,0,NA,12,0,NA,NA,NA,TRUE,16:0/12:0,0.319737011,250bar
250B,PG 28:0_10.25 | 16:0/12:0,0.176636108,PG,2,NA,28,0,10.25,NA,16,0,NA,12,0,NA,NA,NA,TRUE,16:0/12:0,0.260431481,250bar
250C,PG 28:0_10.25 | 16:0/12:0,0.187905529,PG,2,NA,28,0,10.25,NA,16,0,NA,12,0,NA,NA,NA,TRUE,16:0/12:0,0.277047064,250bar
1A,PG 29:0_10.91 | 14:0_15:0,0.010667541,PG,2,NA,29,0,10.91,NA,14,0,NA,15,0,NA,NA,NA,FALSE,14:0_15:0,0.063387142,1bar
250A,PG 29:0_10.91 | 14:0_15:0,0.048731817,PG,2,NA,29,0,10.91,NA,14,0,NA,15,0,NA,NA,NA,FALSE,14:0_15:0,0.289567264,250bar
250B,PG 29:0_10.91 | 14:0_15:0,0.060692321,PG,2,NA,29,0,10.91,NA,14,0,NA,15,0,NA,NA,NA,FALSE,14:0_15:0,0.360637271,250bar
250C,PG 29:0_10.91 | 14:0_15:0,0.048200193,PG,2,NA,29,0,10.91,NA,14,0,NA,15,0,NA,NA,NA,FALSE,14:0_15:0,0.286408324,250bar
1A,PG 29:0_10.91 | 16:0/13:0,0.020962046,PG,2,NA,29,0,10.91,NA,16,0,NA,13,0,NA,NA,NA,TRUE,16:0/13:0,0.180637297,1bar
250A,PG 29:0_10.91 | 16:0/13:0,0.035669093,PG,2,NA,29,0,10.91,NA,16,0,NA,13,0,NA,NA,NA,TRUE,16:0/13:0,0.30737307,250bar
250B,PG 29:0_10.91 | 16:0/13:0,0.040161431,PG,2,NA,29,0,10.91,NA,16,0,NA,13,0,NA,NA,NA,TRUE,16:0/13:0,0.346085122,250bar
250C,PG 29:0_10.91 | 16:0/13:0,0.019252381,PG,2,NA,29,0,10.91,NA,16,0,NA,13,0,NA,NA,NA,TRUE,16:0/13:0,0.165904511,250bar
1A,PG 30:0_11.73 | 16:0/14:0,6.235122305,PG,2,NA,30,0,11.73,NA,16,0,NA,14,0,NA,NA,NA,TRUE,16:0/14:0,0.107904751,1bar
1B,PG 30:0_11.73 | 16:0/14:0,5.717341407,PG,2,NA,30,0,11.73,NA,16,0,NA,14,0,NA,NA,NA,TRUE,16:0/14:0,0.098944057,1bar
1C,PG 30:0_11.73 | 16:0/14:0,5.146656746,PG,2,NA,30,0,11.73,NA,16,0,NA,14,0,NA,NA,NA,TRUE,16:0/14:0,0.089067814,1bar
250A,PG 30:0_11.73 | 16:0/14:0,12.96378128,PG,2,NA,30,0,11.73,NA,16,0,NA,14,0,NA,NA,NA,TRUE,16:0/14:0,0.224350625,250bar
250B,PG 30:0_11.73 | 16:0/14:0,15.2520731,PG,2,NA,30,0,11.73,NA,16,0,NA,14,0,NA,NA,NA,TRUE,16:0/14:0,0.263951702,250bar
250C,PG 30:0_11.73 | 16:0/14:0,12.46860061,PG,2,NA,30,0,11.73,NA,16,0,NA,14,0,NA,NA,NA,TRUE,16:0/14:0,0.21578105,250bar
1A,PG 30:1_10.66 | 16:0/14:1,0.087580606,PG,2,NA,30,1,10.66,NA,16,0,NA,14,1,NA,NA,NA,TRUE,16:0/14:1,0.132801358,1bar
1B,PG 30:1_10.66 | 16:0/14:1,0.046686647,PG,2,NA,30,1,10.66,NA,16,0,NA,14,1,NA,NA,NA,TRUE,16:0/14:1,0.0707925,1bar
250A,PG 30:1_10.66 | 16:0/14:1,0.174007116,PG,2,NA,30,1,10.66,NA,16,0,NA,14,1,NA,NA,NA,TRUE,16:0/14:1,0.263852721,250bar
250B,PG 30:1_10.66 | 16:0/14:1,0.18821005,PG,2,NA,30,1,10.66,NA,16,0,NA,14,1,NA,NA,NA,TRUE,16:0/14:1,0.285389098,250bar
250C,PG 30:1_10.66 | 16:0/14:1,0.163001356,PG,2,NA,30,1,10.66,NA,16,0,NA,14,1,NA,NA,NA,TRUE,16:0/14:1,0.247164324,250bar
1A,PG 31:0_12.66 | 15:0_16:0,0.259007629,PG,2,NA,31,0,12.66,NA,15,0,NA,16,0,NA,NA,NA,FALSE,15:0_16:0,0.143422796,1bar
1B,PG 31:0_12.66 | 15:0_16:0,0.199500741,PG,2,NA,31,0,12.66,NA,15,0,NA,16,0,NA,NA,NA,FALSE,15:0_16:0,0.110471472,1bar
1C,PG 31:0_12.66 | 15:0_16:0,0.189451656,PG,2,NA,31,0,12.66,NA,15,0,NA,16,0,NA,NA,NA,FALSE,15:0_16:0,0.104906895,1bar
250A,PG 31:0_12.66 | 15:0_16:0,0.359411732,PG,2,NA,31,0,12.66,NA,15,0,NA,16,0,NA,NA,NA,FALSE,15:0_16:0,0.19902053,250bar
250B,PG 31:0_12.66 | 15:0_16:0,0.438506972,PG,2,NA,31,0,12.66,NA,15,0,NA,16,0,NA,NA,NA,FALSE,15:0_16:0,0.242818701,250bar
250C,PG 31:0_12.66 | 15:0_16:0,0.360024069,PG,2,NA,31,0,12.66,NA,15,0,NA,16,0,NA,NA,NA,FALSE,15:0_16:0,0.199359605,250bar
1A,PG 31:1_11.38 | 14:0/17:1,0.430782419,PG,2,NA,31,1,11.38,NA,14,0,NA,17,1,NA,NA,NA,TRUE,14:0/17:1,0.130479438,1bar
1B,PG 31:1_11.38 | 14:0/17:1,0.302020664,PG,2,NA,31,1,11.38,NA,14,0,NA,17,1,NA,NA,NA,TRUE,14:0/17:1,0.091478865,1bar
1C,PG 31:1_11.38 | 14:0/17:1,0.291930013,PG,2,NA,31,1,11.38,NA,14,0,NA,17,1,NA,NA,NA,TRUE,14:0/17:1,0.088422513,1bar
250A,PG 31:1_11.38 | 14:0/17:1,0.840068889,PG,2,NA,31,1,11.38,NA,14,0,NA,17,1,NA,NA,NA,TRUE,14:0/17:1,0.254447981,250bar
250B,PG 31:1_11.38 | 14:0/17:1,0.489819713,PG,2,NA,31,1,11.38,NA,14,0,NA,17,1,NA,NA,NA,TRUE,14:0/17:1,0.14836121,250bar
250C,PG 31:1_11.38 | 14:0/17:1,0.946913198,PG,2,NA,31,1,11.38,NA,14,0,NA,17,1,NA,NA,NA,TRUE,14:0/17:1,0.286809992,250bar
1A,PG 32:0_13.77 | 16:0/16:0,7.750230505,PG,2,NA,32,0,13.77,NA,16,0,NA,16,0,NA,NA,NA,TRUE,16:0/16:0,0.16081197,1bar
1B,PG 32:0_13.77 | 16:0/16:0,6.279485308,PG,2,NA,32,0,13.77,NA,16,0,NA,16,0,NA,NA,NA,TRUE,16:0/16:0,0.130295015,1bar
1C,PG 32:0_13.77 | 16:0/16:0,6.876869757,PG,2,NA,32,0,13.77,NA,16,0,NA,16,0,NA,NA,NA,TRUE,16:0/16:0,0.142690333,1bar
250A,PG 32:0_13.77 | 16:0/16:0,8.026713209,PG,2,NA,32,0,13.77,NA,16,0,NA,16,0,NA,NA,NA,TRUE,16:0/16:0,0.166548797,250bar
250B,PG 32:0_13.77 | 16:0/16:0,11.02578477,PG,2,NA,32,0,13.77,NA,16,0,NA,16,0,NA,NA,NA,TRUE,16:0/16:0,0.228777476,250bar
250C,PG 32:0_13.77 | 16:0/16:0,8.235279741,PG,2,NA,32,0,13.77,NA,16,0,NA,16,0,NA,NA,NA,TRUE,16:0/16:0,0.170876409,250bar
1A,PG 32:1_12.11 | 15:0/17:1,0.50584513,PG,2,NA,32,1,12.11,NA,15,0,NA,17,1,NA,NA,NA,TRUE,15:0/17:1,0.184751895,1bar
1C,PG 32:1_12.11 | 15:0/17:1,0.341165759,PG,2,NA,32,1,12.11,NA,15,0,NA,17,1,NA,NA,NA,TRUE,15:0/17:1,0.124605371,1bar
250A,PG 32:1_12.11 | 15:0/17:1,0.576808048,PG,2,NA,32,1,12.11,NA,15,0,NA,17,1,NA,NA,NA,TRUE,15:0/17:1,0.210669973,250bar
250B,PG 32:1_12.11 | 15:0/17:1,0.647505506,PG,2,NA,32,1,12.11,NA,15,0,NA,17,1,NA,NA,NA,TRUE,15:0/17:1,0.236491095,250bar
250C,PG 32:1_12.11 | 15:0/17:1,0.666645477,PG,2,NA,32,1,12.11,NA,15,0,NA,17,1,NA,NA,NA,TRUE,15:0/17:1,0.243481666,250bar
1A,PG 32:1_12.11 | 16:0/16:1,4.366969389,PG,2,NA,32,1,12.11,NA,16,0,NA,16,1,NA,NA,NA,TRUE,16:0/16:1,0.220982198,1bar
1B,PG 32:1_12.11 | 16:0/16:1,3.873747218,PG,2,NA,32,1,12.11,NA,16,0,NA,16,1,NA,NA,NA,TRUE,16:0/16:1,0.196023626,1bar
1C,PG 32:1_12.11 | 16:0/16:1,2.655719323,PG,2,NA,32,1,12.11,NA,16,0,NA,16,1,NA,NA,NA,TRUE,16:0/16:1,0.134387636,1bar
250A,PG 32:1_12.11 | 16:0/16:1,2.882537448,PG,2,NA,32,1,12.11,NA,16,0,NA,16,1,NA,NA,NA,TRUE,16:0/16:1,0.145865337,250bar
250B,PG 32:1_12.11 | 16:0/16:1,2.404687065,PG,2,NA,32,1,12.11,NA,16,0,NA,16,1,NA,NA,NA,TRUE,16:0/16:1,0.121684625,250bar
250C,PG 32:1_12.11 | 16:0/16:1,3.577973867,PG,2,NA,32,1,12.11,NA,16,0,NA,16,1,NA,NA,NA,TRUE,16:0/16:1,0.181056577,250bar
1C,PG 32:2_10.81,0.056028973,PG,2,NA,32,2,10.81,NA,NA,NA,NA,NA,NA,NA,NA,NA,FALSE,32:02:00,0.552816685,1bar
250A,PG 32:2_10.81,0.01210606,PG,2,NA,32,2,10.81,NA,NA,NA,NA,NA,NA,NA,NA,NA,FALSE,32:02:00,0.119445917,250bar
250B,PG 32:2_10.81,0.014362046,PG,2,NA,32,2,10.81,NA,NA,NA,NA,NA,NA,NA,NA,NA,FALSE,32:02:00,0.141704881,250bar
250C,PG 32:2_10.81,0.018854733,PG,2,NA,32,2,10.81,NA,NA,NA,NA,NA,NA,NA,NA,NA,FALSE,32:02:00,0.186032518,250bar
1A,PG 33:0_15.11 | 16:0_17:0,0.079823052,PG,2,NA,33,0,15.11,NA,16,0,NA,17,0,NA,NA,NA,FALSE,16:0_17:0,0.236628861,1bar
1B,PG 33:0_15.11 | 16:0_17:0,0.071325235,PG,2,NA,33,0,15.11,NA,16,0,NA,17,0,NA,NA,NA,FALSE,16:0_17:0,0.211437781,1bar
250A,PG 33:0_15.11 | 16:0_17:0,0.082959111,PG,2,NA,33,0,15.11,NA,16,0,NA,17,0,NA,NA,NA,FALSE,16:0_17:0,0.245925448,250bar
250B,PG 33:0_15.11 | 16:0_17:0,0.103226992,PG,2,NA,33,0,15.11,NA,16,0,NA,17,0,NA,NA,NA,FALSE,16:0_17:0,0.306007911,250bar
1A,PG 33:1_13.31 | 16:0/17:1,30.04778257,PG,2,NA,33,1,13.31,NA,16,0,NA,17,1,NA,NA,NA,TRUE,16:0/17:1,0.136336881,1bar
1B,PG 33:1_13.31 | 16:0/17:1,30.35607829,PG,2,NA,33,1,13.31,NA,16,0,NA,17,1,NA,NA,NA,TRUE,16:0/17:1,0.137735722,1bar
1C,PG 33:1_13.31 | 16:0/17:1,27.09174603,PG,2,NA,33,1,13.31,NA,16,0,NA,17,1,NA,NA,NA,TRUE,16:0/17:1,0.12292435,1bar
250A,PG 33:1_13.31 | 16:0/17:1,41.57785117,PG,2,NA,33,1,13.31,NA,16,0,NA,17,1,NA,NA,NA,TRUE,16:0/17:1,0.188652674,250bar
250B,PG 33:1_13.31 | 16:0/17:1,44.74658932,PG,2,NA,33,1,13.31,NA,16,0,NA,17,1,NA,NA,NA,TRUE,16:0/17:1,0.203030303,250bar
250C,PG 33:1_13.31 | 16:0/17:1,46.57360145,PG,2,NA,33,1,13.31,NA,16,0,NA,17,1,NA,NA,NA,TRUE,16:0/17:1,0.211320071,250bar
1A,PG 34:0_16.75 | 16:0_18:0,0.197649461,PG,2,NA,34,0,16.75,NA,16,0,NA,18,0,NA,NA,NA,FALSE,16:0_18:0,0.28089603,1bar
1B,PG 34:0_16.75 | 16:0_18:0,0.167651995,PG,2,NA,34,0,16.75,NA,16,0,NA,18,0,NA,NA,NA,FALSE,16:0_18:0,0.238264145,1bar
250A,PG 34:0_16.75 | 16:0_18:0,0.194207068,PG,2,NA,34,0,16.75,NA,16,0,NA,18,0,NA,NA,NA,FALSE,16:0_18:0,0.276003761,250bar
250C,PG 34:0_16.75 | 16:0_18:0,0.144130685,PG,2,NA,34,0,16.75,NA,16,0,NA,18,0,NA,NA,NA,FALSE,16:0_18:0,0.204836063,250bar
1A,PG 34:1_14.11 | 16:0/18:1,2.159603473,PG,2,NA,34,1,14.11,NA,16,0,NA,18,1,NA,NA,NA,TRUE,16:0/18:1,0.181023279,1bar
1B,PG 34:1_14.11 | 16:0/18:1,2.084684252,PG,2,NA,34,1,14.11,NA,16,0,NA,18,1,NA,NA,NA,TRUE,16:0/18:1,0.174743365,1bar
1C,PG 34:1_14.11 | 16:0/18:1,1.510275831,PG,2,NA,34,1,14.11,NA,16,0,NA,18,1,NA,NA,NA,TRUE,16:0/18:1,0.126595038,1bar
250A,PG 34:1_14.11 | 16:0/18:1,1.862027485,PG,2,NA,34,1,14.11,NA,16,0,NA,18,1,NA,NA,NA,TRUE,16:0/18:1,0.156079727,250bar
250B,PG 34:1_14.11 | 16:0/18:1,1.688336119,PG,2,NA,34,1,14.11,NA,16,0,NA,18,1,NA,NA,NA,TRUE,16:0/18:1,0.141520489,250bar
250C,PG 34:1_14.11 | 16:0/18:1,2.625049387,PG,2,NA,34,1,14.11,NA,16,0,NA,18,1,NA,NA,NA,TRUE,16:0/18:1,0.220038101,250bar
1A,PG 34:1_14.53 | 15:0/19:1,0.146833193,PG,2,NA,34,1,14.53,NA,15,0,NA,19,1,NA,NA,NA,TRUE,15:0/19:1,0.136523853,1bar
1B,PG 34:1_14.53 | 15:0/19:1,0.131254098,PG,2,NA,34,1,14.53,NA,15,0,NA,19,1,NA,NA,NA,TRUE,15:0/19:1,0.122038585,1bar
250A,PG 34:1_14.53 | 15:0/19:1,0.234109115,PG,2,NA,34,1,14.53,NA,15,0,NA,19,1,NA,NA,NA,TRUE,15:0/19:1,0.217672025,250bar
250B,PG 34:1_14.53 | 15:0/19:1,0.316292678,PG,2,NA,34,1,14.53,NA,15,0,NA,19,1,NA,NA,NA,TRUE,15:0/19:1,0.294085378,250bar
250C,PG 34:1_14.53 | 15:0/19:1,0.247024022,PG,2,NA,34,1,14.53,NA,15,0,NA,19,1,NA,NA,NA,TRUE,15:0/19:1,0.22968016,250bar
1A,PG 34:1_14.53 | 16:0/18:1,0.216875828,PG,2,NA,34,1,14.53,NA,16,0,NA,18,1,NA,NA,NA,TRUE,16:0/18:1,0.139250592,1bar
1B,PG 34:1_14.53 | 16:0/18:1,0.179812068,PG,2,NA,34,1,14.53,NA,16,0,NA,18,1,NA,NA,NA,TRUE,16:0/18:1,0.11545287,1bar
1C,PG 34:1_14.53 | 16:0/18:1,0.144064508,PG,2,NA,34,1,14.53,NA,16,0,NA,18,1,NA,NA,NA,TRUE,16:0/18:1,0.092500249,1bar
250A,PG 34:1_14.53 | 16:0/18:1,0.333261766,PG,2,NA,34,1,14.53,NA,16,0,NA,18,1,NA,NA,NA,TRUE,16:0/18:1,0.213979117,250bar
250B,PG 34:1_14.53 | 16:0/18:1,0.356497997,PG,2,NA,34,1,14.53,NA,16,0,NA,18,1,NA,NA,NA,TRUE,16:0/18:1,0.228898525,250bar
250C,PG 34:1_14.53 | 16:0/18:1,0.326937786,PG,2,NA,34,1,14.53,NA,16,0,NA,18,1,NA,NA,NA,TRUE,16:0/18:1,0.209918647,250bar
1A,PG 34:1_14.53 | 17:0/17:1,0.300611727,PG,2,NA,34,1,14.53,NA,17,0,NA,17,1,NA,NA,NA,TRUE,17:0/17:1,0.122161727,1bar
1B,PG 34:1_14.53 | 17:0/17:1,0.250419751,PG,2,NA,34,1,14.53,NA,17,0,NA,17,1,NA,NA,NA,TRUE,17:0/17:1,0.101764856,1bar
1C,PG 34:1_14.53 | 17:0/17:1,0.181207147,PG,2,NA,34,1,14.53,NA,17,0,NA,17,1,NA,NA,NA,TRUE,17:0/17:1,0.073638438,1bar
250A,PG 34:1_14.53 | 17:0/17:1,0.590663051,PG,2,NA,34,1,14.53,NA,17,0,NA,17,1,NA,NA,NA,TRUE,17:0/17:1,0.240031947,250bar
250B,PG 34:1_14.53 | 17:0/17:1,0.613632999,PG,2,NA,34,1,14.53,NA,17,0,NA,17,1,NA,NA,NA,TRUE,17:0/17:1,0.249366409,250bar
250C,PG 34:1_14.53 | 17:0/17:1,0.524233807,PG,2,NA,34,1,14.53,NA,17,0,NA,17,1,NA,NA,NA,TRUE,17:0/17:1,0.213036623,250bar
1A,PG 34:2_12.38 | 18:1/16:1,0.954933465,PG,2,NA,34,2,12.38,NA,18,1,NA,16,1,NA,NA,NA,TRUE,18:1/16:1,0.317416793,1bar
1B,PG 34:2_12.38 | 18:1/16:1,0.755639655,PG,2,NA,34,2,12.38,NA,18,1,NA,16,1,NA,NA,NA,TRUE,18:1/16:1,0.251172176,1bar
1C,PG 34:2_12.38 | 18:1/16:1,0.464829314,PG,2,NA,34,2,12.38,NA,18,1,NA,16,1,NA,NA,NA,TRUE,18:1/16:1,0.154507759,1bar
250A,PG 34:2_12.38 | 18:1/16:1,0.277764584,PG,2,NA,34,2,12.38,NA,18,1,NA,16,1,NA,NA,NA,TRUE,18:1/16:1,0.092328049,250bar
250B,PG 34:2_12.38 | 18:1/16:1,0.212435813,PG,2,NA,34,2,12.38,NA,18,1,NA,16,1,NA,NA,NA,TRUE,18:1/16:1,0.070612977,250bar
250C,PG 34:2_12.38 | 18:1/16:1,0.34285005,PG,2,NA,34,2,12.38,NA,18,1,NA,16,1,NA,NA,NA,TRUE,18:1/16:1,0.113962247,250bar
1A,PG 34:2_12.85 | 17:1/17:1,0.562588611,PG,2,NA,34,2,12.85,NA,17,1,NA,17,1,NA,NA,NA,TRUE,17:1/17:1,0.144172068,1bar
1B,PG 34:2_12.85 | 17:1/17:1,0.469574294,PG,2,NA,34,2,12.85,NA,17,1,NA,17,1,NA,NA,NA,TRUE,17:1/17:1,0.120335704,1bar
1C,PG 34:2_12.85 | 17:1/17:1,0.375476299,PG,2,NA,34,2,12.85,NA,17,1,NA,17,1,NA,NA,NA,TRUE,17:1/17:1,0.096221632,1bar
250A,PG 34:2_12.85 | 17:1/17:1,0.772365755,PG,2,NA,34,2,12.85,NA,17,1,NA,17,1,NA,NA,NA,TRUE,17:1/17:1,0.197930718,250bar
250B,PG 34:2_12.85 | 17:1/17:1,0.833979133,PG,2,NA,34,2,12.85,NA,17,1,NA,17,1,NA,NA,NA,TRUE,17:1/17:1,0.213720103,250bar
250C,PG 34:2_12.85 | 17:1/17:1,0.888218467,PG,2,NA,34,2,12.85,NA,17,1,NA,17,1,NA,NA,NA,TRUE,17:1/17:1,0.227619775,250bar
1A,PG 35:1_15.90 | 16:0/19:1,9.274078407,PG,2,NA,35,1,15.9,NA,16,0,NA,19,1,NA,NA,NA,TRUE,16:0/19:1,0.127715033,1bar
1B,PG 35:1_15.90 | 16:0/19:1,9.951848733,PG,2,NA,35,1,15.9,NA,16,0,NA,19,1,NA,NA,NA,TRUE,16:0/19:1,0.137048733,1bar
1C,PG 35:1_15.90 | 16:0/19:1,9.215364912,PG,2,NA,35,1,15.9,NA,16,0,NA,19,1,NA,NA,NA,TRUE,16:0/19:1,0.126906479,1bar
250A,PG 35:1_15.90 | 16:0/19:1,14.55531469,PG,2,NA,35,1,15.9,NA,16,0,NA,19,1,NA,NA,NA,TRUE,16:0/19:1,0.200443906,250bar
250B,PG 35:1_15.90 | 16:0/19:1,15.39431082,PG,2,NA,35,1,15.9,NA,16,0,NA,19,1,NA,NA,NA,TRUE,16:0/19:1,0.211997876,250bar
250C,PG 35:1_15.90 | 16:0/19:1,14.22448373,PG,2,NA,35,1,15.9,NA,16,0,NA,19,1,NA,NA,NA,TRUE,16:0/19:1,0.195887972,250bar
1A,PG 35:1_15.90 | 18:0/17:1,0.07460836,PG,2,NA,35,1,15.9,NA,18,0,NA,17,1,NA,NA,NA,TRUE,18:0/17:1,0.167691995,1bar
250A,PG 35:1_15.90 | 18:0/17:1,0.159811457,PG,2,NA,35,1,15.9,NA,18,0,NA,17,1,NA,NA,NA,TRUE,18:0/17:1,0.35919704,250bar
250B,PG 35:1_15.90 | 18:0/17:1,0.210493251,PG,2,NA,35,1,15.9,NA,18,0,NA,17,1,NA,NA,NA,TRUE,18:0/17:1,0.473110965,250bar
1A,PG 36:1_17.66 | 16:0/20:1,0.031416833,PG,2,NA,36,1,17.66,NA,16,0,NA,20,1,NA,NA,NA,TRUE,16:0/20:1,0.1640511,1bar
1B,PG 36:1_17.66 | 16:0/20:1,0.030536633,PG,2,NA,36,1,17.66,NA,16,0,NA,20,1,NA,NA,NA,TRUE,16:0/20:1,0.159454909,1bar
250A,PG 36:1_17.66 | 16:0/20:1,0.047922878,PG,2,NA,36,1,17.66,NA,16,0,NA,20,1,NA,NA,NA,TRUE,16:0/20:1,0.250241672,250bar
250B,PG 36:1_17.66 | 16:0/20:1,0.044608321,PG,2,NA,36,1,17.66,NA,16,0,NA,20,1,NA,NA,NA,TRUE,16:0/20:1,0.232933855,250bar
250C,PG 36:1_17.66 | 16:0/20:1,0.03702172,PG,2,NA,36,1,17.66,NA,16,0,NA,20,1,NA,NA,NA,TRUE,16:0/20:1,0.193318463,250bar
1A,PG 36:1_17.66 | 17:0/19:1,0.123383248,PG,2,NA,36,1,17.66,NA,17,0,NA,19,1,NA,NA,NA,TRUE,17:0/19:1,0.119452838,1bar
1B,PG 36:1_17.66 | 17:0/19:1,0.128131436,PG,2,NA,36,1,17.66,NA,17,0,NA,19,1,NA,NA,NA,TRUE,17:0/19:1,0.124049771,1bar
250A,PG 36:1_17.66 | 17:0/19:1,0.251255785,PG,2,NA,36,1,17.66,NA,17,0,NA,19,1,NA,NA,NA,TRUE,17:0/19:1,0.243251957,250bar
250B,PG 36:1_17.66 | 17:0/19:1,0.287331117,PG,2,NA,36,1,17.66,NA,17,0,NA,19,1,NA,NA,NA,TRUE,17:0/19:1,0.278178098,250bar
250C,PG 36:1_17.66 | 17:0/19:1,0.242801863,PG,2,NA,36,1,17.66,NA,17,0,NA,19,1,NA,NA,NA,TRUE,17:0/19:1,0.235067337,250bar
1A,PG 36:2_14.46 | 18:1/18:1,0.716298957,PG,2,NA,36,2,14.46,NA,18,1,NA,18,1,NA,NA,NA,TRUE,18:1/18:1,0.23379973,1bar
1B,PG 36:2_14.46 | 18:1/18:1,0.563049322,PG,2,NA,36,2,14.46,NA,18,1,NA,18,1,NA,NA,NA,TRUE,18:1/18:1,0.183779102,1bar
1C,PG 36:2_14.46 | 18:1/18:1,0.314774812,PG,2,NA,36,2,14.46,NA,18,1,NA,18,1,NA,NA,NA,TRUE,18:1/18:1,0.102742389,1bar
250A,PG 36:2_14.46 | 18:1/18:1,0.361592931,PG,2,NA,36,2,14.46,NA,18,1,NA,18,1,NA,NA,NA,TRUE,18:1/18:1,0.118023807,250bar
250B,PG 36:2_14.46 | 18:1/18:1,0.437999125,PG,2,NA,36,2,14.46,NA,18,1,NA,18,1,NA,NA,NA,TRUE,18:1/18:1,0.142962762,250bar
250C,PG 36:2_14.46 | 18:1/18:1,0.670013617,PG,2,NA,36,2,14.46,NA,18,1,NA,18,1,NA,NA,NA,TRUE,18:1/18:1,0.218692211,250bar
1A,PG 36:2_15.33 | 17:1_19:1,2.991838034,PG,2,NA,36,2,15.33,NA,17,1,NA,19,1,NA,NA,NA,FALSE,17:1_19:1,0.126129174,1bar
1B,PG 36:2_15.33 | 17:1_19:1,2.451698242,PG,2,NA,36,2,15.33,NA,17,1,NA,19,1,NA,NA,NA,FALSE,17:1_19:1,0.103358093,1bar
1C,PG 36:2_15.33 | 17:1_19:1,2.041601865,PG,2,NA,36,2,15.33,NA,17,1,NA,19,1,NA,NA,NA,FALSE,17:1_19:1,0.086069351,1bar
250A,PG 36:2_15.33 | 17:1_19:1,5.287706518,PG,2,NA,36,2,15.33,NA,17,1,NA,19,1,NA,NA,NA,FALSE,17:1_19:1,0.222917835,250bar
250B,PG 36:2_15.33 | 17:1_19:1,5.494696738,PG,2,NA,36,2,15.33,NA,17,1,NA,19,1,NA,NA,NA,FALSE,17:1_19:1,0.231644078,250bar
250C,PG 36:2_15.33 | 17:1_19:1,5.452886929,PG,2,NA,36,2,15.33,NA,17,1,NA,19,1,NA,NA,NA,FALSE,17:1_19:1,0.22988147,250bar
1A,PG 37:1_19.53 | 18:0/19:1,0.046078557,PG,2,NA,37,1,19.53,NA,18,0,NA,19,1,NA,NA,NA,TRUE,18:0/19:1,0.046688522,1bar
250A,PG 37:1_19.53 | 18:0/19:1,0.331040838,PG,2,NA,37,1,19.53,NA,18,0,NA,19,1,NA,NA,NA,TRUE,18:0/19:1,0.335422985,250bar
250B,PG 37:1_19.53 | 18:0/19:1,0.316544346,PG,2,NA,37,1,19.53,NA,18,0,NA,19,1,NA,NA,NA,TRUE,18:0/19:1,0.320734596,250bar
250C,PG 37:1_19.53 | 18:0/19:1,0.293271718,PG,2,NA,37,1,19.53,NA,18,0,NA,19,1,NA,NA,NA,TRUE,18:0/19:1,0.297153897,250bar
1A,PG 38:2_18.64 | 19:1/19:1,2.232825768,PG,2,NA,38,2,18.64,NA,19,1,NA,19,1,NA,NA,NA,TRUE,19:1/19:1,0.105768309,1bar
1B,PG 38:2_18.64 | 19:1/19:1,1.910276904,PG,2,NA,38,2,18.64,NA,19,1,NA,19,1,NA,NA,NA,TRUE,19:1/19:1,0.090489263,1bar
1C,PG 38:2_18.64 | 19:1/19:1,1.623696294,PG,2,NA,38,2,18.64,NA,19,1,NA,19,1,NA,NA,NA,TRUE,19:1/19:1,0.076914023,1bar
250A,PG 38:2_18.64 | 19:1/19:1,5.117812865,PG,2,NA,38,2,18.64,NA,19,1,NA,19,1,NA,NA,NA,TRUE,19:1/19:1,0.242429311,250bar
250B,PG 38:2_18.64 | 19:1/19:1,5.682781573,PG,2,NA,38,2,18.64,NA,19,1,NA,19,1,NA,NA,NA,TRUE,19:1/19:1,0.269191715,250bar
250C,PG 38:2_18.64 | 19:1/19:1,4.543143263,PG,2,NA,38,2,18.64,NA,19,1,NA,19,1,NA,NA,NA,TRUE,19:1/19:1,0.215207379,250bar
