feature,class,WT-W303-1bar-A,WT-W303-1bar-B,WT-W303-1bar-C,WT-W303-250bar-A,WT-W303-250bar-B,WT-W303-250bar-C
CL 60:1;0,CL,,,,,,
CL 61:1;0,CL,,,,,,
CL 62:1;0,CL,,,,,,
CL 62:2;0,CL,,,,,,
CL 64:2;0,CL,,,,,,
CL 64:3;0,CL,,,,,,
CL 66:2;0,CL,,,,,,
CL 66:3;0,CL,,,,,,
CL 68:2;0,CL,36.5177002,20.54599953,,,12.73390007,
CL 68:3;0,CL,22.3614006,,,,,
CL 68:4;0,CL,,,,,,
CL 70:3;0,CL,,,,,,
CL 70:4;0,CL,,,,,,
CL 72:4;0,CL,,,,,,
Cer 32:0;2,Cer,,0.657965004,0.350569993,,,
Cer 32:0;5,Cer,,,,,0.374365002,0.452832997
Cer 34:0;2,Cer,3.004650116,3.473170042,1.884699941,1.343340039,0.939432979,1.442000031
Cer 34:0;3,Cer,,0.729301989,,,,
Cer 34:0;4,Cer,,,,,,
Cer 36:0;2,Cer,4.523119926,3.440380096,2.165199995,1.979290009,1.455489993,2.353539944
Cer 36:0;3,Cer,0.847893,0.784255981,,,,
Cer 38:0;2,Cer,2.466429949,1.209869981,0.917553008,1.154440045,0.658052027,1.338539958
Cer 38:0;3,Cer,,,,,,
Cer 38:0;4,Cer,,,,,,
Cer 40:0;2,Cer,,,,,,
Cer 40:0;3,Cer,1.702450037,0.787765026,0.493728995,,,
Cer 40:0;4,Cer,,,,,,
Cer 42:0;2,Cer,,,,,,
Cer 42:0;3,Cer,3.1849401,2.044420004,1.410380006,0.582018018,0.84166503,0.874643028
Cer 42:0;4,Cer,,,,,,
Cer 44:0;2,Cer,1.334280014,1.172209978,0.618022025,,,
Cer 44:0;3,Cer,16.31419945,11.66450024,8.723609924,0.76128,0.826905012,0.837197006
Cer 44:0;4,Cer,25.47139931,17.8567009,15.12650013,9.076899529,10.37119961,10.21370029
Cer 44:0;5,Cer,1.658519983,1.032610059,0.885188997,3.383840084,4.583250046,1.120409966
Cer 46:0;2,Cer,,,,,,
Cer 46:0;3,Cer,6.24323988,4.708370209,3.300899982,,,
Cer 46:0;4,Cer,8.736980438,6.681680202,5.277080059,4.988689899,6.940360069,5.005099773
Cer 46:0;5,Cer,,,,,,
DAG 10:0;0_16:0;0,DAG,60.03570175,43.31499863,28.34959984,9.123140335,9.381520271,8.558369637
DAG 10:0;0_16:1;0,DAG,,,,,7.804299831,
DAG 10:0;0_18:0;0,DAG,12.70619965,9.165639877,5.822989941,2.986920118,2.718450069,2.534240007
DAG 10:0;0_18:1;0,DAG,3.661129951,1.713739991,1.387079954,1.819679976,1.668820024,1.668540001
DAG 10:0;0_20:0;0,DAG,,,0.0921565,,,
DAG 10:1;0_16:0;0,DAG,,,,,0.320217013,
DAG 10:1;0_18:0;0,DAG,0.248301998,0.114670999,0.112145998,0.080928102,,0.0617132
DAG 12:0;0_14:0;0,DAG,10.48349953,7.555789948,4.968500137,1.72992003,1.754199982,1.683650017
DAG 12:0;0_14:1;0,DAG,,,,,0.120265998,
DAG 12:0;0_16:0;0,DAG,64.83599854,42.95209885,28.73480034,13.89420033,13.65849972,12.66539955
DAG 12:0;0_16:1;0,DAG,13.09560013,5.270669937,4.590330124,10.72319984,9.892959595,10.31410027
DAG 12:0;0_18:0;0,DAG,13.46389961,9.100629807,6.068190098,,3.408349991,
DAG 12:0;0_18:1;0,DAG,7.134250164,3.17227006,2.594480038,3.054209948,3.022550106,2.648849964
DAG 12:1;0_16:0;0,DAG,0.255163014,0.110174,0.110567003,0.130364001,0.124829002,0.134890005
DAG 12:1;0_18:0;0,DAG,,,,,,
DAG 14:0;0_14:0;0,DAG,2.912209988,1.887060046,1.271810055,0.604094982,0.570869029,0.511896014
DAG 14:0;0_14:1;0,DAG,1.361070037,0.540818989,0.474330992,0.63884002,0.573632002,0.62055397
DAG 14:0;0_16:0;0,DAG,15.16059971,8.75249958,5.927490234,,3.370009899,
DAG 14:0;0_16:1;0,DAG,23.14719963,10.46879959,8.705180168,11.65250015,11.99180031,9.849619865
DAG 14:0;0_18:0;0,DAG,3.395139933,,,,,
DAG 14:0;0_18:1;0,DAG,57.62939835,28.89690018,20.32839966,21.32629967,22.27350044,22.51199913
DAG 14:0;0_18:2;0,DAG,0.185182005,,,,,
DAG 14:0;0_19:1;0,DAG,,,,,,
DAG 14:1;0_16:0;0,DAG,7.773819923,3.672679901,2.977619886,3.59890008,3.834369898,3.180799961
DAG 14:1;0_18:0;0,DAG,1.924440026,1.149710059,0.736491024,1.337450027,1.190819979,1.539700031
DAG 14:1;0_18:1;0,DAG,1.91189003,0.889496028,0.684679985,1.130779982,1.197890043,1.160699964
DAG 15:0;0_15:0;0,DAG,0.084940501,,0.0130945,,,
DAG 15:0;0_18:1;0,DAG,,,,,,
DAG 15:1;0_17:1;0,DAG,,,,,,
DAG 16:0;0_16:0;0,DAG,8.530870438,,,,,
DAG 16:0;0_16:1;0,DAG,167.4129944,93.54940033,66.28600311,73.81310272,78.06900024,80.79129791
DAG 16:0;0_16:2;0,DAG,0.255217999,0.131445006,0.120610997,,,
DAG 16:0;0_17:1;0,DAG,,,,,,
DAG 16:0;0_18:0;0,DAG,,,,,,
DAG 16:0;0_18:1;0,DAG,249.701004,136.6230011,96.7052002,117.8199997,111.7750015,129.3869934
DAG 16:0;0_18:2;0,DAG,0.84354198,,,,,
DAG 16:0;0_20:0;0,DAG,,,,,,
DAG 16:1;0_16:1;0,DAG,79.48400116,40.8669014,34.46969986,73.50170135,78.87339783,81.57189941
DAG 16:1;0_17:0;0,DAG,,,,,,
DAG 16:1;0_18:0;0,DAG,55.58179855,27.71439934,20.42230034,36.145401,34.9701004,39.54899979
DAG 16:1;0_18:1;0,DAG,213.9320068,102.2350006,80.07420349,170.2299957,167.5399933,178.9889984
DAG 17:1;0_17:1;0,DAG,,,,,,
DAG 17:1;0_19:1;0,DAG,,,,,,
DAG 18:0;0_18:0;0,DAG,,,,,,
DAG 18:0;0_18:1;0,DAG,135.2230072,74.61849976,47.46500015,67.44409943,67.26180267,69.41960144
DAG 18:0;0_18:2;0,DAG,0.241852,0.133224994,,,,
DAG 18:1;0_18:1;0,DAG,50.22779846,24.42490005,16.30360031,21.02389908,24.10560036,23.05890083
EE 15:0;0,EE,,,,,,
EE 16:0;0,EE,249.7910004,132.5590057,101.7409973,613.7620239,678.7310181,665.617981
EE 16:1;0,EE,306.0369873,174.996994,131.8809967,288.6059875,308.6640015,299.6549988
EE 17:0;0,EE,,98.84059906,70.03790283,155.0279999,164.2050018,
EE 18:0;0,EE,319.5379944,178.7460022,139.7799988,435.6090088,461.4289856,486.8890076
EE 18:1;0,EE,407.6640015,256.7349854,167.5789948,214.9799957,216.7819977,221.0140076
EE 19:0;0,EE,,21.19630051,19.80010033,45.57490158,47.96419907,45.19520187
EE 20:0;0,EE,,51.82970047,34.05920029,33.47570038,36.69309998,38.2322998
LPA 16:0;0,LPA,3.275470018,3.716350079,1.352210045,1.225990057,3.184839964,2.681109905
LPA 16:1;0,LPA,,,,,1.008090019,
LPA 18:0;0,LPA,,,,,,
LPA 18:1;0,LPA,4.932700157,3.701760054,7.694789886,3.137190104,5.709420204,5.274620056
LPA 20:1;0,LPA,,1.567039967,,,,
LPC 10:0;0,LPC,,,,,,
LPC 14:0;0,LPC,,1.692780018,1.19836998,,,
LPC 14:1;0,LPC,,,,,,
LPC 15:0;0,LPC,,,,,,
LPC 15:1;0,LPC,,,,,,
LPC 16:0;0,LPC,26.34339905,65.20469666,18.03759956,16.80089951,4.817679882,5.536940098
LPC 16:1;0,LPC,8.324839592,13.28789997,5.708710194,23.32320023,4.985640049,9.424409866
LPC 17:0;0,LPC,,,,,,
LPC 17:1;0,LPC,,,,,,
LPC 18:0;0,LPC,50.18519974,81.56349945,23.01110077,11.4605999,5.287169933,5.650710106
LPC 18:1;0,LPC,7.462609768,16.34869957,9.033880234,15.99699974,5.950009823,9.742079735
LPC 18:2;0,LPC,,,,,,
LPC 19:1;0,LPC,,,,,,
LPC 20:0;0,LPC,,1.818390012,,,,
LPC 20:1;0,LPC,,1.229259968,,,,
LPE 14:0;0,LPE,,,,,,
LPE 16:0;0,LPE,24.85079956,89.06819916,17.02589989,3.304939985,6.252039909,7.615620136
LPE 16:1;0,LPE,4.048989773,9.680290222,4.017610073,2.610699892,2.263870001,4.374269962
LPE 18:0;0,LPE,3.221210003,9.313019753,2.626019955,0.614821017,1.150470018,1.278589964
LPE 18:1;0,LPE,17.31049919,28.28319931,22.19009972,7.80614996,6.776239872,11.22350025
LPE 18:2;0,LPE,,,,,,
LPE 18:3;0,LPE,,,,,,
LPE 20:0;0,LPE,0.743858993,1.959769964,0.534552991,,0.157272995,
LPE 20:1;0,LPE,,0.829138994,0.416108012,,0.238083005,0.369935989
LPG 12:1;0,LPG,0.601939976,0.138141006,0.304408014,0.417560995,0.164297,0.218626007
LPG 14:0;0,LPG,,,,,,
LPG 14:1;0,LPG,,,,,,
LPG 16:0;0,LPG,0.412340999,0.25731799,,0.95025897,0.530644,0.861856997
LPG 16:1;0,LPG,,,,,0.162967995,0.246630996
LPG 18:0;0,LPG,,,,,,
LPG 18:1;0,LPG,,0.177199006,,0.796867013,0.344215989,0.426429003
LPI 10:0;0,LPI,,,,,,
LPI 12:0;0,LPI,,0.970754027,,1.847669959,0.719111025,1.053040028
LPI 14:0;0,LPI,4.620619774,0.795805991,2.479259968,3.127650023,1.164800048,1.547189951
LPI 14:1;0,LPI,3.727679968,,2.162650108,1.728379965,0.799192011,1.17753005
LPI 16:0;0,LPI,22.24169922,14.43729973,16.56200027,48.04399872,29.68530083,35.08100128
LPI 16:1;0,LPI,5.538839817,2.439480066,3.925110102,7.039989948,4.091179848,5.085140228
LPI 18:0;0,LPI,33.09479904,30.29770088,20.28039932,132.3560028,88.41670227,109.5550003
LPI 18:1;0,LPI,6.708960056,6.900690079,8.514840126,20.02160072,12.77620029,19.82449913
LPI 20:0;0,LPI,,,,,,
LPI 20:1;0,LPI,,,,,,
LPS 14:0;0,LPS,,,,,,
LPS 15:0;0,LPS,,,,,,
LPS 16:0;0,LPS,19.70829964,10.58230019,11.25179958,27.68659973,12.18290043,15.37889957
LPS 16:1;0,LPS,4.055709839,0.533303022,,6.66892004,3.182770014,4.825550079
LPS 18:0;0,LPS,,1.181300044,,,,
LPS 18:1;0,LPS,6.208469868,2.20994997,6.112130165,21.2928009,8.960949898,17.41760063
PA 10:0;0_16:0;0,PA,15.88799953,,,,,
PA 10:0;0_18:0;0,PA,1.726070046,1.334439993,,,,
PA 12:0;0_16:0;0,PA,17.40880013,12.96809959,7.09717989,0.867029011,,1.045029998
PA 12:0;0_16:1;0,PA,,,,,,
PA 12:0;0_18:0;0,PA,0.976199985,,,,,
PA 12:0;0_18:1;0,PA,1.815899968,1.024610043,0.801174998,,,
PA 14:0;0_14:0;0,PA,0.459113985,0.373587012,0.270837009,,,
PA 14:0;0_16:0;0,PA,4.797019958,3.710180044,1.579890013,,,
PA 14:0;0_16:1;0,PA,2.170540094,1.229529977,0.805963993,,,
PA 14:0;0_17:1;0,PA,,,,,,
PA 14:0;0_18:0;0,PA,,0.673367023,0.341174006,,,
PA 14:0;0_18:1;0,PA,12.22459984,7.925370216,4.4292202,,1.666970015,2.789989948
PA 14:1;0_16:0;0,PA,2.076220036,1.109249949,,,,
PA 14:1;0_18:0;0,PA,1.842229962,,,,,
PA 14:1;0_18:1;0,PA,,2.988500118,,,,
PA 15:0;0_16:1;0,PA,1.093250036,0.500580013,,,,
PA 15:0;0_17:1;0,PA,,,,,,
PA 15:0;0_18:1;0,PA,,,,,,
PA 16:0;0_16:0;0,PA,4.194479942,2.568779945,1.308050036,,0.874373019,
PA 16:0;0_16:1;0,PA,47.95510101,31.52890015,15.71640015,6.460780144,6.053850174,6.333950043
PA 16:0;0_17:1;0,PA,,,,,,
PA 16:0;0_18:0;0,PA,,3.467979908,,1.367409945,1.042479992,1.832929969
PA 16:0;0_18:1;0,PA,125.8809967,79.06400299,41.32580185,16.85059929,20.6413002,22.33279991
PA 16:0;0_19:1;0,PA,,,,,,
PA 16:1;0_16:1;0,PA,9.916939735,4.546350002,3.222660065,2.024980068,1.751330018,2.706629992
PA 16:1;0_17:0;0,PA,,,,,,
PA 16:1;0_18:0;0,PA,10.53460026,6.200160027,3.938549995,2.160459995,1.569970012,2.826230049
PA 16:1;0_18:1;0,PA,40.11259842,27.46929932,13.09070015,5.888120174,6.732130051,7.85187006
PA 16:1;0_19:1;0,PA,,,,,,
PA 16:1;0_20:1;0,PA,,,,,,
PA 17:0;0_17:0;0,PA,,,,,,
PA 17:0;0_17:1;0,PA,,,,,,
PA 17:0;0_19:1;0,PA,,,,,,
PA 17:1;0_17:1;0,PA,,,,,,
PA 17:1;0_18:0;0,PA,,,,,,
PA 17:1;0_18:1;0,PA,,,,,,
PA 17:1;0_19:1;0,PA,,,,,,
PA 18:0;0_18:0;0,PA,3.745369911,1.889320016,2.640170097,0.93197,,1.156569958
PA 18:0;0_18:1;0,PA,9.793950081,6.144879818,4.106679916,1.028699994,1.271980047,1.490180016
PA 18:0;0_19:1;0,PA,,,,,,
PA 18:1;0_18:1;0,PA,7.25812006,4.442289829,2.651809931,,0.707319021,
PA 19:1;0_19:1;0,PA,,,,,,
PC 10:0;0_16:0;0,PC,,3.058370113,,,,
PC 10:0;0_16:1;0,PC,,,,,,
PC 10:0;0_18:0;0,PC,,,,,,
PC 10:0;0_18:1;0,PC,,,,,,
PC 10:1;0_16:0;0,PC,,,,,,
PC 10:1;0_16:1;0,PC,,,,,,
PC 12:0;0_12:0;0,PC,,,,,,
PC 12:0;0_14:0;0,PC,3.595180035,2.647969961,2.662719965,,,
PC 12:0;0_14:1;0,PC,,,,,,
PC 12:0;0_16:0;0,PC,27.1637001,31.82550049,16.77160072,0.954849005,1.167840004,1.348119974
PC 12:0;0_16:1;0,PC,10.97290039,9.777779579,5.239369869,0.951134026,1.150900006,1.339949965
PC 12:0;0_18:0;0,PC,3.662990093,2.291160107,2.17118001,,,
PC 12:0;0_18:1;0,PC,13.50529957,6.211780071,4.179150105,,,1.550869942
PC 12:1;0_16:0;0,PC,,,,,,
PC 12:1;0_16:1;0,PC,,,,,,
PC 12:1;0_18:0;0,PC,,,,,,
PC 13:0;0_16:0;0,PC,,,,,,
PC 14:0;0_14:0;0,PC,2.408669949,2.566359997,1.240869999,,,
PC 14:0;0_14:1;0,PC,,,,,,
PC 14:0;0_15:0;0,PC,,,,,,
PC 14:0;0_15:1;0,PC,,,,,,
PC 14:0;0_16:0;0,PC,16.99570084,14.1104002,8.595170021,,1.377210021,
PC 14:0;0_16:1;0,PC,27.61700058,19.7852993,12.54080009,1.790279984,2.74951005,1.498870015
PC 14:0;0_17:1;0,PC,,1.13496995,,,,
PC 14:0;0_18:0;0,PC,,,,,,
PC 14:0;0_18:1;0,PC,73.51529694,47.86090088,21.53980064,3.661050081,4.739449978,4.664490223
PC 14:0;0_18:2;0,PC,,,,,,
PC 14:0;0_19:1;0,PC,,,,,,
PC 14:0;0_20:1;0,PC,,0.649132013,,,,
PC 14:1;0_14:1;0,PC,,,,,,
PC 14:1;0_15:0;0,PC,,,,,,
PC 14:1;0_16:0;0,PC,13.94820023,12.29800034,4.883150101,1.404610038,1.962849975,1.143589973
PC 14:1;0_16:1;0,PC,3.578949928,2.917059898,1.741459966,0.444196999,0.867717028,0.55923003
PC 14:1;0_17:1;0,PC,,,,,,
PC 14:1;0_18:0;0,PC,16.7798996,23.30080032,4.102980137,0.917326987,1.547330022,1.555600047
PC 14:1;0_18:1;0,PC,23.76390076,17.39599991,7.964379787,3.947419882,4.284029961,5.214119911
PC 14:1;0_18:2;0,PC,,,,,,
PC 14:1;0_19:1;0,PC,,,,,,
PC 15:0;0_15:0;0,PC,,,,,,
PC 15:0;0_16:1;0,PC,6.916039944,4.419670105,3.010349989,,1.303140044,
PC 15:0;0_17:1;0,PC,,,,,,
PC 15:0;0_18:1;0,PC,2.737210035,1.370300055,,0.364102989,0.43444699,0.375409991
PC 15:0;0_18:2;0,PC,,,,,,
PC 15:0;0_19:1;0,PC,,,,,,
PC 15:1;0_16:0;0,PC,32.48920059,26.50320053,11.07649994,,9.946880341,
PC 15:1;0_16:1;0,PC,,,,,0.496603012,
PC 15:1;0_18:0;0,PC,0.950767994,0.435586005,0.32772401,,,0.154531002
PC 15:1;0_18:1;0,PC,,0.847482979,0.439644009,,,
PC 16:0;0_16:0;0,PC,,,,,,
PC 16:0;0_16:1;0,PC,691.9039917,261.1860046,166.9299927,22.91570091,33.03490067,30.41550064
PC 16:0;0_16:2;0,PC,,4.284999847,,,,
PC 16:0;0_17:1;0,PC,2.78869009,1.227190018,1.135329962,,0.288296998,0.51581198
PC 16:0;0_18:1;0,PC,492.2669983,191.901001,110.137001,10.88519955,24.20499992,15.28800011
PC 16:0;0_18:2;0,PC,6.420770168,,,,,
PC 16:0;0_18:3;0,PC,,,,,,
PC 16:0;0_19:1;0,PC,,,,,,
PC 16:0;0_19:2;0,PC,,,,,,
PC 16:0;0_20:1;0,PC,1.510259986,0.699423015,,,,
PC 16:1;0_16:1;0,PC,350.3599854,117.1740036,73.19799805,38.34600067,51.34960175,40.07490158
PC 16:1;0_16:2;0,PC,,,,,,
PC 16:1;0_17:0;0,PC,2.757970095,1.419589996,1.099149942,0.623604,0.44936499,
PC 16:1;0_17:1;0,PC,4.301529884,0.819885015,0.534814,0.763278008,0.806191027,0.692740977
PC 16:1;0_18:0;0,PC,338.6400146,135.5449982,86.09719849,22.35969925,27.69499969,31.57390022
PC 16:1;0_18:1;0,PC,859.5960083,292.3330078,177.2259979,79.82189941,132.3809967,91.7457962
PC 16:1;0_18:2;0,PC,,,,,,
PC 16:1;0_19:1;0,PC,,,,,,
PC 16:1;0_20:0;0,PC,9.472780228,3.308259964,,,,
PC 16:1;0_20:1;0,PC,6.694169998,3.169179916,1.857849956,,0.633287013,
PC 16:1;0_22:0;0,PC,,,,,,
PC 16:1;0_24:0;0,PC,,,,,,
PC 16:1;0_26:0;0,PC,11.53129959,2.750629902,1.316720009,,,
PC 16:2;0_18:1;0,PC,,,,,,
PC 17:0;0_17:1;0,PC,,,,,,
PC 17:0;0_18:2;0,PC,,,,,,
PC 17:1;0_17:1;0,PC,,0.221438006,0.27076301,0.217498004,0.306481004,0.281152993
PC 17:1;0_18:0;0,PC,,,,,,
PC 17:1;0_18:1;0,PC,,,,,0.440133989,
PC 17:1;0_19:1;0,PC,,,,,,
PC 18:0;0_18:1;0,PC,137.6430054,54.21220016,34.79489899,5.402070045,6.384260178,6.97631979
PC 18:0;0_18:2;0,PC,2.097429991,0.704680026,,,,
PC 18:0;0_20:1;0,PC,,,,,,
PC 18:0;0_22:1;0,PC,,,,,,
PC 18:1;0_18:1;0,PC,115.2170029,38.09690094,22.28540039,6.836289883,8.350910187,8.733590126
PC 18:1;0_18:2;0,PC,,,,,,
PC 18:1;0_19:1;0,PC,,,,,,
PC 18:1;0_20:1;0,PC,4.484059811,1.921360016,,,,
PC 18:1;0_26:0;0,PC,,1.653069973,,,,
PC 19:1;0_19:1;0,PC,,,,,,
PE 10:0;0_16:0;0,PE,,0.589649022,,,,
PE 10:0;0_16:1;0,PE,,,,,,
PE 10:0;0_18:0;0,PE,,,,,,
PE 10:0;0_18:1;0,PE,,0.343787998,,,,
PE 12:0;0_14:0;0,PE,0.94660902,0.500374973,0.699111998,,,
PE 12:0;0_16:0;0,PE,3.985929966,4.423399925,2.936569929,,,
PE 12:0;0_16:1;0,PE,3.094660044,1.891450047,1.34355998,,,
PE 12:0;0_18:0;0,PE,,0.553794026,0.318666995,,,
PE 12:0;0_18:1;0,PE,1.120650053,0.873309016,0.485193998,,0.139320999,0.163461
PE 12:1;0_16:0;0,PE,,,,,,
PE 14:0;0_14:0;0,PE,0.324402988,0.29045099,0.212570995,,,
PE 14:0;0_16:0;0,PE,2.095920086,1.411139965,1.03302002,,,
PE 14:0;0_16:1;0,PE,5.458570004,4.082670212,2.812779903,0.667448997,0.394957989,0.336382985
PE 14:0;0_17:1;0,PE,,0.104800999,,,,
PE 14:0;0_18:0;0,PE,,,,,,0.102880001
PE 14:0;0_18:1;0,PE,18.7682991,12.48330021,9.160470009,1.600769997,1.558220029,1.871269941
PE 14:0;0_19:1;0,PE,,,,,,
PE 14:1;0_16:0;0,PE,1.058920026,0.651274025,0.469646007,,,
PE 14:1;0_16:1;0,PE,,,,,,
PE 14:1;0_18:0;0,PE,0.306676,0.190200001,0.172562003,0.172603995,,
PE 14:1;0_18:1;0,PE,1.715450048,0.807784021,,0.371363014,,0.454757005
PE 15:0;0_16:1;0,PE,1.02670002,0.670763016,,,0.227666005,0.380930007
PE 15:0;0_17:1;0,PE,,,,,,
PE 15:0;0_18:1;0,PE,1.918740034,1.366659999,0.938369989,0.74602598,0.829432011,0.846475005
PE 15:0;0_19:1;0,PE,,,,,,
PE 15:1;0_15:1;0,PE,,,,,,
PE 15:1;0_16:0;0,PE,7.464640141,4.292709827,2.99116993,,,
PE 15:1;0_16:1;0,PE,,,,,,
PE 15:1;0_18:0;0,PE,,,,,,
PE 15:1;0_18:1;0,PE,,0.539548993,,,,
PE 16:0;0_16:0;0,PE,2.499639988,1.76481998,1.388749957,0.555299997,0.771386981,0.610341012
PE 16:0;0_16:1;0,PE,76.79620361,56.13819885,38.70199966,8.510290146,8.871199608,10.43200016
PE 16:0;0_16:2;0,PE,,,,,,
PE 16:0;0_17:1;0,PE,1.324149966,0.997505009,0.771921992,0.30329299,0.374868006,0.426326007
PE 16:0;0_18:0;0,PE,,,,,,
PE 16:0;0_18:1;0,PE,195.298996,134.9759979,96.75489807,36.58810043,36.53590012,44.9034996
PE 16:0;0_18:2;0,PE,1.059129953,0.648181975,,,,
PE 16:0;0_19:1;0,PE,,,,,,
PE 16:0;0_20:1;0,PE,,2.284519911,,,,
PE 16:0;0_26:0;0,PE,,1.019600034,,,,
PE 16:1;0_16:1;0,PE,60.47259903,32.49089813,23.99629974,5.273310184,6.551129818,6.651000023
PE 16:1;0_17:0;0,PE,1.213600039,0.824182987,0.656346977,0.555200994,0.459849,0.457902998
PE 16:1;0_17:1;0,PE,2.022599936,0.525925994,1.113880038,,0.346695006,
PE 16:1;0_18:1;0,PE,267.45401,139.2389984,99.5134964,27.43280029,28.70969963,31.8526001
PE 16:1;0_18:2;0,PE,,,,,,
PE 16:1;0_19:1;0,PE,,,,,,
PE 16:1;0_20:1;0,PE,,2.764270067,,,,
PE 16:1;0_26:0;0,PE,1.183130026,,,,,
PE 16:2;0_18:1;0,PE,,,,,,
PE 17:0;0_17:0;0,PE,,,,,,
PE 17:0;0_17:1;0,PE,,,,,,
PE 17:0;0_18:1;0,PE,,,,,,
PE 17:1;0_17:1;0,PE,,,,,0.032462198,
PE 17:1;0_17:2;0,PE,,,,,,
PE 17:1;0_18:0;0,PE,3.210370064,1.802629948,,,,
PE 17:1;0_18:1;0,PE,4.971839905,2.235049963,1.758090019,0.560921013,0.538920999,0.568625987
PE 17:1;0_19:1;0,PE,,,,,,
PE 18:0;0_18:1;0,PE,19.08530045,10.33609962,8.532239914,2.587189913,2.648999929,2.930160046
PE 18:0;0_18:2;0,PE,,,,,,
PE 18:0;0_19:1;0,PE,,,,,,
PE 18:1;0_18:1;0,PE,45.0257988,19.37420082,15.90480042,4.067850113,4.199389935,4.796559811
PE 18:1;0_19:1;0,PE,,,,,,
PE 18:1;0_20:1;0,PE,1.874989986,,,,,
PE 18:1;0_26:0;0,PE,1.186990023,,,,,
PE 19:1;0_19:1;0,PE,,,,,,
PG 10:0;0_16:0;0,PG,0.518158972,0.363193005,0.282142997,,,
PG 10:0;0_20:1;0,PG,,,,,,
PG 12:0;0_16:0;0,PG,0.604808986,0.635411978,0.366140008,,,
PG 12:0;0_16:1;0,PG,,,,,,
PG 12:0;0_17:0;0,PG,,,,,,
PG 12:0;0_18:0;0,PG,,,,,,
PG 12:0;0_18:1;0,PG,,,0.233844995,,0.100502998,
PG 12:1;0_16:0;0,PG,,,,,,
PG 13:0;0_16:0;0,PG,,,,,,
PG 13:0;0_18:0;0,PG,,,,,,
PG 13:0;0_18:1;0,PG,,,,,,
PG 13:0;0_20:0;0,PG,,,,,,
PG 13:0;0_20:1;0,PG,,,,,,
PG 13:1;0_17:0;0,PG,,,,,,
PG 14:0;0_14:0;0,PG,,,,,,
PG 14:0;0_14:1;0,PG,,,,,,
PG 14:0;0_15:0;0,PG,,,,,,
PG 14:0;0_16:0;0,PG,,,,,,
PG 14:0;0_16:1;0,PG,,0.251626015,0.221074,,0.0768179,
PG 14:0;0_17:1;0,PG,,,,,,
PG 14:0;0_18:0;0,PG,,,,,,
PG 14:0;0_18:1;0,PG,,0.653437972,,0.227556005,,
PG 14:0;0_19:1;0,PG,,,,,,
PG 14:0;0_20:0;0,PG,,,,,,
PG 14:1;0_15:0;0,PG,,,,,,
PG 14:1;0_16:0;0,PG,,0.281042993,,,0.104994997,0.305790991
PG 14:1;0_16:1;0,PG,,,,,,
PG 14:1;0_18:0;0,PG,,,,0.683453977,,
PG 14:1;0_18:1;0,PG,0.39281401,0.350331008,0.263514012,0.200289994,0.274650991,0.225690007
PG 14:1;0_19:1;0,PG,,,,,,
PG 15:0;0_15:0;0,PG,,,,,,
PG 15:0;0_16:0;0,PG,,,,,,
PG 15:0;0_16:1;0,PG,,,,,,
PG 15:0;0_17:0;0,PG,,,,,,
PG 15:0;0_17:1;0,PG,,,,,,
PG 15:0;0_18:0;0,PG,,,,,,
PG 15:0;0_18:1;0,PG,,,,,,
PG 15:0;0_19:0;0,PG,,,,,,
PG 15:0;0_19:1;0,PG,,,,,,
PG 15:0;0_20:0;0,PG,,,,,,
PG 15:0;0_20:1;0,PG,,,,,,
PG 15:1;0_16:0;0,PG,,,,,,
PG 16:0;0_16:0;0,PG,,,,,,
PG 16:0;0_16:1;0,PG,4.561920166,2.709899902,2.711669922,0.559451997,1.582290053,1.708230019
PG 16:0;0_16:2;0,PG,,,,,,
PG 16:0;0_17:1;0,PG,,,,,,
PG 16:0;0_17:2;0,PG,,,,,,
PG 16:0;0_18:0;0,PG,,,,,,
PG 16:0;0_18:1;0,PG,7.869780064,4.654850006,3.336030006,3.76067996,3.694649935,3.917890072
PG 16:0;0_18:2;0,PG,,,,,,
PG 16:0;0_19:1;0,PG,,,,,,
PG 16:0;0_20:1;0,PG,,,,,,
PG 16:1;0_16:1;0,PG,0.044084001,0.036617499,0.026992399,0.020374101,0.0240236,0.0208546
PG 16:1;0_17:0;0,PG,,,,0.222685993,,
PG 16:1;0_17:1;0,PG,,,,,,
PG 16:1;0_18:0;0,PG,,0.655936003,0.473800004,,0.339931995,0.408820003
PG 16:1;0_18:1;0,PG,0.779869974,0.495312989,0.419102013,0.497004002,0.551455021,0.577436984
PG 16:1;0_19:1;0,PG,,,,,,
PG 16:1;0_20:1;0,PG,,,,,,
PG 16:2;0_16:2;0,PG,,,,,,
PG 17:0;0_17:1;0,PG,0.107341997,0.0520995,,,,
PG 17:0;0_18:0;0,PG,,,,,,
PG 17:0;0_18:1;0,PG,,,,,,
PG 17:1;0_17:1;0,PG,,,,0.021156101,,
PG 17:1;0_18:0;0,PG,,,,,,
PG 17:1;0_18:1;0,PG,,,,,,
PG 17:1;0_19:1;0,PG,,,,,,
PG 18:0;0_18:1;0,PG,,,,,,
PG 18:0;0_19:1;0,PG,,,,,,
PG 18:1;0_18:1;0,PG,,,,,,
PG 18:1;0_19:1;0,PG,,,,,,
PG 18:1;0_20:1;0,PG,,,,,,
PG 19:1;0_19:1;0,PG,,,,,,
PI 10:0;0_14:0;0,PI,,0.872120023,,,,
PI 10:0;0_16:0;0,PI,19.59480095,25.03009987,9.314259529,4.302509785,3.959039927,5.835020065
PI 10:0;0_16:1;0,PI,,,,,,
PI 10:0;0_17:0;0,PI,,,,,,
PI 10:0;0_18:0;0,PI,8.713419914,9.86357975,4.586689949,4.116000175,3.797430038,4.750070095
PI 10:0;0_18:1;0,PI,,,,,,
PI 10:1;0_16:0;0,PI,,,,,,
PI 11:0;0_16:0;0,PI,,0.522960007,,,,
PI 12:0;0_12:0;0,PI,,0.121523,,,,
PI 12:0;0_14:0;0,PI,3.046159983,6.098599911,2.171119928,,,
PI 12:0;0_15:0;0,PI,,0.072710499,,,,
PI 12:0;0_16:0;0,PI,70.99980164,120.3190002,51.01689911,16.7696991,16.78319931,19.9946003
PI 12:0;0_16:1;0,PI,2.812760115,2.157289982,1.254780054,0.990037024,0.794947982,1.094329953
PI 12:0;0_18:0;0,PI,16.19519997,20.77610016,10.07040024,10.66469955,11.59200001,12.5923996
PI 12:0;0_18:1;0,PI,2.154999971,1.863579988,1.123679996,,0.849240005,1.204180002
PI 12:0;0_26:0;0,PI,,0.456,,,0.254808009,
PI 12:1;0_16:0;0,PI,,1.137040019,,,,
PI 12:1;0_18:0;0,PI,,,,,,
PI 13:0;0_19:1;0,PI,,,,,,
PI 14:0;0_14:0;0,PI,1.529700041,2.379440069,0.87320298,0.261694014,0.232994005,0.332331002
PI 14:0;0_14:1;0,PI,0.711663008,0.551684976,0.396530002,,0.154873997,0.133431002
PI 14:0;0_16:0;0,PI,15.58370018,19.33849907,10.3057003,4.341730118,4.564879894,5.359749794
PI 14:0;0_16:1;0,PI,5.88864994,6.198060036,3.000370026,2.153300047,1.715790033,2.1129601
PI 14:0;0_17:1;0,PI,,,,,,
PI 14:0;0_18:0;0,PI,1.971140027,1.881139994,0.720376015,1.098760009,1.324609995,1.209869981
PI 14:0;0_18:1;0,PI,17.22480011,12.58640003,6.952459812,4.851630211,4.928329945,5.304019928
PI 14:0;0_19:1;0,PI,,,,,,
PI 14:0;0_26:0;0,PI,,,,0.718032002,0.517269015,0.568347991
PI 14:1;0_16:0;0,PI,5.52944994,6.775259972,2.408299923,2.585959911,2.604789972,2.681600094
PI 14:1;0_16:1;0,PI,,0.415969014,,,,
PI 14:1;0_17:1;0,PI,,,,,,
PI 14:1;0_18:0;0,PI,3.088479996,2.567589998,1.367570043,2.286989927,2.517849922,3.22461009
PI 14:1;0_18:1;0,PI,,3.82088995,1.789620042,0.652168989,1.08702004,0.924669027
PI 14:1;0_20:1;0,PI,,,,,,
PI 14:1;0_26:0;0,PI,,,,,,
PI 15:0;0_15:0;0,PI,,,,,,
PI 15:0;0_15:1;0,PI,,,,,,
PI 15:0;0_16:1;0,PI,5.345369816,3.047470093,2.882270098,2.431250095,1.907649994,3.022789955
PI 15:0;0_17:0;0,PI,,,,,,
PI 15:0;0_17:1;0,PI,,,,,,
PI 15:0;0_18:1;0,PI,0.606913984,0.575380981,0.276603997,1.074550033,1.347659945,1.555780053
PI 15:0;0_18:2;0,PI,,,,,,
PI 15:0;0_19:1;0,PI,,,,,,
PI 15:1;0_16:0;0,PI,4.289279938,2.34732008,2.311019897,2.068949938,1.757300019,2.489109993
PI 15:1;0_16:1;0,PI,,,,,,
PI 15:1;0_17:1;0,PI,,,,,,
PI 15:1;0_18:0;0,PI,0.153461993,0.127600998,,0.373391986,0.499947011,0.597842991
PI 15:1;0_18:1;0,PI,,,,,,
PI 16:0;0_16:0;0,PI,8.041629791,6.143919945,4.084060192,4.905539989,5.610060215,5.376989841
PI 16:0;0_16:1;0,PI,131.7660065,118.0950012,63.82210159,74.48509979,80.72709656,94.03790283
PI 16:0;0_16:2;0,PI,2.405780077,,,,,
PI 16:0;0_17:0;0,PI,,,,,,
PI 16:0;0_17:1;0,PI,1.91742003,1.330569983,0.874747992,2.10571003,2.29440999,2.639709949
PI 16:0;0_18:0;0,PI,,,0.998941004,4.509200096,4.844339848,4.022940159
PI 16:0;0_18:1;0,PI,325.9150085,223.0279999,133.1340027,194.0319977,216.901001,234.4799957
PI 16:0;0_18:2;0,PI,0.578736007,0.411662012,,,0.241238996,0.234077007
PI 16:0;0_20:1;0,PI,3.043669939,1.203950047,,,,
PI 16:0;0_26:0;0,PI,,,,0.794731021,0.650095999,0.590238988
PI 16:1;0_16:1;0,PI,10.5557003,5.868259907,3.225250006,4.397469997,4.439089775,5.229070187
PI 16:1;0_17:0;0,PI,0.501397014,0.376996011,0.198655993,0.78778702,0.820456028,1.024000049
PI 16:1;0_17:1;0,PI,,,,,,
PI 16:1;0_18:0;0,PI,58.52050018,37.09529877,30.94210052,76.46199799,78.99099731,93.290802
PI 16:1;0_18:1;0,PI,39.02690125,21.44499969,14.17160034,17.00900078,19.38319969,20.72640038
PI 16:1;0_19:0;0,PI,,,,,,
PI 16:1;0_20:0;0,PI,3.158289909,1.307379961,,,,
PI 16:1;0_20:1;0,PI,2.132420063,1.060600042,,1.298419952,1.252949953,1.615659952
PI 16:1;0_22:0;0,PI,,,,,,
PI 16:1;0_24:0;0,PI,,,,,0.120425001,
PI 16:1;0_26:0;0,PI,0.991657972,0.519317985,0.537441015,1.603979945,1.086979985,1.350010037
PI 16:2;0_18:0;0,PI,,,,,,
PI 17:0;0_17:0;0,PI,,,,,,
PI 17:0;0_17:1;0,PI,,,,,,
PI 17:0;0_18:1;0,PI,0.604632974,0.387327999,0.200671002,1.024639964,1.243199944,1.298799992
PI 17:0;0_18:2;0,PI,,,,,,
PI 17:1;0_17:1;0,PI,0.144288003,,,0.067750797,0.036604501,0.0500165
PI 17:1;0_18:0;0,PI,0.67525202,0.378596008,0.243554994,1.178940058,1.457909942,1.428789973
PI 17:1;0_18:1;0,PI,,,,,,
PI 17:1;0_25:0;0,PI,,,,,,
PI 18:0;0_18:0;0,PI,,,,0.894939005,0.988264024,
PI 18:0;0_18:1;0,PI,104.8339996,66.60089874,45.60570145,150.1880035,163.0690002,184.8999939
PI 18:0;0_18:2;0,PI,0.158153996,0.106303997,,,0.086846299,0.0888898
PI 18:0;0_20:1;0,PI,,,,0.108934,0.145055994,
PI 18:1;0_18:1;0,PI,7.915530205,3.780689955,3.263360023,3.738899946,4.038330078,4.466859818
PI 18:1;0_20:0;0,PI,,,,0.262612998,0.33632499,0.426429987
PI 18:1;0_22:0;0,PI,,,,,0.143776998,
PI 18:1;0_24:0;0,PI,0.481779009,0.273775011,,,0.43838799,0.598563015
PI 18:1;0_26:0;0,PI,2.487289906,1.414299965,1.067039967,2.357549906,2.272089958,2.873769999
PS 10:0;0_16:0;0,PS,,,,,,
PS 12:0;0_16:0;0,PS,3.405070066,3.193160057,1.992230058,0.468715996,0.503525972,
PS 12:0;0_16:1;0,PS,0.70816201,0.400343001,,,,
PS 12:0;0_17:0;0,PS,,,,,,
PS 12:0;0_18:0;0,PS,0.121604003,,,,,
PS 12:0;0_18:1;0,PS,0.147174999,,,,,
PS 13:1;0_17:0;0,PS,,,,,,
PS 14:0;0_14:0;0,PS,,0.076428197,,,,
PS 14:0;0_15:0;0,PS,,,,,,
PS 14:0;0_16:0;0,PS,0.812416017,1.116009951,,,,
PS 14:0;0_16:1;0,PS,0.420031011,0.30923301,0.119294003,0.034434799,0.046514198,0.0561308
PS 14:0;0_17:1;0,PS,,,,,,
PS 14:0;0_18:0;0,PS,,0.275321007,,,0.107217997,
PS 14:0;0_18:1;0,PS,12.39350033,8.301549911,5.441120148,2.064470053,2.556099892,2.776799917
PS 14:1;0_16:0;0,PS,1.325479984,1.068879962,0.726921976,0.389221996,0.443401992,0.481970012
PS 14:1;0_18:0;0,PS,,0.254532009,,,0.313991994,0.502418995
PS 15:0;0_16:1;0,PS,,1.131950021,,0.69560498,0.612174988,
PS 15:0;0_17:0;0,PS,,0.065964498,,,,
PS 15:0;0_18:0;0,PS,,,,,,
PS 15:0;0_18:1;0,PS,1.269039989,0.65851301,0.664909005,1.037420034,1.023900032,1.250210047
PS 15:1;0_17:0;0,PS,,,,,,
PS 16:0;0_16:0;0,PS,4.03181982,3.331310034,2.804810047,2.042020082,2.098850012,2.340950012
PS 16:0;0_16:1;0,PS,46.32229996,35.15660095,21.99819946,11.50179958,12.73880005,12.7105999
PS 16:0;0_17:0;0,PS,,,,0.944718003,,
PS 16:0;0_17:1;0,PS,0.713123977,0.439704001,0.545615971,0.415740013,0.387454987,0.348650008
PS 16:0;0_18:1;0,PS,210.2660065,143.0599976,97.46379852,63.08359909,68.73439789,70.0707016
PS 16:0;0_18:2;0,PS,,,,,,
PS 16:0;0_20:1;0,PS,,0.348242015,,,,
PS 16:1;0_16:1;0,PS,11.51259995,7.247580051,4.310210228,2.838629961,3.571280003,3.531599998
PS 16:1;0_17:0;0,PS,0.919686973,0.915472984,0.728888988,0.584030986,0.591651976,0.907011986
PS 16:1;0_18:0;0,PS,,,,,2.048690081,2.835680008
PS 16:1;0_18:1;0,PS,106.1259995,55.66930008,36.8810997,18.74640083,22.69490051,21.78269958
PS 16:1;0_18:2;0,PS,1.801239967,0.66990602,,,,
PS 17:0;0_17:1;0,PS,,,,,,
PS 17:0;0_18:0;0,PS,76.65119934,44.43970108,53.83980179,7.787310123,9.162679672,9.820030212
PS 17:0;0_18:1;0,PS,,18.77459908,25.16749954,12.30910015,16.09830093,15.28289986
PS 17:0;0_18:2;0,PS,,,,,,
PS 17:1;0_17:1;0,PS,0.299701989,,,,,
PS 17:1;0_18:0;0,PS,40.0257988,1.182639956,,2.058909893,2.937410116,
PS 17:1;0_18:1;0,PS,,,,,0.329742014,
PS 18:0;0_18:0;0,PS,0.724197984,0.61323297,0.683269024,,0.35571301,0.367401987
PS 18:0;0_18:1;0,PS,2.037220001,1.171120048,1.316980004,0.827880025,0.734835982,0.77323997
PS 18:1;0_18:1;0,PS,1.806810021,1.406990051,0.686613977,0.622380018,0.643429995,0.590793014
PS 18:1;0_18:2;0,PS,,,,,,
PS 18:1;0_19:1;0,PS,,,,,,
TAG 36:0;0,TAG,5.701270103,3.726490021,3.66388011,,,
TAG 38:0;0,TAG,11.21940041,9.580960274,5.961239815,,,
TAG 38:1;0,TAG,,,,,,
TAG 40:0;0,TAG,62.99209976,50.77460098,35.1216011,5.727459908,5.1073699,3.989769936
TAG 40:1;0,TAG,28.38069916,19.50699997,15.38759995,10.37979984,11.10519981,10.97490025
TAG 40:2;0,TAG,,,,,,
TAG 42:0;0,TAG,254.5590057,208.6640015,136.3430023,19.22489929,21.99749947,21.1996994
TAG 42:1;0,TAG,172.5879974,102.5179977,82.5522995,59.44490051,61.27819824,59.07720184
TAG 42:2;0,TAG,28.37330055,11.02070045,11.17329979,30.1446991,31.79269981,29.21269989
TAG 44:0;0,TAG,277.1700134,215.9149933,135.4980011,27.5923996,25.63769913,26.85269928
TAG 44:1;0,TAG,238.6820068,134.6009979,99.15139771,82.33159637,83.81539917,85.04920197
TAG 44:2;0,TAG,47.39110184,24.83130074,,55.3125,57.13339996,56.29529953
TAG 46:0;0,TAG,112.2389984,80.3302002,52.81000137,11.54800034,11.7798996,12.68430042
TAG 46:1;0,TAG,221.3950043,124.8099976,89.94439697,66.10590363,68.26460266,66.25360107
TAG 46:2;0,TAG,101.4769974,46.01520157,37.39519882,85.29930115,93.31500244,87.16790009
TAG 46:3;0,TAG,5.636779785,,,14.81219959,14.77009964,13.83030033
TAG 47:1;0,TAG,9.924880028,2.831059933,3.553189993,6.800149918,7.580490112,7.807700157
TAG 47:2;0,TAG,8.234930038,,,13.12380028,13.68830013,13.2510004
TAG 47:3;0,TAG,,,,5.52177,6.032949924,6.118509769
TAG 48:0;0,TAG,33.60440063,19.41150093,17.44120026,4.001719952,4.685400009,3.32682991
TAG 48:1;0,TAG,490.6619873,274.5750122,190.9089966,123.6470032,134.2429962,128.852005
TAG 48:2;0,TAG,504.8200073,229.9850006,177.6499939,375.3469849,411.5549927,398.7969971
TAG 48:3;0,TAG,149.0050049,64.90000153,53.69369888,280.1440125,304.5639954,298.1329956
TAG 49:1;0,TAG,11.19019985,5.852019787,4.511950016,7.366250038,7.901830196,6.405739784
TAG 49:2;0,TAG,14.02009964,5.487460136,3.471390009,19.99920082,21.5298996,20.5618
TAG 49:3;0,TAG,,,,10.84179974,12.7663002,11.25529957
TAG 50:0;0,TAG,12.35949993,8.824970245,8.084210396,,,
TAG 50:1;0,TAG,507.0100098,281.6090088,184.0070038,126.2060013,134.6320038,133.0440063
TAG 50:2;0,TAG,799.7520142,368.4890137,259.7319946,505.5039978,538.4240112,539.4959717
TAG 50:3;0,TAG,430.0859985,180.6159973,137.8509979,581.0999756,614.4299927,639.7880249
TAG 51:1;0,TAG,7.293169975,,2.882119894,3.8566401,,
TAG 51:2;0,TAG,10.54800034,3.684020042,4.214580059,10.76720047,12.43470001,11.93550014
TAG 51:3;0,TAG,5.052080154,,,8.821680069,10.98410034,9.496290207
TAG 52:0;0,TAG,29.16110039,30.0182991,19.21850014,,,
TAG 52:1;0,TAG,289.9179993,157.2960052,103.1800003,68.87460327,76.63950348,75.37989807
TAG 52:2;0,TAG,461.9049988,214.7339935,154.4559937,242.6450043,261.3959961,267.5920105
TAG 52:3;0,TAG,304.6140137,134.0189972,95.02200317,200.1880035,211.1410065,221.4100037
TAG 53:2;0,TAG,,,,7.687520027,7.682209969,5.53718996
TAG 53:3;0,TAG,,,,7.535210133,5.548230171,5.648139954
TAG 54:0;0,TAG,34.44589996,26.91539955,18.43020058,3.084619999,,
TAG 54:1;0,TAG,75.61889648,41.75600052,30.02599907,20.07369995,22.33749962,22.58779907
TAG 54:2;0,TAG,138.7339935,69.50240326,47.47800064,53.57699966,60.21319962,58.27590179
TAG 54:3;0,TAG,72.41500092,34.72660065,22.37969971,36.31520081,34.48429871,32.63280106
TAG 55:2;0,TAG,,,,,6.513010025,
TAG 55:3;0,TAG,,,,,,
TAG 56:1;0,TAG,26.83769989,16.80109978,15.06439972,11.95730019,11.9946003,11.54440022
TAG 56:2;0,TAG,19.29929924,11.10709953,12.93840027,23.77829933,22.08370018,17.4470005
TAG 56:3;0,TAG,4.924739838,,5.631370068,22.96680069,21.15360069,14.40190029
TAG 57:2;0,TAG,,,,,,
TAG 58:1;0,TAG,76.19499969,45.70479965,30.99959946,21.18709946,26.73010063,26.48800087
TAG 58:2;0,TAG,36.39680099,18.47550011,16.29730034,33.09199905,38.60699844,33.55879974
TAG 58:3;0,TAG,,,,8.739029884,6.307020187,5.505380154
TAG 60:1;0,TAG,71.00520325,39.15589905,27.82519913,20.72290039,,
TAG 60:2;0,TAG,58.77019882,29.43899918,20.2677002,42.19300079,44.94369888,47.13430023
