feature,class,fad2-Lkluyveri-0bar-A,fad2-Lkluyveri-0bar-B,fad2-Lkluyveri-0bar-C,fad2-Lkluyveri-250bar-A,fad2-Lkluyveri-250bar-B,fad2-Lkluyveri-250bar-C,FM628-Lkluyveri-0bar-A,FM628-Lkluyveri-0bar-B,FM628-Lkluyveri-0bar-C,FM628-Lkluyveri-250bar-A,FM628-Lkluyveri-250bar-B,FM628-Lkluyveri-250bar-C
Cer 32:0;2,Cer,0.595444024,1.046010017,1.473160028,NA,0.852303982,NA,NA,NA,0.776202023,0.969702005,0.827870011,NA
Cer 34:0;2,Cer,1.246600032,1.659160018,2.193779945,0.459843993,1.085970044,0.808147013,1.297369957,1.230190039,1.298220038,1.394449949,1.079640031,0.447912991
Cer 34:0;3,Cer,0.300287008,0.212102994,0.348327994,NA,NA,NA,0.226922005,0.328393012,0.255849987,NA,NA,NA
Cer 36:0;2,Cer,2.590909958,4.088870049,4.494649887,1.16700995,3.998539925,3.171319962,3.760519981,3.13815999,2.439500093,5.938270092,5.708079815,2.685230017
Cer 36:0;3,Cer,4.549950123,3.79798007,5.332960129,0.222682998,0.404924005,0.314568013,4.387959957,5.340680122,3.996609926,0.531247973,0.462271005,0.381727993
Cer 38:0;2,Cer,0.354252011,0.333512008,0.523141026,0.259193003,0.36509499,NA,0.416664988,0.431129009,0.369302988,0.451242,0.306340992,0.311120003
Cer 38:0;3,Cer,NA,NA,NA,NA,NA,NA,NA,NA,NA,NA,NA,NA
Cer 40:0;2,Cer,0.322600991,0.403555989,0.430833995,NA,NA,NA,0.359239012,0.387977988,0.341426998,NA,NA,NA
Cer 42:0;2,Cer,6.311580181,7.841259956,9.843779564,1.897099972,3.316900015,4.14993,8.406629562,7.866260052,6.228919983,4.117619991,3.630949974,2.370359898
Cer 42:0;3,Cer,4.513259888,4.169280052,5.973760128,1.565379977,2.029910088,2.604969978,4.750730038,4.943779945,4.215760231,2.592799902,2.046129942,1.819190025
Cer 42:0;4,Cer,0.598145008,0.675768971,0.795984983,NA,NA,NA,0.699912012,0.835294008,0.620859981,NA,NA,NA
Cer 44:0;2,Cer,3.788140059,3.623399973,5.12018013,1.548140049,2.867449999,3.133249998,3.679389954,4.863480091,3.254699945,3.721210003,3.063309908,1.979689956
Cer 44:0;3,Cer,2.097549915,2.23232007,3.717590094,1.437710047,3.03557992,3.269350052,3.219700098,2.76748991,2.069600105,3.392699957,3.376140118,3.069030046
Cer 44:0;4,Cer,14.21590042,17.44499969,21.29450035,3.391469955,6.780700207,5.707660198,19.72900009,18.46549988,13.49230003,8.430060387,7.687980175,5.217939854
Cer 44:0;5,Cer,3.498950005,3.704859972,4.510350227,1.220059991,1.868520021,1.570680022,4.09292984,4.138400078,3.444360018,2.345099926,1.912350059,1.506469965
Cer 46:0;2,Cer,NA,0.204071999,0.217729002,0.218492001,0.561888993,0.447438002,NA,NA,NA,0.743252993,0.729758024,0.352798998
Cer 46:0;3,Cer,0.400281012,0.52926898,1.008170009,0.396495998,1.08841002,0.939122975,0.701636016,0.64991802,0.427747995,1.140810013,1.221320033,0.888220012
Cer 46:0;4,Cer,8.149330139,7.603950024,10.9968996,2.34032011,4.309209824,3.382009983,8.800840378,11.66600037,7.229430199,5.45442009,4.540880203,3.544070005
Cer 46:0;5,Cer,0.526076019,0.473396003,0.723558009,0.248783007,0.340077996,NA,0.586522996,0.739022017,0.533007026,0.404713988,0.329079002,0.305658013
CL 56:1;0,CL,NA,NA,NA,NA,NA,NA,NA,NA,NA,NA,NA,NA
CL 56:2;0,CL,NA,NA,NA,NA,NA,NA,NA,NA,NA,NA,NA,NA
CL 58:1;0,CL,NA,NA,NA,NA,NA,NA,NA,NA,NA,NA,NA,NA
CL 58:2;0,CL,NA,NA,NA,NA,NA,NA,NA,NA,NA,NA,NA,NA
CL 58:3;0,CL,NA,NA,NA,NA,NA,NA,NA,NA,NA,NA,NA,NA
CL 60:1;0,CL,NA,NA,NA,NA,NA,NA,NA,NA,NA,NA,NA,NA
CL 60:2;0,CL,3.104870081,1.503029943,4.670119762,NA,NA,NA,3.397599936,3.166349888,2.196749926,NA,NA,NA
CL 60:3;0,CL,4.465459824,3.20953989,4.953820229,NA,NA,NA,4.674880028,3.55208993,3.86548996,NA,NA,NA
CL 62:1;0,CL,NA,NA,NA,NA,NA,NA,NA,NA,NA,NA,NA,NA
CL 62:2;0,CL,NA,1.810979962,NA,NA,NA,NA,NA,NA,NA,NA,NA,NA
CL 62:3;0,CL,2.938159943,1.490640044,2.994800091,0.849097013,2.080760002,1.980209947,NA,NA,NA,NA,NA,NA
CL 64:2;0,CL,NA,NA,NA,NA,NA,NA,NA,NA,NA,NA,NA,NA
CL 64:3;0,CL,NA,NA,NA,NA,NA,1.425390005,NA,NA,NA,NA,NA,NA
CL 64:4;0,CL,NA,NA,NA,NA,NA,NA,NA,NA,NA,NA,NA,NA
CL 66:3;0,CL,1.957859993,NA,NA,NA,1.809820056,NA,NA,NA,NA,NA,NA,NA
CL 66:4;0,CL,11.91139984,8.368709564,14.72879982,12.06610012,11.91419983,17.62360001,8.688570023,10.29080009,11.15989971,11.00889969,8.66794014,13.80589962
CL 66:5;0,CL,NA,NA,NA,NA,NA,NA,NA,NA,NA,3.900160074,2.084180117,2.464210033
CL 68:2;0,CL,9.36166954,7.484920025,16.32360077,1.369619966,1.715229988,3.583529949,13.37849998,NA,10.73880005,2.347079992,1.560379982,2.579380035
CL 68:3;0,CL,14.30510044,14.23040009,19.83499908,3.337589979,3.40031004,NA,14.01469994,15.65909958,15.39690018,2.846290112,3.838020086,3.807440042
CL 68:4;0,CL,38.18510056,26.46750069,51.68970108,29.88459969,29.27319908,44.02090073,22.78289986,24.14620018,21.22060013,19.11630058,18.55780029,27.82119942
CL 68:5;0,CL,NA,NA,NA,NA,NA,NA,7.910550117,7.840060234,7.409279823,11.10270023,6.853340149,12.7784996
CL 68:6;0,CL,NA,NA,NA,NA,NA,NA,NA,NA,2.171509981,3.895639896,1.76177001,2.420919895
CL 70:4;0,CL,NA,NA,NA,NA,62.98059845,NA,13.16629982,13.92790031,NA,NA,NA,14.17749977
CL 70:5;0,CL,NA,NA,NA,NA,NA,NA,6.193570137,8.630620003,4.551459789,6.720079899,5.219079971,6.975550175
CL 70:6;0,CL,NA,NA,NA,NA,NA,NA,NA,NA,NA,8.396450043,4.005819798,6.982140064
CL 70:7;0,CL,NA,NA,NA,NA,NA,NA,NA,NA,NA,1.113780022,NA,NA
CL 72:2;0,CL,NA,NA,NA,NA,NA,NA,NA,NA,4.752049923,NA,NA,NA
CL 72:4;0,CL,5.01556015,3.923140049,7.080840111,2.836100101,3.282200098,6.390110016,2.553499937,NA,2.047189951,1.163450003,NA,NA
CL 72:5;0,CL,NA,NA,NA,NA,NA,NA,NA,NA,NA,NA,NA,NA
CL 72:6;0,CL,NA,NA,NA,NA,NA,NA,NA,NA,NA,2.263590097,0.819194019,NA
CL 72:7;0,CL,NA,NA,NA,NA,NA,NA,NA,NA,NA,1.745300055,NA,NA
DAG 10:0;0_16:0;0,DAG,1.728700042,1.827399969,2.586750031,NA,2.045660019,1.59552002,2.390399933,1.775359988,1.407619953,2.647510052,1.915899992,1.202209949
DAG 10:0;0_16:1;0,DAG,1.259940028,1.144829988,1.26602006,NA,1.116889954,1.311490059,1.349660039,0.861023009,NA,1.520110011,1.12421,1.035099983
DAG 10:0;0_17:0;0,DAG,NA,NA,NA,NA,NA,NA,NA,NA,NA,NA,NA,NA
DAG 10:0;0_18:0;0,DAG,NA,0.171487004,0.175143003,NA,0.327331007,0.220645994,0.193333998,0.125736997,0.128536001,0.358722001,0.306555003,0.161532998
DAG 10:0;0_18:1;0,DAG,0.763806999,0.772738993,0.929917991,0.503641009,0.744521976,0.823711991,0.685836017,0.525502026,0.488198012,0.691317976,0.643756986,0.608887017
DAG 10:0;0_18:2;0,DAG,NA,NA,NA,NA,NA,NA,NA,NA,NA,0.246286005,NA,NA
DAG 10:0;0_20:0;0,DAG,NA,NA,NA,NA,NA,NA,NA,NA,NA,NA,NA,NA
DAG 10:0;0_22:0;0,DAG,NA,NA,NA,NA,NA,NA,NA,NA,NA,NA,NA,NA
DAG 10:0;0_24:0;0,DAG,NA,NA,NA,NA,NA,NA,NA,NA,NA,NA,NA,NA
DAG 10:1;0_16:0;0,DAG,0.551373005,0.48655501,0.654017985,NA,0.348329991,0.271108001,0.74250102,0.420599997,NA,0.423231989,0.244580001,0.188968003
DAG 10:1;0_18:0;0,DAG,NA,NA,0.0405683,NA,0.088823102,NA,NA,NA,NA,0.095220797,NA,NA
DAG 10:1;0_18:1;0,DAG,NA,NA,NA,NA,NA,0.142995998,NA,0.204993993,NA,NA,NA,NA
DAG 11:0;0_16:0;0,DAG,NA,NA,NA,NA,NA,NA,NA,NA,NA,NA,NA,NA
DAG 12:0;0_14:0;0,DAG,0.218792006,0.255055994,0.318073004,NA,0.411718994,0.378574014,0.252512008,0.211447001,0.140160993,0.538272977,0.458797991,0.237836003
DAG 12:0;0_14:1;0,DAG,NA,NA,NA,NA,0.059323698,0.115659997,NA,NA,NA,NA,0.062040798,NA
DAG 12:0;0_15:0;0,DAG,NA,NA,NA,NA,NA,NA,NA,NA,NA,NA,NA,NA
DAG 12:0;0_16:0;0,DAG,1.36540997,1.446359992,2.2988801,NA,2.192480087,1.682170033,1.882840037,1.531669974,1.222319961,2.726399899,2.41215992,1.765580058
DAG 12:0;0_16:1;0,DAG,1.768620014,2.190269947,2.143349886,2.324090004,3.846740007,4.049759865,1.767539978,1.828050017,1.420539975,3.982439995,3.596470118,3.274450064
DAG 12:0;0_17:0;0,DAG,NA,NA,NA,NA,NA,NA,NA,NA,NA,NA,NA,NA
DAG 12:0;0_18:0;0,DAG,NA,NA,NA,NA,NA,NA,NA,NA,NA,NA,NA,NA
DAG 12:0;0_18:1;0,DAG,1.101979971,1.060799956,1.267969966,1.120849967,1.940369964,2.385349989,0.882053971,0.862471998,0.806643009,1.87954998,1.86995995,1.494879961
DAG 12:0;0_18:2;0,DAG,NA,NA,NA,NA,NA,NA,NA,NA,NA,0.543018997,0.379346013,0.340528995
DAG 12:0;0_20:0;0,DAG,NA,NA,NA,NA,NA,NA,NA,NA,NA,NA,NA,NA
DAG 12:0;0_22:0;0,DAG,NA,NA,NA,NA,NA,NA,NA,NA,NA,NA,NA,NA
DAG 12:1;0_14:0;0,DAG,NA,NA,NA,NA,NA,NA,NA,NA,NA,NA,0.043080799,NA
DAG 12:1;0_16:0;0,DAG,0.333945006,0.37105301,0.452888995,0.225278005,0.675316989,0.593614995,0.436354995,0.338077992,0.27481401,0.690209985,0.728935003,0.538119972
DAG 12:1;0_16:1;0,DAG,NA,NA,NA,NA,NA,1.279569983,NA,0.934145987,NA,0.958540022,NA,1.257009983
DAG 12:1;0_18:0;0,DAG,NA,NA,NA,NA,0.073192298,NA,NA,NA,NA,NA,0.111063004,NA
DAG 12:1;0_18:1;0,DAG,0.248546004,0.222567007,0.343331993,0.283293009,0.456557006,0.501904011,0.247373998,0.217118993,0.240575999,0.305559993,0.319099993,0.276802003
DAG 13:0;0_16:0;0,DAG,NA,NA,NA,NA,NA,NA,NA,NA,NA,NA,NA,NA
DAG 13:0;0_18:1;0,DAG,NA,NA,NA,NA,NA,NA,NA,NA,NA,NA,NA,NA
DAG 14:0;0_14:0;0,DAG,NA,NA,NA,NA,NA,NA,NA,NA,NA,NA,NA,NA
DAG 14:0;0_14:1;0,DAG,0.207442999,0.228511006,0.316911012,NA,0.263128996,NA,0.213966995,0.227827996,0.157676995,0.294963002,0.252678007,NA
DAG 14:0;0_15:0;0,DAG,NA,NA,NA,NA,NA,NA,NA,NA,NA,NA,NA,NA
DAG 14:0;0_16:0;0,DAG,NA,NA,NA,NA,NA,NA,NA,NA,NA,NA,NA,NA
DAG 14:0;0_16:1;0,DAG,2.385469913,2.846810102,3.272200108,1.515959978,2.766469955,2.316260099,2.693919897,2.936470032,2.380880117,3.474950075,3.057120085,2.821059942
DAG 14:0;0_17:0;0,DAG,NA,NA,NA,NA,NA,NA,NA,NA,NA,NA,NA,NA
DAG 14:0;0_17:1;0,DAG,NA,NA,NA,NA,NA,NA,NA,NA,NA,NA,NA,NA
DAG 14:0;0_18:0;0,DAG,NA,NA,NA,NA,NA,NA,NA,NA,NA,NA,NA,NA
DAG 14:0;0_18:1;0,DAG,11.38169956,11.14430046,15.26729965,5.816530228,12.85270023,10.8114996,11.44460011,10.99960041,8.647939682,13.48340034,13.24779987,10.48960018
DAG 14:0;0_18:2;0,DAG,NA,NA,NA,NA,NA,NA,0.393875003,0.228659004,0.227312997,1.514000058,1.166919947,0.978690982
DAG 14:0;0_18:3;0,DAG,NA,NA,NA,NA,NA,NA,NA,NA,NA,0.27165401,0.199294999,NA
DAG 14:0;0_24:0;0,DAG,NA,NA,NA,NA,NA,NA,NA,NA,NA,NA,NA,NA
DAG 14:1;0_14:1;0,DAG,NA,NA,NA,NA,NA,0.0910374,NA,0.0420755,NA,0.0665906,NA,0.0537357
DAG 14:1;0_16:0;0,DAG,2.241379976,2.387330055,2.993400097,1.305879951,2.378530025,2.204679966,2.521759987,2.49416995,2.129260063,2.923320055,2.426379919,2.560489893
DAG 14:1;0_16:1;0,DAG,4.242889881,4.193049908,5.180300236,3.202510118,4.586480141,4.501850128,4.259049892,5.249189854,4.304669857,4.734960079,4.06427002,4.369229794
DAG 14:1;0_17:0;0,DAG,NA,NA,NA,NA,NA,NA,NA,NA,NA,NA,NA,NA
DAG 14:1;0_18:0;0,DAG,NA,NA,NA,NA,NA,0.310577005,0.111740001,NA,0.091085203,0.485114992,NA,NA
DAG 14:1;0_18:1;0,DAG,2.900949955,2.935739994,3.552959919,2.241970062,3.774060011,3.437020063,2.719569921,2.982850075,2.599760056,3.256580114,3.061239958,3.093679905
DAG 14:1;0_18:2;0,DAG,NA,NA,NA,NA,NA,NA,NA,0.327993989,0.313165009,0.870109022,0.413706005,0.607492983
DAG 15:0;0_15:1;0,DAG,NA,NA,NA,NA,NA,NA,NA,NA,NA,NA,NA,NA
DAG 15:0;0_16:1;0,DAG,NA,NA,NA,NA,NA,NA,NA,NA,NA,NA,NA,NA
DAG 15:0;0_17:0;0,DAG,NA,NA,NA,NA,NA,NA,NA,NA,NA,NA,NA,NA
DAG 15:0;0_18:0;0,DAG,NA,NA,NA,NA,NA,NA,NA,NA,NA,NA,NA,NA
DAG 15:0;0_18:1;0,DAG,0.465732992,0.652059019,0.871133983,0.493851006,0.960682988,0.744427025,0.544344008,0.438161999,0.453455001,1.031540036,0.853579998,0.945151985
DAG 15:0;0_18:2;0,DAG,NA,NA,NA,NA,NA,NA,NA,NA,NA,0.093340002,NA,0.054998402
DAG 15:1;0_16:0;0,DAG,NA,NA,NA,NA,NA,NA,NA,NA,NA,NA,NA,NA
DAG 15:1;0_16:1;0,DAG,NA,NA,NA,NA,NA,NA,NA,NA,NA,NA,NA,NA
DAG 15:1;0_18:0;0,DAG,NA,NA,NA,NA,NA,NA,NA,NA,NA,NA,NA,NA
DAG 15:1;0_18:1;0,DAG,0.74100697,0.762561977,0.925688028,0.575228989,0.821217,0.880770981,0.884361029,0.76613301,0.686115026,0.851447999,0.807635009,0.83859998
DAG 16:0;0_16:0;0,DAG,NA,NA,NA,NA,NA,NA,NA,NA,NA,NA,NA,NA
DAG 16:0;0_16:1;0,DAG,28.51099968,29.81940079,36.87799835,19.23730087,41.48410034,37.74209976,33.18230057,32.56750107,26.85580063,49.00429916,42.9272995,44.15409851
DAG 16:0;0_16:2;0,DAG,NA,NA,NA,NA,0.333213001,0.321177006,NA,NA,0.131878003,0.424741,0.401719004,0.344862014
DAG 16:0;0_17:1;0,DAG,0.687198997,0.87736398,1.061010003,0.664699018,1.689880013,1.664479971,0.79667002,0.712264001,0.743292987,1.641600013,1.517729998,1.542240024
DAG 16:0;0_17:2;0,DAG,0.513444006,0.435840011,NA,NA,0.483527988,NA,NA,0.53779,NA,0.552287996,0.521016002,0.493375003
DAG 16:0;0_18:0;0,DAG,NA,NA,NA,NA,NA,NA,NA,NA,NA,NA,NA,NA
DAG 16:0;0_18:1;0,DAG,169.227005,161.6459961,212.8990021,80.10590363,167.0509949,182.7140045,176.0579987,162.473999,138.5919952,166.875,163.951004,169.7230072
DAG 16:0;0_18:2;0,DAG,NA,NA,NA,NA,NA,NA,7.408239841,7.8196702,6.249660015,24.3064003,17.79949951,17.27129936
DAG 16:0;0_18:3;0,DAG,NA,NA,NA,NA,NA,NA,0.91605401,0.688350022,0.462632,4.081180096,2.542380095,2.663379908
DAG 16:0;0_22:0;0,DAG,NA,NA,NA,NA,NA,NA,NA,NA,NA,NA,NA,NA
DAG 16:0;0_24:0;0,DAG,NA,NA,NA,NA,NA,NA,NA,NA,NA,NA,NA,NA
DAG 16:1;0_16:1;0,DAG,72.5059967,71.41529846,90.9885025,38.88190079,70.80310059,54.20320129,77.24130249,94.74970245,75.35549927,75.30780029,66.57980347,70.91110229
DAG 16:1;0_16:2;0,DAG,NA,NA,NA,NA,1.377220035,1.226629972,1.366080046,1.136070013,1.168460011,1.55230999,0.982349992,1.334429979
DAG 16:1;0_17:0;0,DAG,0.39892301,0.548080981,0.622280002,0.467079014,0.737837017,0.658832014,0.434013993,0.432033986,0.525162995,0.88409102,0.731091022,0.70638603
DAG 16:1;0_17:1;0,DAG,2.479520082,2.120840073,2.698440075,2.646409988,4.126279831,3.844990015,2.464400053,2.768850088,2.648370028,3.958209991,4.023419857,3.958790064
DAG 16:1;0_18:0;0,DAG,NA,NA,NA,NA,NA,NA,NA,NA,NA,NA,NA,NA
DAG 16:1;0_18:1;0,DAG,229.5140076,215.253006,275.5400085,163.6380005,281.2009888,263.6409912,198.9660034,242.3139954,187.5149994,263.1530151,244.2259979,259.6910095
DAG 16:1;0_18:2;0,DAG,0.463239998,0.502517998,0.560761988,0.309861988,0.573812008,0.487645,10.6942997,12.94159985,9.107910156,36.65729904,24.91189957,26.5387001
DAG 16:1;0_18:3;0,DAG,NA,NA,NA,NA,NA,NA,2.793370008,3.149300098,2.641200066,8.767080307,5.338469982,5.734560013
DAG 16:1;0_20:2;0,DAG,NA,NA,NA,NA,NA,NA,NA,NA,NA,0.198046997,0.122157,0.198469996
DAG 16:2;0_18:1;0,DAG,1.022950053,0.809378028,1.728279948,1.292569995,2.060529947,2.03915,1.596770048,1.444919944,1.274320006,2.956480026,2.264100075,2.16298008
DAG 16:2;0_18:2;0,DAG,NA,NA,NA,NA,NA,NA,NA,0.121715002,NA,0.443168998,0.244536996,0.247118995
DAG 17:0;0_18:1;0,DAG,1.519240022,NA,NA,NA,1.792369962,NA,NA,NA,NA,1.742799997,1.438079953,1.777119994
DAG 17:0;0_18:2;0,DAG,NA,NA,NA,NA,NA,NA,NA,NA,NA,0.224480003,NA,NA
DAG 17:1;0_18:0;0,DAG,NA,NA,NA,NA,NA,NA,NA,NA,NA,NA,NA,NA
DAG 17:1;0_18:1;0,DAG,4.029150009,3.464139938,4.715199947,7.807940006,11.11349964,11.98550034,3.413269997,3.891299963,2.946290016,9.589909554,9.961090088,9.750699997
DAG 17:1;0_18:2;0,DAG,NA,NA,NA,NA,NA,NA,NA,NA,NA,1.018659949,0.843760014,1.026290059
DAG 17:2;0_18:1;0,DAG,NA,NA,NA,NA,NA,NA,NA,NA,NA,0.811908007,0.627207994,0.774034023
DAG 18:0;0_18:0;0,DAG,NA,NA,NA,NA,NA,1.53907001,NA,NA,NA,NA,NA,NA
DAG 18:0;0_18:1;0,DAG,10.86859989,9.159600258,12.91499996,11.38440037,27.62789917,23.90320015,10.68290043,9.588769913,8.539609909,28.97050095,27.78230095,22.37529945
DAG 18:0;0_18:2;0,DAG,NA,NA,NA,NA,NA,NA,NA,NA,NA,4.003250122,2.967859983,2.378489971
DAG 18:1;0_18:1;0,DAG,52.39350128,46.11090088,59.58449936,41.84640121,75.73719788,72.99690247,35.90230179,41.37979889,33.84170151,57.61959839,55.40610123,53.86370087
DAG 18:1;0_18:2;0,DAG,NA,NA,NA,NA,NA,NA,8.057609558,8.767640114,7.232349873,27.22550011,18.47220039,18.62240028
DAG 18:1;0_18:3;0,DAG,NA,NA,NA,NA,NA,NA,4.045149803,3.82269001,3.078449965,12.99489975,8.982970238,9.187319756
DAG 18:1;0_24:0;0,DAG,NA,NA,NA,1.585870028,3.648489952,2.907840014,NA,NA,NA,3.845449924,NA,3.346299887
DAG 18:2;0_18:2;0,DAG,NA,NA,NA,NA,NA,NA,0.584375024,0.571784019,0.514043987,2.848589897,1.723150015,1.805940032
DAG 18:2;0_18:3;0,DAG,NA,NA,NA,NA,NA,NA,NA,NA,NA,2.132230043,NA,1.176220059
EE 10:0;0,EE,NA,NA,NA,NA,NA,NA,NA,NA,NA,NA,NA,NA
EE 12:0;0,EE,NA,NA,NA,NA,NA,NA,NA,NA,NA,NA,NA,NA
EE 14:0;0,EE,NA,NA,NA,NA,NA,NA,NA,NA,NA,NA,NA,NA
EE 14:1;0,EE,NA,NA,NA,NA,NA,NA,NA,7.123670101,NA,NA,NA,NA
EE 16:0;0,EE,77.16169739,54.67259979,76.87480164,25.34620094,34.7969017,42.26480103,44.31890106,63.59519958,53.63050079,44.3484993,41.93880081,39.96709824
EE 16:1;0,EE,118.4710007,99.40840149,137.8359985,30.44529915,34.41730118,40.01179886,92.34729767,166.4429932,148.3399963,31.63139915,34.71820068,33.91730118
EE 17:0;0,EE,NA,NA,NA,NA,NA,NA,NA,NA,NA,NA,NA,NA
EE 17:2;0,EE,NA,NA,NA,NA,NA,NA,NA,NA,NA,7.098239899,NA,5.569650173
EE 18:0;0,EE,NA,NA,NA,NA,NA,NA,NA,NA,NA,NA,NA,NA
EE 18:1;0,EE,221.1580048,155.0269928,243.996994,80.40000153,86.10299683,111.1119995,138.9440002,272.8699951,223.0899963,108.197998,98.82250214,107.6520004
EE 18:2;0,EE,NA,NA,NA,NA,NA,NA,25.61090088,43.05250168,32.75279999,44.20040131,34.48239899,38.84109879
EE 18:3;0,EE,NA,NA,NA,NA,NA,NA,9.547789574,14.18299961,13.30239964,15.3451004,9.348449707,13.26449966
EE 19:0;0,EE,NA,24.74679947,NA,NA,22.4326992,NA,18.30669975,26.75869942,23.07069969,20.8057003,20.29949951,16.83519936
EE 19:1;0,EE,NA,NA,NA,NA,NA,NA,NA,NA,NA,NA,NA,4.942180157
EE 20:0;0,EE,NA,NA,NA,NA,NA,NA,NA,NA,NA,25.72839928,NA,20.27219963
EE 20:1;0,EE,NA,NA,NA,NA,NA,NA,NA,12.5781002,NA,NA,NA,NA
EE 26:0;0,EE,NA,NA,NA,NA,NA,NA,NA,NA,NA,NA,NA,NA
LPA 16:0;0,LPA,2.541079998,5.253280163,4.122960091,1.976549983,6.395349979,6.031400204,4.045289993,4.745800018,1.519070029,10.00450039,8.242030144,4.327770233
LPA 16:1;0,LPA,2.344340086,5.71532011,5.435269833,4.961520195,8.412130356,9.615790367,5.092599869,6.125239849,1.197710037,10.54189968,8.919460297,6.06814003
LPA 16:2;0,LPA,NA,NA,NA,NA,NA,NA,NA,NA,NA,NA,NA,NA
LPA 18:0;0,LPA,NA,NA,NA,NA,0.979543984,NA,NA,NA,NA,1.243489981,1.246979952,NA
LPA 18:1;0,LPA,3.255179882,7.032060146,6.65967989,3.451309919,10.19639969,NA,5.493810177,6.511000156,1.589920044,11.42339993,10.84640026,4.572879791
LPA 18:2;0,LPA,NA,NA,NA,NA,NA,NA,0.271366,0.33040899,NA,1.494789958,0.986319005,NA
LPA 20:2;0,LPA,NA,NA,NA,NA,NA,NA,NA,NA,NA,NA,NA,NA
LPC 14:0;0,LPC,NA,NA,NA,NA,NA,NA,NA,NA,NA,NA,NA,NA
LPC 14:1;0,LPC,NA,NA,NA,NA,NA,NA,NA,NA,NA,NA,NA,NA
LPC 16:0;0,LPC,NA,NA,NA,NA,NA,NA,1.585520029,1.986209989,NA,3.175559998,3.986979961,NA
LPC 16:1;0,LPC,2.84375,4.007009983,3.896399975,NA,NA,NA,3.023169994,3.37883997,3.200550079,3.654129982,3.93001008,NA
LPC 18:0;0,LPC,NA,NA,NA,NA,3.893349886,NA,0.484966993,0.525619984,NA,4.659719944,4.930389881,NA
LPC 18:1;0,LPC,2.88132,3.787090063,3.901669979,NA,6.256219864,NA,2.45746994,2.905359983,2.55411005,5.792180061,6.088840008,NA
LPE 14:0;0,LPE,NA,NA,NA,NA,NA,NA,NA,NA,NA,NA,NA,NA
LPE 14:1;0,LPE,16.79910088,11.5678997,21.06839943,60.75770187,19.09609985,574.9559937,NA,NA,15.63329983,18.20369911,13.46199989,NA
LPE 16:0;0,LPE,0.700133026,0.564334989,0.615707994,NA,NA,NA,0.581472993,0.693138003,0.857838988,0.810908973,0.674400985,NA
LPE 16:1;0,LPE,NA,0.484798998,NA,NA,NA,NA,0.454737991,0.444534987,0.368202001,0.766466975,0.612806976,19.64550018
LPE 18:0;0,LPE,NA,NA,NA,NA,NA,NA,NA,NA,NA,NA,NA,NA
LPE 18:1;0,LPE,0.592136025,0.682932019,0.563417971,NA,1.155439973,21.70980072,0.472930998,0.535929978,0.586754978,1.028640032,0.94442302,25.09930038
LPE 20:0;0,LPE,NA,NA,NA,NA,NA,NA,NA,NA,NA,NA,NA,NA
LPE 20:1;0,LPE,NA,NA,NA,NA,NA,NA,0.133534998,0.149645999,NA,NA,NA,NA
LPE 22:1;0,LPE,NA,NA,NA,NA,NA,NA,NA,NA,NA,NA,NA,NA
LPI 10:0;0,LPI,NA,NA,NA,NA,NA,NA,NA,NA,NA,NA,NA,NA
LPI 12:0;0,LPI,NA,NA,NA,NA,NA,NA,NA,NA,NA,NA,NA,NA
LPI 14:0;0,LPI,NA,NA,NA,NA,NA,NA,NA,NA,NA,0.409586012,NA,NA
LPI 14:1;0,LPI,NA,NA,NA,NA,NA,NA,NA,NA,NA,NA,NA,NA
LPI 16:0;0,LPI,1.905809999,2.476059914,2.359600067,9.38656044,13.8185997,26.73110008,1.754889965,2.059139967,1.541460037,22.10980034,16.39590073,21.13879967
LPI 16:1;0,LPI,0.864172995,1.021939993,1.056300044,3.689879894,2.627820015,13.68389988,0.872641027,1.206480026,1.074130058,3.676510096,2.204530001,7.65678978
LPI 18:0;0,LPI,NA,NA,NA,2.736540079,3.153270006,NA,NA,NA,NA,4.032529831,3.564630032,2.567209959
LPI 18:1;0,LPI,3.140810013,3.285170078,3.66128993,7.608429909,6.689549923,21.00889969,2.537750006,3.389780045,3.007280111,8.520009995,6.889510155,19.15060043
LPI 18:2;0,LPI,NA,NA,NA,NA,NA,NA,NA,NA,NA,1.02335,0.571475983,NA
LPI 20:1;0,LPI,NA,NA,NA,2.638370037,NA,NA,NA,NA,NA,NA,NA,NA
LPS 10:0;0,LPS,NA,NA,NA,NA,NA,NA,NA,NA,NA,NA,NA,NA
LPS 14:1;0,LPS,NA,NA,NA,NA,NA,NA,NA,NA,NA,NA,NA,4.699840069
LPS 16:0;0,LPS,0.785884023,0.731881022,0.884872973,NA,NA,NA,0.578248978,0.627516985,0.650677025,0.605260015,0.470090985,5.050350189
LPS 16:1;0,LPS,0.365927011,NA,0.426066011,NA,NA,NA,0.381289989,0.433899999,0.380447,NA,NA,7.43046999
LPS 18:0;0,LPS,NA,NA,NA,NA,NA,NA,NA,NA,NA,NA,NA,NA
LPS 18:1;0,LPS,0.748230994,0.734651983,0.929920971,NA,NA,NA,0.753820002,0.845340014,0.833886981,0.531274021,NA,5.474569798
PA 10:0;0_14:0;0,PA,NA,NA,NA,NA,NA,NA,NA,NA,NA,NA,NA,NA
PA 10:0;0_16:0;0,PA,NA,NA,NA,NA,NA,NA,NA,1.36006999,NA,NA,NA,NA
PA 10:0;0_16:1;0,PA,NA,NA,NA,NA,NA,NA,NA,NA,NA,NA,NA,NA
PA 10:0;0_18:0;0,PA,NA,NA,NA,NA,NA,NA,NA,NA,NA,NA,NA,NA
PA 10:0;0_18:1;0,PA,NA,NA,NA,NA,NA,NA,NA,NA,NA,NA,NA,NA
PA 10:0;0_22:1;0,PA,NA,0.493283004,NA,NA,0.224540994,NA,NA,0.503970981,NA,NA,NA,NA
PA 12:0;0_12:0;0,PA,NA,NA,NA,NA,NA,NA,NA,NA,NA,NA,NA,NA
PA 12:0;0_14:0;0,PA,NA,NA,NA,NA,NA,NA,NA,NA,NA,NA,NA,NA
PA 12:0;0_16:0;0,PA,NA,0.544430971,0.571898997,NA,NA,NA,1.166810036,NA,NA,NA,0.501222014,NA
PA 12:0;0_16:1;0,PA,0.603901982,1.378710032,1.063930035,NA,1.840149999,NA,NA,1.314440012,NA,2.387190104,2.352969885,NA
PA 12:0;0_18:0;0,PA,NA,NA,NA,NA,NA,NA,NA,NA,NA,NA,NA,NA
PA 12:0;0_18:1;0,PA,0.368577003,0.62291801,0.514541984,0.157723993,0.81427598,0.522916019,0.838155985,0.678382993,NA,0.737526,0.970422029,NA
PA 12:1;0_16:0;0,PA,NA,NA,NA,NA,0.841821015,NA,NA,NA,NA,NA,0.955256999,NA
PA 12:1;0_16:1;0,PA,NA,NA,NA,NA,NA,NA,NA,NA,NA,0.582865,0.787604988,NA
PA 13:0;0_18:1;0,PA,NA,NA,NA,NA,NA,NA,NA,NA,NA,NA,NA,NA
PA 14:0;0_14:0;0,PA,NA,0.183697999,0.215233997,NA,0.610529006,NA,NA,NA,NA,0.684944987,0.214766994,NA
PA 14:0;0_14:1;0,PA,NA,NA,NA,NA,NA,NA,NA,NA,NA,NA,NA,NA
PA 14:0;0_16:0;0,PA,NA,NA,NA,NA,NA,NA,NA,NA,NA,NA,NA,NA
PA 14:0;0_16:1;0,PA,1.390669942,2.360769987,2.329770088,0.733690023,1.958400011,1.332470059,2.379009962,2.039489985,1.096979976,2.086400032,2.394999981,0.680790007
PA 14:0;0_18:0;0,PA,NA,NA,NA,NA,NA,NA,NA,NA,NA,NA,NA,NA
PA 14:0;0_18:1;0,PA,6.74034977,9.466050148,10.32929993,4.030739784,6.78565979,9.773670197,9.286000252,8.577659607,4.48555994,7.025969982,8.126440048,3.091140032
PA 14:0;0_18:2;0,PA,NA,NA,NA,NA,NA,NA,NA,0.397419989,NA,1.354719996,1.096629977,0.366205007
PA 14:1;0_16:0;0,PA,1.262179971,2.134789944,2.129169941,0.384083986,1.973459959,0.769159973,2.343389988,2.197429895,0.968397021,2.556839943,2.848530054,1.209980011
PA 14:1;0_16:1;0,PA,0.88815701,2.531009912,2.012979984,0.934598982,2.968679905,1.235669971,2.096129894,2.466799974,0.939041972,3.119410038,3.163490057,NA
PA 14:1;0_18:0;0,PA,NA,NA,NA,NA,0.362475008,NA,NA,NA,NA,NA,0.486182004,NA
PA 14:1;0_18:1;0,PA,0.960868001,1.75928998,1.693660021,0.877677977,2.080189943,2.073430061,1.850819945,1.735350013,0.789022028,1.663810015,1.940080047,0.905238986
PA 14:1;0_18:2;0,PA,NA,NA,NA,NA,NA,NA,NA,NA,NA,0.27256,0.204261005,NA
PA 15:0;0_16:1;0,PA,NA,0.379132003,NA,NA,NA,NA,NA,0.707632005,NA,0.49703899,0.396102011,NA
PA 15:0;0_18:1;0,PA,0.545417011,0.727747977,0.851442993,0.304890007,0.879903018,NA,0.908433974,1.007099986,0.377460003,0.998986006,1.045789957,NA
PA 15:1;0_16:0;0,PA,NA,NA,NA,NA,NA,NA,NA,NA,NA,NA,NA,NA
PA 15:1;0_18:1;0,PA,NA,0.522562981,0.632108986,NA,0.777417004,NA,NA,0.684858024,NA,0.708051026,0.789373994,NA
PA 16:0;0_16:0;0,PA,NA,NA,NA,NA,NA,NA,NA,NA,NA,NA,NA,NA
PA 16:0;0_16:1;0,PA,24.4640007,40.9239006,40.04790115,11.70709991,42.98910141,24.50309944,48.75379944,49.3667984,17.73460007,57.43389893,57.86349869,22.58090019
PA 16:0;0_16:2;0,PA,NA,NA,NA,NA,NA,NA,NA,NA,NA,0.525759995,0.609310985,NA
PA 16:0;0_17:1;0,PA,0.752761006,1.008900046,1.279430032,0.644608021,2.079289913,2.448309898,1.212270021,1.500360012,0.450843006,1.847890019,2.59513998,1.476940036
PA 16:0;0_18:0;0,PA,NA,NA,NA,NA,NA,NA,NA,NA,NA,NA,NA,NA
PA 16:0;0_18:1;0,PA,153.1829987,227.6269989,238.4810028,68.50830078,197.8130035,181.7899933,250.7310028,237.3059998,99.72730255,208.6840057,242.0709991,92.43119812
PA 16:0;0_18:2;0,PA,NA,NA,NA,NA,NA,NA,8.368499756,8.920419693,3.505209923,30.52289963,23.56870079,10.40939999
PA 16:0;0_18:3;0,PA,NA,NA,NA,NA,NA,NA,NA,NA,NA,6.331160069,5.043590069,3.325489998
PA 16:1;0_16:1;0,PA,30.90740013,54.10020065,56.98770142,35.18889999,73.7641983,31.86860085,62.10649872,70.83149719,24.27630043,84.67949677,83.76719666,35.12889862
PA 16:1;0_16:2;0,PA,NA,NA,NA,NA,0.716000021,NA,NA,NA,NA,0.885344982,0.822744012,NA
PA 16:1;0_17:0;0,PA,NA,0.345492989,NA,NA,NA,NA,NA,NA,NA,0.387304991,NA,NA
PA 16:1;0_17:1;0,PA,1.465270042,1.725630045,1.502869964,2.207000017,3.567369938,2.918090105,2.497790098,2.096689939,1.08536005,3.879990101,4.044250011,1.998340011
PA 16:1;0_18:0;0,PA,NA,NA,NA,NA,13.14379978,10.18550014,NA,NA,NA,12.15690041,13.22739983,6.476530075
PA 16:1;0_18:1;0,PA,112.9240036,172.4589996,186.5839996,148.4380035,285.2059937,182.0579987,178.3990021,196.253006,76.38860321,258.4840088,278.4110107,128.2810059
PA 16:1;0_18:2;0,PA,NA,NA,1.076130033,NA,0.79362601,NA,5.759439945,6.343029976,2.748490095,25.84149933,20.24769974,5.28978014
PA 16:1;0_18:3;0,PA,NA,NA,NA,NA,NA,NA,NA,1.493340015,NA,7.17798996,5.236800194,1.908949971
PA 16:1;0_20:0;0,PA,0.405041993,0.63626802,0.731930017,0.637030005,1.823070049,1.955819964,NA,NA,0.263754994,1.809810042,1.920140028,NA
PA 16:1;0_20:1;0,PA,4.542240143,5.035850048,6.40158987,4.654829979,8.365790367,NA,4.860270023,4.616449833,NA,5.531529903,6.334430218,NA
PA 16:1;0_26:0;0,PA,NA,NA,NA,NA,0.778119028,NA,NA,NA,NA,0.841126978,1.099519968,NA
PA 16:2;0_18:1;0,PA,NA,1.593060017,0.976900995,1.174129963,1.134940028,2.387320042,3.255330086,3.007610083,1.301900029,2.45675993,2.675760031,2.439630032
PA 17:0;0_17:0;0,PA,NA,NA,NA,NA,NA,NA,NA,NA,NA,NA,NA,NA
PA 17:0;0_18:1;0,PA,NA,NA,NA,NA,0.564994991,NA,NA,NA,NA,0.712421,0.637085021,NA
PA 17:1;0_18:0;0,PA,NA,NA,NA,NA,0.148956999,NA,NA,NA,NA,NA,0.135113999,NA
PA 17:1;0_18:1;0,PA,1.353649974,1.861799955,1.883919954,3.450789928,6.283420086,5.035550117,1.655110002,2.132620096,0.775017977,4.634709835,5.777609825,2.289710045
PA 17:1;0_18:2;0,PA,NA,NA,NA,NA,NA,NA,NA,NA,NA,0.456077993,0.421876997,NA
PA 17:2;0_18:1;0,PA,NA,NA,NA,NA,NA,NA,NA,NA,NA,0.312539011,0.254783988,NA
PA 18:0;0_18:0;0,PA,NA,NA,NA,NA,NA,NA,NA,NA,NA,NA,NA,NA
PA 18:0;0_18:1;0,PA,1.76086998,2.696650028,3.38854003,2.045609951,10.06869984,9.089489937,4.320899963,3.260819912,1.408159971,9.152130127,11.22490025,4.390480042
PA 18:0;0_18:2;0,PA,NA,NA,NA,NA,NA,NA,0.78056401,0.719989002,NA,2.066440105,1.757859945,1.170819998
PA 18:0;0_18:3;0,PA,NA,NA,NA,NA,NA,NA,NA,0.39902401,0.185048997,1.408990026,1.154649973,0.851330996
PA 18:1;0_18:1;0,PA,9.664839745,14.40869999,15.74409962,10.37629986,27.58790016,24.05240059,12.20390034,12.92780018,8.428770065,16.01399994,20.59399986,10.19970036
PA 18:1;0_18:2;0,PA,NA,2.010499954,NA,NA,1.25248003,NA,6.059350014,4.897689819,2.783289909,12.79080009,11.18760014,3.883369923
PA 18:1;0_18:3;0,PA,NA,NA,NA,NA,NA,NA,1.453580022,1.653480053,NA,5.85683012,4.88477993,1.886049986
PA 18:1;0_20:1;0,PA,NA,0.676185012,NA,NA,1.159659982,NA,NA,NA,NA,NA,1.066570044,NA
PA 18:1;0_26:0;0,PA,NA,NA,NA,0.607955992,3.127279997,2.062180042,NA,NA,NA,2.838639975,3.56595993,NA
PA 18:2;0_18:2;0,PA,NA,NA,NA,NA,NA,NA,0.213305995,0.247628003,NA,2.068320036,1.217980027,0.271521986
PA 18:2;0_18:3;0,PA,NA,NA,NA,NA,NA,NA,NA,NA,NA,1.810279965,1.411900043,NA
PC 10:0;0_12:0;0,PC,NA,NA,NA,NA,NA,NA,NA,NA,NA,NA,NA,NA
PC 10:0;0_14:0;0,PC,NA,NA,NA,NA,NA,NA,NA,NA,NA,NA,NA,NA
PC 10:0;0_15:0;0,PC,NA,NA,NA,NA,NA,NA,NA,NA,NA,NA,NA,NA
PC 10:0;0_16:0;0,PC,NA,NA,NA,NA,NA,NA,NA,NA,NA,NA,NA,NA
PC 10:0;0_16:1;0,PC,NA,NA,NA,NA,NA,NA,NA,NA,NA,NA,NA,NA
PC 10:0;0_18:0;0,PC,NA,NA,NA,NA,NA,NA,NA,NA,NA,NA,NA,NA
PC 10:0;0_18:1;0,PC,NA,NA,NA,NA,0.588989019,NA,NA,NA,NA,NA,0.490309,NA
PC 10:1;0_16:0;0,PC,NA,NA,NA,NA,NA,NA,NA,NA,NA,NA,NA,NA
PC 12:0;0_12:0;0,PC,NA,NA,NA,NA,NA,NA,NA,NA,NA,NA,NA,NA
PC 12:0;0_13:1;0,PC,NA,NA,NA,NA,NA,NA,NA,NA,NA,NA,NA,NA
PC 12:0;0_14:0;0,PC,NA,NA,NA,NA,NA,NA,NA,NA,NA,NA,NA,NA
PC 12:0;0_16:0;0,PC,0.411211997,0.726715982,0.53472501,NA,0.706228971,0.458846986,1.039849997,0.789650023,NA,0.884073973,0.893694997,NA
PC 12:0;0_16:1;0,PC,0.492049992,1.225849986,0.528464019,0.664304972,2.137249947,NA,1.654129982,0.895865977,1.489799976,1.486330032,1.906170011,0.554958999
PC 12:0;0_17:1;0,PC,NA,NA,NA,NA,NA,NA,NA,NA,NA,NA,NA,NA
PC 12:0;0_18:0;0,PC,NA,NA,NA,NA,NA,NA,NA,NA,NA,NA,NA,NA
PC 12:0;0_18:2;0,PC,NA,NA,NA,NA,NA,NA,NA,NA,NA,5.749829769,1.437669992,NA
PC 12:1;0_16:0;0,PC,0.392259002,0.670122981,0.487554997,NA,1.241790056,NA,NA,0.728064001,NA,0.969883978,1.066300035,0.420929015
PC 12:1;0_16:1;0,PC,23.12630081,23.62210083,23.67569923,NA,8.883749962,NA,NA,28.5883007,26.06419945,12.10340023,11.29090023,NA
PC 12:1;0_18:1;0,PC,NA,NA,NA,NA,NA,NA,NA,NA,NA,NA,51.0644989,NA
PC 13:0;0_16:1;0,PC,NA,NA,NA,NA,NA,NA,NA,NA,NA,NA,NA,NA
PC 13:0;0_17:0;0,PC,NA,NA,NA,NA,NA,NA,NA,NA,NA,NA,NA,NA
PC 13:0;0_18:1;0,PC,NA,NA,NA,NA,NA,NA,NA,NA,NA,NA,NA,NA
PC 14:0;0_14:0;0,PC,0.307152987,0.468490005,0.458196014,NA,0.542493999,0.689858973,0.234166995,0.236120999,0.755804002,0.525692999,0.548162997,NA
PC 14:0;0_14:1;0,PC,0.776865005,1.179209948,1.03718996,NA,NA,NA,0.463775992,0.33731401,NA,1.32980001,1.54302001,0.396001011
PC 14:0;0_15:1;0,PC,NA,NA,NA,NA,NA,NA,NA,NA,NA,NA,NA,NA
PC 14:0;0_16:0;0,PC,NA,NA,NA,NA,NA,NA,NA,NA,NA,NA,NA,NA
PC 14:0;0_17:1;0,PC,NA,0.829963982,NA,NA,1.302960038,2.942399979,NA,NA,0.645349026,1.091560006,1.150740027,NA
PC 14:0;0_18:0;0,PC,NA,NA,NA,NA,NA,NA,NA,NA,NA,NA,NA,NA
PC 14:0;0_18:1;0,PC,11.57680035,16.49740028,15.37979984,4.634819984,17.6072998,13.55830002,14.04119968,13.09689999,9.674940109,17.09180069,19.87529945,8.768380165
PC 14:0;0_18:2;0,PC,NA,NA,NA,NA,NA,NA,1.240479946,1.293259978,1.587859988,3.715110064,3.333479881,1.758630037
PC 14:0;0_18:3;0,PC,NA,NA,NA,NA,NA,NA,NA,NA,NA,1.433969975,1.529420018,NA
PC 14:1;0_14:1;0,PC,0.494686991,0.351556987,0.522742987,NA,NA,NA,NA,NA,NA,0.515258014,NA,NA
PC 14:1;0_16:1;0,PC,204.4550018,207.4199982,229.5359955,23.63389969,67.97689819,32.95539856,209.3860016,232.6970062,200.9409943,67.15450287,22.40870094,21.61919975
PC 14:1;0_17:1;0,PC,NA,0.305471003,0.247932002,NA,NA,0.384844005,NA,0.383789003,NA,0.342072994,0.409285009,NA
PC 14:1;0_18:0;0,PC,0.650696993,0.718548,0.690977991,0.460691005,1.421020031,1.038660049,0.834205985,0.884607017,0.639840007,1.567810059,1.512060046,1.148599982
PC 14:1;0_18:1;0,PC,4.933680058,7.087979794,6.496829987,2.291130066,5.605860233,5.754889965,5.075739861,6.159560204,5.195990086,4.583769798,5.46405983,3.389499903
PC 14:1;0_18:2;0,PC,NA,NA,NA,NA,NA,NA,1.114259958,NA,NA,1.185340047,1.129879951,NA
PC 14:1;0_19:0;0,PC,0.075402603,NA,NA,NA,NA,NA,NA,NA,NA,NA,NA,NA
PC 14:1;0_26:0;0,PC,NA,NA,NA,NA,NA,NA,NA,NA,NA,1.192600012,NA,NA
PC 15:0;0_16:1;0,PC,NA,3.46104002,NA,NA,2.963069916,NA,NA,3.387079954,2.525000095,NA,3.042999983,1.991790056
PC 15:0;0_17:0;0,PC,NA,NA,NA,NA,NA,NA,NA,NA,NA,NA,NA,NA
PC 15:0;0_18:1;0,PC,2.176559925,3.271150112,2.929589987,NA,3.227619886,1.571720004,4.416409969,2.587549925,3.188149929,3.427000046,3.913779974,NA
PC 15:1;0_15:1;0,PC,NA,NA,NA,NA,NA,NA,NA,NA,NA,NA,NA,NA
PC 15:1;0_16:0;0,PC,NA,1.519420028,NA,NA,NA,NA,NA,NA,NA,NA,1.663120031,NA
PC 15:1;0_16:1;0,PC,6.798120022,7.956240177,7.848139763,NA,4.682119846,3.593859911,7.387509823,7.812739849,6.875480175,5.348380089,5.074440002,NA
PC 15:1;0_17:0;0,PC,NA,NA,NA,NA,NA,NA,NA,NA,NA,NA,NA,NA
PC 15:1;0_18:0;0,PC,NA,NA,NA,NA,NA,NA,NA,NA,NA,NA,NA,NA
PC 15:1;0_18:1;0,PC,NA,13.28559971,14.07699966,NA,9.488880157,NA,10.68039989,11.99549961,9.695830345,8.925180435,NA,4.855559826
PC 16:0;0_16:0;0,PC,NA,NA,NA,NA,NA,NA,NA,NA,NA,NA,NA,NA
PC 16:0;0_16:1;0,PC,41.34220123,63.00379944,53.38660049,17.78689957,57.17470169,39.85340118,53.1916008,57.49280167,38.2132988,75.82119751,72.0617981,40.18330002
PC 16:0;0_16:2;0,PC,NA,NA,NA,NA,0.802146018,NA,NA,0.380111992,NA,0.864715993,0.719168007,0.345086992
PC 16:0;0_17:1;0,PC,0.851154983,1.197999954,1.043660045,2.600009918,1.737650037,1.003610015,2.120409966,1.066660047,1.316429973,2.028630018,2.319649935,0.701094985
PC 16:0;0_18:0;0,PC,NA,NA,NA,NA,NA,NA,NA,NA,NA,NA,NA,NA
PC 16:0;0_18:1;0,PC,109.862999,155.7619934,140.8899994,43.63710022,169.371994,123.2559967,129.9369965,137.2120056,93.42579651,174.0980072,189.9230042,91.30750275
PC 16:0;0_18:2;0,PC,NA,NA,NA,NA,0.646808028,NA,7.426340103,8.299510002,5.616740227,31.01169968,26.32369995,12.76710033
PC 16:0;0_18:3;0,PC,NA,NA,NA,NA,NA,NA,1.479519963,1.637740016,1.221560001,5.983610153,4.070129871,1.908779979
PC 16:0;0_20:1;0,PC,NA,NA,12.79059982,NA,NA,NA,NA,NA,NA,NA,0.970120013,NA
PC 16:1;0_16:1;0,PC,163.9409943,197.0540009,199.5540009,54.32860184,115.8939972,93.94809723,178.3959961,211.6929932,172.4049988,130.8880005,129.4470062,73.81809998
PC 16:1;0_16:2;0,PC,6.513820171,5.715549946,5.874120235,3.215140104,5.660069942,4.332290173,3.447220087,6.215429783,5.134119987,2.967600107,2.411619902,2.34739995
PC 16:1;0_17:0;0,PC,2.308160067,3.387559891,3.093800068,NA,4.414690018,3.507509947,NA,3.2973001,NA,4.806789875,4.681310177,4.223760128
PC 16:1;0_17:1;0,PC,23.52879906,12.56519985,13.88469982,10.45790005,13.37790012,18.71209908,11.48200035,13.76369953,10.54269981,12.78199959,23.52829933,7.724649906
PC 16:1;0_17:2;0,PC,NA,NA,NA,NA,NA,NA,NA,NA,NA,2.731729984,NA,NA
PC 16:1;0_18:0;0,PC,NA,NA,NA,NA,NA,NA,NA,NA,NA,NA,NA,NA
PC 16:1;0_18:1;0,PC,494.2789917,554.7620239,599.1309814,175.3670044,412.0549927,338.5820007,454.6889954,533.9699707,425.8469849,349.1919861,389.6140137,216.9120026
PC 16:1;0_18:2;0,PC,0.71726501,0.959344983,1.08427,0.602846026,1.00601995,1.079949975,20.44479942,26.26309967,18.15600014,57.10739899,45.77830124,24.09379959
PC 16:1;0_18:3;0,PC,NA,NA,NA,NA,NA,NA,4.470359802,4.899680138,4.253349781,13.94439983,10.07439995,5.534339905
PC 16:1;0_19:1;0,PC,NA,NA,NA,NA,0.982436001,NA,NA,NA,NA,NA,NA,NA
PC 16:1;0_20:0;0,PC,NA,NA,NA,NA,NA,NA,NA,NA,NA,NA,NA,NA
PC 16:1;0_20:1;0,PC,4.714039803,5.551469803,5.21352005,2.745919943,6.189249992,5.135469913,4.051400185,5.038239956,3.421309948,5.332220078,5.988210201,4.234350204
PC 16:1;0_20:2;0,PC,NA,NA,NA,NA,NA,NA,NA,NA,NA,0.894716978,0.853963971,NA
PC 16:1;0_20:3;0,PC,NA,NA,NA,NA,NA,NA,NA,NA,NA,NA,NA,NA
PC 16:1;0_20:4;0,PC,NA,NA,NA,NA,NA,NA,NA,NA,NA,NA,NA,NA
PC 16:1;0_25:0;0,PC,NA,NA,NA,NA,NA,NA,NA,NA,NA,NA,1.192039967,NA
PC 16:1;0_26:0;0,PC,1.77809,2.839509964,1.580790043,3.808990002,8.289919853,9.003979683,1.045619965,0.627214015,NA,8.772950172,11.99160004,4.806779861
PC 16:1;0_26:1;0,PC,NA,NA,NA,1.374340057,1.512719989,NA,NA,NA,NA,1.469859958,2.458329916,NA
PC 16:2;0_18:1;0,PC,1.267089963,1.57111001,1.83743,0.971472979,2.530719995,1.768110037,2.318929911,2.919889927,2.314219952,4.092010021,3.748480082,2.055119991
PC 16:2;0_18:2;0,PC,NA,NA,NA,NA,NA,NA,NA,NA,NA,0.675953984,0.417861998,NA
PC 17:0;0_17:0;0,PC,NA,NA,NA,NA,NA,NA,NA,NA,NA,NA,NA,NA
PC 17:0;0_18:1;0,PC,0.927192986,1.868770003,1.16376996,1.23526001,3.861540079,3.131969929,1.356999993,1.505669951,NA,3.847990036,4.327459812,2.391160011
PC 17:1;0_17:1;0,PC,NA,NA,NA,NA,0.281587005,NA,NA,NA,NA,0.307758987,NA,0.244389996
PC 17:1;0_18:0;0,PC,NA,NA,NA,NA,0.633713007,0.248986006,NA,NA,NA,0.562178016,0.730533004,NA
PC 17:1;0_18:1;0,PC,11.63319969,12.41829967,13.42409992,7.784180164,18.05089951,16.69459915,8.835419655,10.9691,8.471570015,14.10319996,18.27000046,8.788809776
PC 17:1;0_18:2;0,PC,NA,NA,NA,NA,NA,NA,1.041450024,1.334849954,0.931604981,4.267380238,3.647629976,1.946210027
PC 17:1;0_18:3;0,PC,NA,NA,NA,NA,NA,NA,NA,NA,NA,1.505460024,NA,NA
PC 17:1;0_20:1;0,PC,NA,NA,NA,NA,0.184484005,NA,NA,NA,NA,NA,0.253912002,NA
PC 18:0;0_18:0;0,PC,NA,NA,NA,NA,NA,NA,NA,NA,NA,NA,NA,NA
PC 18:0;0_18:1;0,PC,NA,15.40400028,NA,15.85849953,69.24169922,55.31919861,13.45689964,13.03199959,8.300149918,64.87590027,74.67949677,34.80559921
PC 18:0;0_18:2;0,PC,NA,NA,NA,NA,NA,NA,NA,NA,NA,11.19929981,9.208379745,4.550710201
PC 18:0;0_18:3;0,PC,NA,NA,NA,NA,NA,NA,NA,0.650160015,0.502875984,2.744070053,2.116179943,NA
PC 18:1;0_18:1;0,PC,114.7399979,121.9110031,130.5050049,59.36869812,137.973999,126.961998,76.54170227,91.67479706,71.57420349,84.73809814,101.8639984,61.72809982
PC 18:1;0_18:2;0,PC,NA,NA,1.048499942,NA,NA,NA,15.87660027,17.76189995,12.69649982,40.35739899,34.0522995,21.66090012
PC 18:1;0_18:3;0,PC,NA,NA,NA,NA,NA,NA,6.011950016,6.556829929,4.745649815,17.77160072,14.2656002,8.252459526
PC 18:1;0_19:1;0,PC,NA,NA,NA,NA,1.285349965,NA,NA,NA,NA,NA,1.157549977,NA
PC 18:1;0_20:1;0,PC,10.31499958,10.36859989,10.03499985,5.500889778,13.67800045,11.11909962,5.656750202,7.150129795,5.312530041,7.968220234,9.555410385,5.821519852
PC 18:1;0_20:2;0,PC,NA,NA,NA,NA,NA,NA,NA,0.525259972,NA,1.320250034,0.951483011,0.749100983
PC 18:1;0_20:3;0,PC,NA,NA,NA,NA,NA,NA,NA,NA,NA,NA,NA,NA
PC 18:1;0_20:4;0,PC,NA,NA,NA,NA,NA,NA,NA,NA,NA,NA,NA,NA
PC 18:1;0_24:0;0,PC,NA,NA,0.96172899,NA,1.559679985,NA,NA,0.55181998,NA,1.206629992,NA,NA
PC 18:2;0_18:2;0,PC,NA,NA,NA,NA,NA,NA,0.781763971,0.930441976,0.598326981,5.204090118,3.076489925,1.816840053
PC 18:2;0_18:3;0,PC,NA,NA,NA,NA,NA,NA,NA,NA,NA,3.58743,2.301769972,1.212720037
PC 18:2;0_20:1;0,PC,NA,NA,NA,NA,NA,NA,NA,0.327461988,NA,1.043709993,0.873604,0.522405982
PE 10:0;0_16:0;0,PE,NA,NA,NA,NA,NA,NA,NA,NA,NA,NA,NA,NA
PE 10:0;0_16:1;0,PE,NA,NA,NA,NA,NA,NA,NA,NA,NA,NA,NA,NA
PE 10:0;0_18:0;0,PE,NA,NA,NA,NA,NA,NA,NA,NA,NA,NA,NA,NA
PE 10:0;0_18:1;0,PE,NA,NA,NA,NA,NA,NA,NA,NA,NA,NA,0.049695399,NA
PE 10:1;0_16:0;0,PE,NA,NA,NA,NA,NA,NA,NA,NA,NA,NA,NA,NA
PE 10:1;0_18:0;0,PE,NA,NA,NA,NA,NA,NA,NA,NA,NA,0.0236819,NA,NA
PE 12:0;0_14:0;0,PE,NA,NA,NA,NA,NA,NA,NA,NA,NA,NA,NA,NA
PE 12:0;0_15:0;0,PE,NA,NA,NA,NA,NA,NA,NA,NA,NA,NA,NA,NA
PE 12:0;0_16:0;0,PE,NA,NA,NA,NA,NA,NA,NA,NA,NA,NA,NA,NA
PE 12:0;0_16:1;0,PE,NA,0.132195994,NA,NA,0.154341996,0.197365001,NA,NA,NA,0.29193899,0.241230994,0.146399006
PE 12:0;0_18:0;0,PE,NA,NA,NA,NA,NA,NA,NA,NA,NA,NA,NA,NA
PE 12:0;0_18:1;0,PE,0.224622995,0.270523995,0.30924201,0.053537901,0.212742001,0.198532,0.249935001,0.293352008,0.144635007,0.275709987,0.242177993,0.166694999
PE 12:0;0_18:2;0,PE,NA,NA,NA,NA,NA,NA,0.0286988,0.052554701,NA,0.086608499,0.057505999,NA
PE 12:1;0_16:0;0,PE,NA,NA,NA,NA,0.183267996,NA,NA,NA,NA,0.284354001,0.236183003,NA
PE 12:1;0_18:0;0,PE,NA,NA,NA,NA,0.157297999,NA,NA,NA,0.135304004,NA,NA,NA
PE 12:1;0_18:1;0,PE,0.213242993,0.323238999,0.307240993,NA,0.291963995,0.147185996,0.359842986,0.300799996,0.238352001,0.380005002,0.387344003,NA
PE 13:0;0_18:1;0,PE,NA,NA,NA,NA,NA,NA,NA,NA,NA,NA,NA,NA
PE 13:1;0_17:0;0,PE,0.040578298,NA,NA,NA,NA,NA,NA,NA,0.036785699,NA,NA,NA
PE 14:0;0_14:0;0,PE,NA,NA,NA,NA,NA,NA,NA,NA,NA,NA,NA,NA
PE 14:0;0_14:1;0,PE,NA,0.208627999,NA,NA,0.197899997,0.202043995,NA,NA,NA,0.200365007,0.180147007,0.214347005
PE 14:0;0_15:1;0,PE,NA,NA,NA,NA,NA,NA,NA,NA,NA,NA,NA,NA
PE 14:0;0_16:0;0,PE,NA,NA,NA,NA,NA,NA,NA,NA,NA,NA,NA,0.422771007
PE 14:0;0_16:1;0,PE,0.974135995,1.164100051,1.151600003,0.202435002,0.402823001,0.370680004,1.168339968,0.997069001,0.746016979,0.794224024,0.643428028,0.320351005
PE 14:0;0_17:1;0,PE,NA,NA,NA,NA,NA,NA,NA,NA,NA,NA,NA,NA
PE 14:0;0_18:0;0,PE,NA,NA,NA,NA,NA,NA,NA,NA,NA,NA,NA,NA
PE 14:0;0_18:1;0,PE,3.963769913,3.962500095,4.620709896,0.646942973,1.950189948,1.603909969,3.706890106,3.483910084,2.882529974,2.450459957,2.44817996,1.037220001
PE 14:0;0_18:2;0,PE,NA,NA,NA,NA,NA,NA,0.333471,0.341935009,0.375939012,0.894068003,0.590608001,0.261496007
PE 14:0;0_18:3;0,PE,NA,NA,NA,NA,NA,NA,NA,NA,NA,0.094544202,0.063245296,NA
PE 14:1;0_16:0;0,PE,0.513123989,0.638885975,0.668968022,0.081700101,0.316816002,0.218486995,0.638637006,0.679769993,0.400330007,0.550001979,0.471733987,0.303873986
PE 14:1;0_16:1;0,PE,0.327726007,0.566011012,0.473529011,0.32919699,0.426768988,0.270125002,0.316257,0.45866701,0.430447996,0.760721028,0.598439991,0.480176985
PE 14:1;0_17:1;0,PE,NA,NA,NA,NA,NA,NA,NA,NA,NA,NA,1.599869967,NA
PE 14:1;0_18:0;0,PE,NA,NA,NA,NA,NA,NA,NA,NA,NA,NA,NA,0.122644
PE 14:1;0_18:1;0,PE,1.947659969,2.22961998,2.394759893,1.262249947,2.381750107,1.879240036,1.68987,2.312619925,1.614789963,2.159389973,1.978770018,1.65083003
PE 14:1;0_18:2;0,PE,NA,NA,NA,NA,NA,NA,NA,NA,NA,0.112099998,0.068150103,NA
PE 15:0;0_16:1;0,PE,NA,0.281289995,NA,NA,NA,NA,NA,NA,NA,0.33079499,NA,NA
PE 15:0;0_18:1;0,PE,0.524847984,NA,0.605229974,NA,0.501109004,NA,NA,0.649913013,0.495644987,0.518612981,0.456804991,0.390285999
PE 15:1;0_16:0;0,PE,NA,NA,NA,NA,NA,NA,NA,NA,NA,NA,NA,NA
PE 15:1;0_16:1;0,PE,0.915857971,NA,2.811769962,NA,NA,NA,NA,NA,NA,NA,NA,NA
PE 15:1;0_18:0;0,PE,NA,NA,NA,NA,NA,NA,NA,NA,NA,NA,NA,NA
PE 15:1;0_18:1;0,PE,NA,NA,NA,NA,NA,NA,NA,NA,NA,1.522119999,1.529000044,NA
PE 16:0;0_16:0;0,PE,NA,NA,NA,NA,NA,NA,NA,NA,NA,NA,NA,NA
PE 16:0;0_16:1;0,PE,14.97749996,16.6875,18.58359909,2.685029984,8.076749802,5.354360104,18.52099991,18.46089935,15.31540012,14.02779961,11.65229988,5.804389954
PE 16:0;0_16:2;0,PE,NA,NA,0.826304018,NA,0.774851978,NA,0.820591986,NA,NA,0.909487009,0.796113014,NA
PE 16:0;0_17:1;0,PE,0.575478017,1.028530002,0.694887996,0.491196007,0.517718971,0.84927702,1.110870004,0.70202601,0.590996027,0.707596004,0.673968017,0.475248009
PE 16:0;0_17:2;0,PE,NA,NA,NA,NA,NA,NA,NA,NA,NA,0.462278992,NA,NA
PE 16:0;0_18:1;0,PE,59.68439865,61.25149918,71.67819977,9.572500229,30.86879921,23.03310013,64.24780273,64.50099945,52.81819916,42.58739853,38.08990097,20.34180069
PE 16:0;0_18:2;0,PE,NA,NA,NA,NA,NA,NA,6.243219852,6.652349949,5.394299984,14.53610039,8.643630028,5.041759968
PE 16:0;0_18:3;0,PE,NA,NA,NA,NA,NA,NA,0.573288977,0.483931988,0.37033999,1.880589962,0.979489028,0.587149024
PE 16:0;0_20:3;0,PE,NA,NA,NA,NA,NA,NA,NA,NA,NA,NA,NA,NA
PE 16:0;0_20:4;0,PE,NA,NA,NA,NA,NA,NA,NA,NA,NA,NA,NA,NA
PE 16:1;0_16:1;0,PE,38.96649933,41.16410065,45.01259995,21.86980057,34.95690155,24.54319954,42.58420181,45.35219955,40.23160172,58.93909836,43.87799835,26.71310043
PE 16:1;0_16:2;0,PE,NA,NA,NA,0.236961007,NA,0.278005004,NA,NA,NA,0.387787998,0.183780998,NA
PE 16:1;0_17:0;0,PE,0.253758013,0.474718004,0.271665007,0.515200973,0.32754299,0.462588996,0.477961004,0.279502988,0.257847995,0.451375008,0.403607994,0.402314007
PE 16:1;0_17:1;0,PE,0.60422498,0.841701984,1.046609998,1.52888,NA,NA,1.517760038,1.270339966,1.160060048,1.855119944,1.690080047,1.581550002
PE 16:1;0_18:1;0,PE,140.4360046,136.2779999,158.2570038,85.47769928,148.3609924,116.7890015,124.6800003,134.0050049,113.8339996,181.7799988,154.1549988,99.98090363
PE 16:1;0_18:2;0,PE,0.650359988,0.818530023,0.830031991,0.312146991,0.456932008,0.323821008,5.720300198,6.421170235,5.114980221,24.77459908,14.60680008,8.855409622
PE 16:1;0_18:3;0,PE,NA,NA,NA,NA,NA,NA,1.082419991,1.119500041,0.925553977,4.770860195,2.77305007,1.674200058
PE 16:1;0_19:1;0,PE,NA,NA,NA,NA,NA,NA,NA,NA,NA,NA,NA,NA
PE 16:1;0_20:1;0,PE,5.398779869,5.460239887,6.491690159,NA,4.14948988,2.982709885,5.249410152,5.782169819,4.152229786,4.45468998,4.104430199,3.14248991
PE 16:1;0_20:2;0,PE,NA,NA,NA,NA,NA,NA,NA,NA,NA,NA,0.781315982,NA
PE 16:1;0_20:3;0,PE,NA,NA,NA,NA,NA,NA,NA,NA,NA,NA,NA,NA
PE 16:1;0_26:0;0,PE,NA,NA,NA,NA,0.418776006,0.587612987,NA,NA,NA,0.703875005,0.759383976,0.68492502
PE 16:2;0_17:1;0,PE,NA,NA,NA,NA,0.768218994,NA,NA,NA,NA,NA,NA,NA
PE 16:2;0_18:1;0,PE,0.322340012,0.350259006,0.432184994,0.364398986,0.668008029,0.577839017,1.316630006,1.727779984,1.219310045,3.522579908,2.550709963,2.094980001
PE 16:2;0_18:2;0,PE,NA,NA,NA,NA,NA,NA,NA,NA,NA,0.580075026,0.279828995,NA
PE 17:0;0_17:0;0,PE,NA,NA,NA,NA,NA,NA,NA,NA,NA,NA,NA,NA
PE 17:0;0_18:1;0,PE,0.414496005,0.414622992,0.498847008,NA,NA,0.282754987,0.496069998,0.518244982,NA,NA,NA,NA
PE 17:1;0_18:0;0,PE,NA,NA,NA,NA,0.307489008,NA,NA,NA,NA,NA,NA,NA
PE 17:1;0_18:1;0,PE,2.922679901,2.846100092,3.449029922,2.763590097,4.541550159,4.211810112,2.789940119,3.176559925,2.302769899,4.635980129,4.178890228,3.142070055
PE 17:1;0_18:2;0,PE,0.842935026,1.276980042,NA,NA,NA,NA,1.497660041,1.351809978,0.798698008,1.690629959,1.152449965,1.769119978
PE 17:1;0_19:1;0,PE,NA,NA,NA,NA,NA,0.202204004,NA,NA,NA,NA,NA,NA
PE 18:0;0_18:1;0,PE,NA,NA,NA,NA,7.177639961,NA,NA,NA,NA,9.132069588,8.734060287,NA
PE 18:0;0_18:2;0,PE,NA,NA,NA,NA,NA,NA,NA,NA,NA,2.550659895,1.600049973,NA
PE 18:0;0_18:3;0,PE,NA,NA,NA,NA,NA,NA,NA,0.139412999,NA,0.855565012,0.42542401,NA
PE 18:1;0_18:1;0,PE,27.40690041,27.0855999,30.59070015,17.66690063,30.23660088,27.02350044,19.20210075,21.35910034,16.85479927,25.35370064,24.70859909,16.2859993
PE 18:1;0_18:2;0,PE,1.156450033,1.311570048,1.388659954,0.556611001,0.731890976,NA,6.760479927,7.314489841,5.743460178,16.97270012,11.29290009,8.020879745
PE 18:1;0_18:3;0,PE,NA,NA,NA,NA,NA,NA,1.720110059,1.555819988,1.371909976,6.20277977,4.094409943,2.295399904
PE 18:1;0_20:1;0,PE,4.160299778,4.13394022,4.243959904,2.035619974,3.958050013,3.691309929,3.360510111,3.774499893,2.511209965,3.542680025,3.259880066,2.484489918
PE 18:1;0_26:0;0,PE,NA,NA,0.469231009,0.354719996,1.926249981,1.647199988,NA,NA,NA,2.127330065,2.083110094,1.348500013
PE 18:1;0_26:1;0,PE,NA,NA,NA,NA,NA,NA,NA,NA,NA,0.270754009,0.246877,NA
PE 18:2;0_18:2;0,PE,NA,NA,NA,NA,NA,NA,0.528890014,0.593738019,0.556391001,3.231189966,1.589779973,1.11661005
PE 18:2;0_18:3;0,PE,NA,NA,NA,NA,NA,NA,NA,NA,NA,1.606019974,0.832017004,0.578195989
PE 18:2;0_19:1;0,PE,NA,NA,NA,NA,NA,NA,0.64090699,0.700178981,0.513020992,0.737489998,0.646875024,0.497521996
PE 18:2;0_26:0;0,PE,NA,NA,NA,NA,NA,NA,NA,NA,NA,0.358334005,0.263330013,NA
PE 19:1;0_19:1;0,PE,NA,NA,0.042892002,NA,NA,NA,NA,0.0403837,NA,NA,NA,NA
PE 20:1;0_20:1;0,PE,0.558381975,0.557043016,0.53886497,NA,0.558986008,0.47694701,NA,0.441044003,NA,0.548964024,0.483826011,0.358720005
PG 10:0;0_16:0;0,PG,NA,NA,NA,NA,NA,NA,NA,NA,NA,NA,NA,NA
PG 10:0;0_16:1;0,PG,NA,NA,NA,NA,NA,NA,NA,NA,NA,NA,NA,NA
PG 10:0;0_18:0;0,PG,NA,NA,NA,NA,NA,NA,NA,NA,NA,NA,NA,NA
PG 10:0;0_18:1;0,PG,NA,NA,NA,NA,NA,NA,NA,NA,NA,NA,NA,NA
PG 10:0;0_20:0;0,PG,NA,NA,NA,NA,NA,NA,NA,NA,NA,NA,NA,NA
PG 10:1;0_16:0;0,PG,NA,NA,NA,NA,NA,NA,NA,NA,NA,NA,NA,NA
PG 12:0;0_14:0;0,PG,NA,NA,NA,NA,NA,NA,NA,NA,NA,NA,NA,NA
PG 12:0;0_16:0;0,PG,NA,NA,NA,NA,NA,NA,NA,NA,NA,NA,NA,NA
PG 12:0;0_16:1;0,PG,NA,NA,NA,NA,NA,NA,NA,NA,NA,NA,NA,NA
PG 12:0;0_18:0;0,PG,NA,NA,NA,NA,NA,NA,NA,NA,NA,NA,NA,NA
PG 12:0;0_18:1;0,PG,NA,NA,NA,NA,NA,NA,NA,NA,NA,NA,NA,NA
PG 14:0;0_14:0;0,PG,NA,NA,NA,NA,NA,NA,NA,NA,NA,NA,NA,NA
PG 14:0;0_14:1;0,PG,NA,NA,NA,NA,NA,NA,NA,NA,NA,NA,NA,NA
PG 14:0;0_16:0;0,PG,NA,NA,NA,NA,NA,NA,NA,NA,NA,NA,NA,NA
PG 14:0;0_16:1;0,PG,0.088949896,NA,NA,0.119664997,NA,NA,NA,0.073067598,NA,NA,NA,0.317048997
PG 14:0;0_17:0;0,PG,NA,NA,NA,0.228109002,NA,1.328420043,NA,NA,NA,NA,NA,NA
PG 14:0;0_17:1;0,PG,NA,NA,NA,NA,NA,NA,NA,NA,NA,0.267089009,0.261954993,NA
PG 14:0;0_18:0;0,PG,NA,NA,NA,NA,NA,NA,NA,NA,NA,NA,NA,NA
PG 14:0;0_18:1;0,PG,0.304641992,0.303110003,0.351408988,0.195326999,0.182440996,0.284568012,0.284839004,0.276124001,0.261990994,0.228204995,0.209114,NA
PG 14:0;0_18:2;0,PG,NA,NA,NA,NA,NA,NA,NA,NA,NA,NA,0.050397899,NA
PG 14:1;0_16:0;0,PG,NA,NA,NA,NA,NA,NA,NA,NA,NA,NA,NA,NA
PG 14:1;0_16:2;0,PG,NA,NA,NA,NA,NA,NA,NA,NA,NA,0.268824011,NA,NA
PG 15:0;0_16:1;0,PG,NA,NA,NA,NA,NA,NA,NA,NA,NA,NA,NA,NA
PG 15:0;0_18:1;0,PG,NA,NA,NA,NA,NA,NA,NA,NA,NA,NA,NA,NA
PG 15:1;0_16:0;0,PG,NA,NA,NA,NA,NA,NA,NA,NA,NA,NA,NA,NA
PG 15:1;0_18:0;0,PG,NA,NA,NA,NA,NA,NA,NA,NA,NA,NA,NA,NA
PG 16:0;0_16:0;0,PG,NA,NA,NA,NA,NA,NA,NA,NA,NA,NA,NA,NA
PG 16:0;0_16:1;0,PG,0.663789988,0.612110972,0.750935018,0.154358,0.361822993,0.212521002,0.706561983,0.747537017,0.50433898,0.492805988,0.42918101,0.600484014
PG 16:0;0_17:1;0,PG,0.188631997,NA,0.273555011,NA,0.314027011,NA,NA,NA,NA,NA,0.301005006,NA
PG 16:0;0_18:0;0,PG,NA,NA,NA,NA,NA,NA,NA,NA,NA,NA,NA,NA
PG 16:0;0_18:1;0,PG,8.305520058,7.380080223,9.837719917,1.311789989,2.889590025,2.410569906,7.392179966,7.381669998,6.527490139,2.385560036,2.357310057,1.659540057
PG 16:0;0_18:2;0,PG,NA,NA,NA,NA,NA,NA,0.373690009,0.351920009,0.349768996,0.340700001,0.259458005,0.316513985
PG 16:1;0_16:1;0,PG,0.235005006,0.235933006,0.309610009,NA,0.493775994,NA,0.258830994,0.29629299,0.228164002,0.484876007,0.323249996,NA
PG 16:1;0_17:0;0,PG,NA,NA,NA,NA,NA,NA,NA,NA,NA,NA,NA,NA
PG 16:1;0_17:1;0,PG,NA,NA,NA,NA,0.294055015,NA,NA,0.206337005,NA,NA,NA,NA
PG 16:1;0_18:0;0,PG,NA,NA,NA,NA,NA,NA,0.257936001,NA,NA,0.241832003,NA,0.337850004
PG 16:1;0_18:1;0,PG,1.845289946,1.641240001,2.028899908,0.712242007,2.194180012,1.451120019,1.185570002,1.334740043,1.240129948,1.517760038,1.605380058,0.935732007
PG 16:1;0_18:2;0,PG,NA,NA,NA,NA,NA,NA,NA,NA,NA,0.334912986,0.230277002,NA
PG 17:1;0_17:1;0,PG,0.0169237,NA,0.0171471,NA,NA,NA,NA,NA,NA,NA,NA,NA
PG 18:0;0_18:1;0,PG,NA,NA,NA,NA,NA,NA,NA,NA,NA,NA,NA,NA
PG 18:0;0_18:2;0,PG,NA,NA,NA,NA,NA,NA,NA,NA,NA,NA,0.0959071,NA
PG 18:1;0_18:1;0,PG,0.233050004,0.227133006,0.322889,NA,0.513092995,NA,NA,NA,NA,NA,0.274634987,NA
PG 18:1;0_18:2;0,PG,NA,NA,NA,NA,NA,NA,NA,NA,NA,0.274322987,NA,NA
PI 10:0;0_12:0;0,PI,NA,NA,NA,NA,NA,NA,NA,NA,NA,NA,NA,NA
PI 10:0;0_14:0;0,PI,NA,NA,NA,NA,NA,NA,NA,NA,NA,NA,NA,NA
PI 10:0;0_15:0;0,PI,NA,NA,NA,NA,NA,NA,NA,NA,NA,NA,NA,NA
PI 10:0;0_16:0;0,PI,2.704459906,2.536390066,3.025779963,NA,2.952009916,8.859769821,5.085519791,NA,2.629559994,4.073130131,2.741590023,NA
PI 10:0;0_16:1;0,PI,NA,NA,NA,NA,NA,NA,NA,NA,NA,NA,NA,NA
PI 10:0;0_17:0;0,PI,NA,NA,NA,NA,NA,NA,NA,NA,NA,NA,NA,NA
PI 10:0;0_18:0;0,PI,NA,0.228370994,NA,NA,0.300740987,NA,NA,NA,NA,NA,NA,NA
PI 10:0;0_18:1;0,PI,NA,NA,NA,0.148020998,NA,NA,NA,NA,0.34603399,NA,NA,NA
PI 10:0;0_20:0;0,PI,NA,NA,NA,NA,NA,NA,NA,NA,NA,NA,NA,NA
PI 10:0;0_22:0;0,PI,NA,NA,NA,NA,NA,NA,NA,NA,NA,NA,NA,NA
PI 10:0;0_26:0;0,PI,NA,NA,NA,NA,NA,NA,NA,NA,NA,NA,NA,NA
PI 10:1;0_16:0;0,PI,NA,NA,NA,NA,NA,NA,NA,NA,NA,NA,0.486180991,NA
PI 10:1;0_18:0;0,PI,NA,NA,NA,NA,NA,NA,NA,NA,NA,NA,NA,NA
PI 11:0;0_16:0;0,PI,NA,NA,NA,NA,NA,NA,NA,NA,NA,NA,NA,NA
PI 12:0;0_12:0;0,PI,NA,NA,NA,NA,NA,NA,NA,NA,NA,NA,NA,NA
PI 12:0;0_14:0;0,PI,NA,0.263972998,0.512193978,NA,NA,NA,NA,NA,NA,NA,NA,NA
PI 12:0;0_14:1;0,PI,NA,NA,NA,NA,NA,NA,NA,NA,NA,NA,NA,NA
PI 12:0;0_15:0;0,PI,NA,NA,NA,NA,NA,NA,NA,NA,NA,NA,NA,NA
PI 12:0;0_16:0;0,PI,4.091529846,3.93723011,5.991049767,1.19859004,3.064830065,7.335649967,5.947470188,4.626279831,4.086760044,4.710159779,3.569180012,3.10284996
PI 12:0;0_16:1;0,PI,1.213799953,0.855416,1.237570047,0.585590005,1.470170021,3.06140995,1.208439946,1.129580021,0.937960029,1.578050017,1.357130051,1.309479952
PI 12:0;0_17:0;0,PI,NA,NA,NA,NA,NA,NA,NA,NA,NA,NA,NA,NA
PI 12:0;0_18:0;0,PI,NA,NA,NA,NA,NA,NA,NA,NA,NA,NA,NA,NA
PI 12:0;0_18:1;0,PI,0.986792028,0.832325995,1.148589969,0.335325003,0.816425979,1.453070045,1.095479965,1.232450008,0.797240973,0.900882006,0.698801994,NA
PI 12:0;0_20:0;0,PI,NA,NA,NA,NA,NA,NA,NA,NA,NA,NA,NA,NA
PI 12:1;0_16:0;0,PI,0.678158998,0.532640994,0.708545983,0.301660001,0.907604992,2.174360037,0.976261973,0.805427015,0.613623977,1.220360041,0.974951982,0.777758002
PI 12:1;0_18:0;0,PI,NA,NA,NA,NA,NA,NA,NA,NA,NA,NA,NA,NA
PI 13:0;0_16:0;0,PI,NA,NA,NA,NA,NA,NA,NA,NA,NA,NA,NA,NA
PI 13:0;0_16:1;0,PI,NA,NA,NA,NA,NA,NA,NA,NA,NA,NA,NA,NA
PI 13:0;0_18:1;0,PI,NA,NA,NA,NA,NA,NA,NA,NA,NA,NA,NA,NA
PI 14:0;0_14:0;0,PI,NA,NA,NA,NA,NA,1.956269979,NA,NA,NA,NA,NA,NA
PI 14:0;0_14:1;0,PI,NA,0.365871996,0.483009011,0.27888599,NA,NA,NA,NA,NA,NA,NA,NA
PI 14:0;0_15:0;0,PI,NA,NA,NA,NA,NA,NA,NA,NA,NA,NA,NA,NA
PI 14:0;0_15:1;0,PI,NA,NA,NA,NA,NA,NA,NA,NA,NA,NA,NA,NA
PI 14:0;0_16:0;0,PI,NA,NA,NA,NA,NA,NA,NA,NA,NA,NA,NA,NA
PI 14:0;0_16:1;0,PI,3.853480101,3.703449965,4.969620228,2.034049988,2.966850042,9.012249947,3.610349894,3.052649975,3.373670101,3.646130085,2.996190071,2.941910028
PI 14:0;0_17:0;0,PI,NA,NA,NA,NA,NA,NA,NA,NA,NA,NA,NA,NA
PI 14:0;0_17:1;0,PI,3.699340105,NA,NA,NA,NA,NA,NA,NA,NA,NA,NA,NA
PI 14:0;0_18:0;0,PI,NA,NA,NA,NA,NA,NA,NA,NA,NA,NA,NA,NA
PI 14:0;0_18:1;0,PI,23.46969986,19.9416008,27.81340027,6.606239796,12.26879978,29.08979988,23.5366993,19.4137001,17.1882,12.46140003,12.01340008,10.02659988
PI 14:0;0_18:2;0,PI,NA,NA,NA,NA,NA,NA,NA,0.502133012,0.708500981,1.746610045,0.987192988,0.859566987
PI 14:1;0_15:0;0,PI,NA,NA,NA,NA,NA,NA,NA,NA,NA,NA,NA,NA
PI 14:1;0_16:0;0,PI,5.380060196,4.641329765,6.52489996,1.936059952,4.513050079,7.011129856,7.231579781,6.182690144,4.093550205,5.999969959,4.902140141,6.699639797
PI 14:1;0_16:1;0,PI,1.833709955,1.613989949,2.4270401,0.737868011,1.077020049,2.370650053,2.160269976,2.431339979,2.372730017,1.332309961,0.906521976,1.071179986
PI 14:1;0_18:0;0,PI,0.442564011,0.494410992,0.592842996,0.376228988,0.497839004,NA,0.638906002,0.439063013,0.367646009,0.815122008,NA,0.660524011
PI 14:1;0_18:1;0,PI,2.378340006,1.845469952,2.702869892,0.745938003,1.292989969,3.229010105,2.388989925,2.427360058,2.360270023,1.120830059,0.958841026,1.397690058
PI 14:1;0_18:2;0,PI,NA,NA,NA,NA,NA,NA,NA,NA,NA,0.535661995,NA,NA
PI 15:0;0_16:0;0,PI,NA,NA,NA,NA,NA,NA,NA,NA,NA,NA,NA,NA
PI 15:0;0_16:1;0,PI,1.412889957,1.38657999,1.988299966,0.681011975,1.177440047,3.00545001,1.637120008,NA,1.587820053,1.530869961,1.725649953,1.290570021
PI 15:0;0_18:1;0,PI,1.824219942,1.882750034,2.032480001,1.240450025,2.291369915,4.279669762,1.284360051,1.30061996,1.280689955,2.240400076,2.392260075,1.675979972
PI 15:0;0_18:2;0,PI,NA,NA,NA,NA,NA,NA,NA,NA,NA,0.284969985,0.134164006,NA
PI 15:1;0_16:0;0,PI,NA,0.614023983,NA,NA,0.597770989,NA,NA,NA,NA,0.937272012,0.859521985,NA
PI 15:1;0_16:1;0,PI,NA,NA,NA,NA,NA,NA,NA,NA,NA,NA,NA,NA
PI 15:1;0_18:0;0,PI,NA,NA,NA,NA,NA,NA,NA,NA,NA,NA,NA,NA
PI 15:1;0_18:1;0,PI,0.60265702,0.478193998,0.716800988,NA,NA,NA,0.632745028,0.669125021,0.56427002,NA,0.432399005,NA
PI 16:0;0_16:0;0,PI,NA,NA,NA,NA,NA,NA,NA,NA,NA,NA,NA,NA
PI 16:0;0_16:1;0,PI,100.7669983,86.85340118,110.8570023,75.39980316,143.9869995,274.4410095,103.9229965,94.8710022,82.67269897,188.302002,159.8589935,145.6649933
PI 16:0;0_16:2;0,PI,NA,NA,NA,0.566322029,0.928294003,2.405800104,1.377099991,0.941681027,NA,1.234570026,1.036380053,1.041659951
PI 16:0;0_17:1;0,PI,2.887279987,2.555480003,3.479690075,2.933569908,6.090270042,13.25979996,3.462990046,3.160490036,2.356549978,6.64620018,6.231810093,5.621389866
PI 16:0;0_18:0;0,PI,NA,NA,NA,NA,NA,NA,NA,NA,NA,NA,NA,NA
PI 16:0;0_18:1;0,PI,706.598999,576.7520142,835.5250244,342.9960022,674.9470215,1367.589966,688.4089966,560.2399902,505.8299866,705.1519775,682.7890015,564.0029907
PI 16:0;0_18:2;0,PI,NA,NA,1.091120005,0.694926977,1.249909997,3.526160002,20.49880028,18.80220032,15.45779991,80.55590057,52.34579849,47.76169968
PI 16:0;0_18:3;0,PI,NA,NA,NA,NA,NA,NA,1.055760026,1.157909989,0.880873024,11.94950008,5.416619778,5.925909996
PI 16:0;0_20:1;0,PI,NA,NA,0.396454006,NA,NA,NA,NA,NA,NA,NA,NA,NA
PI 16:1;0_16:1;0,PI,38.92050171,29.92630005,44.56779861,10.96549988,16.02829933,32.55329895,37.33229828,44.59410095,42.5705986,18.0067997,14.52950001,15.43599987
PI 16:1;0_16:2;0,PI,NA,NA,NA,NA,NA,NA,NA,NA,0.653043985,NA,NA,NA
PI 16:1;0_17:0;0,PI,0.373670995,0.401971996,0.42336899,0.384110004,0.770126998,1.36856997,0.390276015,0.444761992,0.270031989,0.854444981,0.906157017,0.681788981
PI 16:1;0_17:1;0,PI,1.720649958,1.112470031,1.714949965,1.003059983,1.583490014,3.622230053,1.407909989,1.780830026,1.684100032,1.735980034,1.171929955,1.738360047
PI 16:1;0_18:0;0,PI,NA,NA,NA,7.76996994,15.59599972,30.22859955,NA,NA,NA,16.76889992,15.41289997,15.36810017
PI 16:1;0_18:1;0,PI,184.2310028,133.3280029,207.0339966,64.23020172,90.06569672,182.8379974,163.052002,173.7200012,162.1629944,86.13140106,73.88009644,81.52269745
PI 16:1;0_18:2;0,PI,NA,NA,0.690182984,0.155520007,NA,NA,3.934289932,4.980249882,3.85138011,10.99479961,5.802539825,7.639359951
PI 16:1;0_18:3;0,PI,NA,NA,NA,NA,NA,NA,2.410459995,2.256989956,1.848569989,4.130129814,2.814870119,4.384329796
PI 16:1;0_20:0;0,PI,NA,NA,NA,NA,NA,NA,NA,NA,NA,NA,NA,NA
PI 16:1;0_20:1;0,PI,0.589106023,0.486505985,0.632736981,0.292571008,0.418677002,1.428239942,0.560284019,0.620131016,0.491162002,0.485819995,0.441154987,0.473141998
PI 16:1;0_22:0;0,PI,NA,NA,NA,NA,NA,NA,NA,NA,NA,NA,NA,NA
PI 16:1;0_24:0;0,PI,NA,NA,NA,NA,NA,NA,NA,NA,NA,0.252088994,NA,NA
PI 16:1;0_25:0;0,PI,NA,NA,NA,0.518850029,0.697261989,NA,NA,NA,NA,0.756444991,0.661943972,0.833025992
PI 16:1;0_26:0;0,PI,0.435734004,0.339332998,0.532416999,2.308680058,5.176700115,6.92565012,0.406901002,0.37124899,0.307121009,6.282929897,6.137479782,4.514289856
PI 16:1;0_26:1;0,PI,NA,NA,NA,0.707934976,0.993910015,1.414340019,NA,NA,NA,0.909310997,0.792294025,0.812273979
PI 16:2;0_18:0;0,PI,NA,NA,NA,NA,NA,NA,NA,NA,NA,NA,NA,NA
PI 16:2;0_18:1;0,PI,1.696169972,1.409860015,1.872390032,0.393669993,0.710161984,1.710500002,4.273320198,3.766550064,3.611829996,NA,2.653860092,NA
PI 17:0;0_18:1;0,PI,1.306839943,1.250290036,1.666620016,1.143980026,2.300440073,3.003750086,0.973767996,1.822989941,0.812093019,2.069770098,2.017950058,2.849920034
PI 17:0;0_18:2;0,PI,NA,NA,NA,NA,NA,NA,NA,NA,NA,0.268961996,NA,NA
PI 17:1;0_17:1;0,PI,NA,NA,NA,NA,0.145922005,NA,0.153804004,NA,NA,0.155750006,NA,NA
PI 17:1;0_18:0;0,PI,0.588793993,0.517651975,0.626016021,0.535576999,0.920813024,2.629290104,0.84333998,NA,0.462143004,1.048030019,0.778742015,NA
PI 17:1;0_18:1;0,PI,4.096899986,2.853970051,4.17538023,4.348209858,6.118810177,12.79839993,2.985909939,3.239020109,3.062319994,4.09265995,4.271349907,4.800690174
PI 17:1;0_18:2;0,PI,NA,NA,NA,NA,NA,NA,NA,NA,NA,0.690688014,NA,NA
PI 17:1;0_26:0;0,PI,NA,NA,NA,NA,0.187255993,0.529888988,NA,NA,NA,NA,0.308398992,NA
PI 18:0;0_18:0;0,PI,NA,NA,NA,NA,NA,NA,NA,NA,NA,NA,NA,NA
PI 18:0;0_18:1;0,PI,20.36940002,17.77669907,26.52179909,20.92309952,46.14080048,89.96089935,24.85910034,17.40769958,14.86159992,46.23949814,47.65639877,39.53319931
PI 18:0;0_18:2;0,PI,NA,NA,NA,NA,NA,NA,1.011450052,0.808578014,0.672430992,4.807350159,3.374030113,2.870389938
PI 18:0;0_18:3;0,PI,NA,NA,NA,NA,NA,NA,NA,NA,NA,0.756444991,0.364055008,NA
PI 18:1;0_18:1;0,PI,33.45869827,22.81550026,34.40209961,19.59560013,28.13559914,51.81750107,20.95960045,22.01539993,19.88059998,19.6291008,19.39550018,19.92480087
PI 18:1;0_18:2;0,PI,1.508970022,1.539289951,1.718880057,NA,NA,NA,6.221869946,4.680119991,3.760099888,6.464930058,4.486629963,6.122600079
PI 18:1;0_18:3;0,PI,NA,NA,NA,NA,NA,NA,8.327260017,7.155189991,6.248939991,9.515789986,7.680009842,11.13500023
PI 18:1;0_20:0;0,PI,NA,NA,NA,NA,NA,NA,NA,NA,NA,NA,NA,NA
PI 18:1;0_20:1;0,PI,1.205340028,0.797438979,1.243350029,0.522408009,0.827301979,1.414100051,NA,0.843043983,0.794300973,0.548786998,0.525708973,NA
PI 18:1;0_22:0;0,PI,NA,NA,NA,0.29362601,0.671832025,NA,NA,NA,NA,0.379920006,0.75890702,NA
PI 18:1;0_24:0;0,PI,0.505469978,0.500298977,0.840465009,0.475526989,0.927926004,1.292359948,0.630177975,0.356765985,0.390987992,0.987466991,0.827708006,1.026100039
PI 18:1;0_25:0;0,PI,1.157670021,1.197980046,1.333930016,1.960569978,2.829099894,3.564359903,0.96222502,0.934818983,0.600592971,2.866810083,2.417469978,3.198539972
PI 18:1;0_25:1;0,PI,NA,NA,NA,0.568391979,1.003280044,1.23187995,NA,NA,NA,0.705724001,0.605481029,0.772475004
PI 18:1;0_26:0;0,PI,2.809269905,2.34897995,3.770979881,9.273320198,22.53359985,33.60990143,3.213929892,2.064960003,1.448379993,21.51440048,24.26869965,16.85650063
PI 18:1;0_26:1;0,PI,1.107499957,0.860103011,1.395779967,2.818490028,4.129010201,6.938079834,NA,0.944127023,0.696575999,2.681230068,2.94272995,2.84168005
PI 18:2;0_18:2;0,PI,NA,NA,NA,NA,NA,NA,0.544807971,0.342500001,0.328543007,1.358129978,0.814849019,0.996290028
PI 18:2;0_18:3;0,PI,NA,NA,NA,NA,NA,NA,NA,NA,NA,2.260240078,NA,NA
PI 18:2;0_25:0;0,PI,NA,NA,NA,NA,NA,NA,NA,NA,NA,NA,0.202566996,NA
PI 18:2;0_26:0;0,PI,NA,NA,NA,NA,NA,NA,NA,NA,NA,2.348860025,2.000859976,1.188629985
PS 10:0;0_16:0;0,PS,NA,NA,NA,NA,NA,NA,NA,NA,NA,NA,NA,NA
PS 10:0;0_16:1;0,PS,NA,NA,NA,NA,NA,NA,NA,NA,NA,NA,NA,NA
PS 10:0;0_18:0;0,PS,NA,NA,NA,NA,NA,NA,NA,NA,NA,NA,NA,NA
PS 10:0;0_18:1;0,PS,NA,NA,NA,NA,NA,NA,NA,NA,NA,NA,NA,NA
PS 12:0;0_14:0;0,PS,NA,NA,NA,NA,NA,NA,NA,NA,NA,NA,NA,NA
PS 12:0;0_16:0;0,PS,NA,NA,NA,NA,NA,NA,NA,NA,NA,NA,NA,NA
PS 12:0;0_16:1;0,PS,NA,NA,NA,NA,NA,NA,NA,NA,NA,NA,NA,NA
PS 12:0;0_18:1;0,PS,NA,NA,NA,NA,NA,NA,NA,NA,NA,NA,NA,NA
PS 14:0;0_14:0;0,PS,NA,NA,NA,NA,NA,NA,NA,NA,NA,NA,NA,NA
PS 14:0;0_14:1;0,PS,NA,NA,NA,NA,NA,NA,NA,NA,NA,NA,NA,NA
PS 14:0;0_16:1;0,PS,0.728865981,0.523874998,0.768388987,NA,NA,NA,0.492947012,0.686536014,0.690909028,0.425092995,0.333532989,NA
PS 14:0;0_18:1;0,PS,5.728010178,4.465370178,6.87650013,0.509178996,0.903621972,2.859450102,6.513010025,5.977600098,5.067180157,1.603109956,0.993619025,0.883345008
PS 14:0;0_18:2;0,PS,NA,NA,NA,NA,NA,NA,NA,NA,0.428124994,NA,NA,NA
PS 14:1;0_16:0;0,PS,0.962535977,0.879522026,1.193310022,NA,NA,NA,1.325799942,1.117619991,1.077700019,0.363164991,0.29765901,NA
PS 14:1;0_18:0;0,PS,0.324063987,0.323312998,0.378814995,NA,NA,NA,NA,NA,0.317162007,NA,NA,NA
PS 14:1;0_18:1;0,PS,1.21875,1.119830012,1.759080052,NA,0.73538202,NA,1.660410047,1.378690004,1.208729982,1.068279982,NA,NA
PS 15:0;0_16:1;0,PS,NA,NA,NA,NA,NA,NA,NA,NA,NA,NA,NA,NA
PS 15:0;0_18:1;0,PS,0.625658989,0.749987006,1.027169943,0.463624001,0.797199011,NA,0.902045012,0.682761014,0.71845299,NA,0.403697997,NA
PS 15:1;0_16:0;0,PS,NA,NA,NA,NA,NA,NA,NA,NA,NA,NA,NA,NA
PS 16:0;0_16:0;0,PS,NA,NA,NA,NA,NA,NA,NA,NA,NA,NA,NA,NA
PS 16:0;0_16:1;0,PS,24.73690033,21.66930008,30.75550079,2.770299911,5.836689949,11.31620026,34.04639816,30.20210075,25.49309921,15.32009983,8.119739532,8.967430115
PS 16:0;0_17:1;0,PS,0.702473998,0.808565974,1.16850996,NA,NA,NA,1.018659949,1.055920005,0.862760007,0.902984977,0.394831985,NA
PS 16:0;0_18:1;0,PS,249.4320068,207.1260071,322.1749878,30.81389999,53.71369934,95.08399963,297.9500122,233.0440063,224.9669952,76.86959839,61.49119949,54.84790039
PS 16:0;0_18:2;0,PS,NA,NA,NA,NA,NA,NA,6.724699974,6.359519958,5.16753006,8.880020142,5.092490196,4.283810139
PS 16:0;0_18:3;0,PS,NA,NA,NA,NA,NA,NA,NA,NA,NA,1.263689995,0.53768301,NA
PS 16:0;0_19:1;0,PS,0.347842008,NA,0.457881004,NA,NA,NA,0.475612998,0.51255399,NA,NA,NA,NA
PS 16:1;0_16:1;0,PS,10.1243,8.786910057,12.16189957,5.155409813,6.075530052,9.45950985,12.25189972,13.33650017,13.10359955,11.22019958,7.681960106,8.967889786
PS 16:1;0_17:0;0,PS,0.388269991,NA,NA,NA,NA,NA,NA,NA,NA,NA,NA,NA
PS 16:1;0_17:1;0,PS,0.689236999,NA,0.760643005,NA,NA,NA,NA,NA,0.787459016,0.620422006,NA,NA
PS 16:1;0_18:0;0,PS,NA,NA,NA,NA,NA,NA,NA,NA,NA,NA,NA,NA
PS 16:1;0_18:1;0,PS,137.4669952,104.8430023,167.2940063,45.38660049,55.87559891,93.84420013,144.2929993,135.0149994,133.9219971,70.15920258,52.31470108,57.52939987
PS 16:1;0_18:2;0,PS,NA,NA,NA,NA,NA,NA,2.336709976,2.560230017,0.80092001,3.447149992,1.804170012,2.702970028
PS 16:2;0_18:1;0,PS,NA,NA,NA,NA,NA,NA,NA,NA,1.419160008,NA,NA,NA
PS 17:0;0_18:0;0,PS,NA,NA,0.845656991,NA,NA,1.433990002,NA,NA,NA,0.732554972,0.712629974,NA
PS 17:0;0_18:1;0,PS,0.891318023,1.440089941,1.169090033,NA,NA,NA,1.024880052,1.037340045,1.200710058,NA,0.91269201,NA
PS 17:1;0_17:1;0,PS,NA,NA,NA,NA,0.140227005,NA,NA,NA,NA,NA,0.147237003,0.198875993
PS 17:1;0_18:0;0,PS,NA,0.189676002,NA,NA,NA,NA,NA,NA,NA,NA,NA,NA
PS 17:1;0_18:1;0,PS,1.643049955,1.115059972,1.539459944,1.610820055,1.825199962,3.131180048,NA,1.167469978,1.113090038,1.749789953,1.297829986,1.35532999
PS 18:0;0_18:0;0,PS,3.032259941,2.538779974,4.420939922,NA,2.841720104,6.832509995,2.677469969,3.699470043,3.245949984,2.69092989,2.644249916,3.657239914
PS 18:0;0_18:1;0,PS,1.863330007,2.051480055,2.698960066,0.448704004,1.310889959,2.186209917,2.878400087,2.298110008,1.750820041,1.64842999,1.401350021,0.824939013
PS 18:0;0_18:2;0,PS,NA,NA,NA,NA,NA,NA,NA,NA,NA,0.398548007,NA,NA
PS 18:1;0_18:1;0,PS,6.751080036,4.475190163,6.405720234,3.114759922,3.721600056,7.151909828,4.118869781,4.150690079,4.143589973,2.793139935,2.807389975,3.328649998
PS 18:1;0_18:2;0,PS,NA,NA,NA,NA,NA,NA,NA,NA,NA,0.869980991,0.664515018,NA
PS 18:1;0_18:3;0,PS,NA,NA,NA,NA,NA,NA,8.008859634,NA,5.667019844,2.395849943,1.612800002,2.296900034
PS 18:2;0_18:2;0,PS,NA,NA,NA,NA,NA,NA,NA,NA,NA,0.298785001,0.419331998,NA
TAG 34:0;0,TAG,NA,NA,NA,NA,NA,NA,NA,NA,NA,NA,NA,NA
TAG 36:0;0,TAG,NA,NA,NA,NA,NA,NA,NA,NA,NA,NA,NA,NA
TAG 38:0;0,TAG,NA,NA,NA,NA,NA,NA,NA,NA,NA,NA,NA,NA
TAG 40:0;0,TAG,NA,NA,NA,NA,NA,NA,NA,NA,NA,NA,NA,NA
TAG 40:1;0,TAG,2.264019966,2.358609915,3.39090991,NA,1.13981998,NA,3.506299973,2.536629915,2.609539986,NA,NA,NA
TAG 40:2;0,TAG,1.657690048,1.657130003,2.139719963,NA,NA,NA,NA,NA,1.445880055,NA,NA,NA
TAG 42:0;0,TAG,NA,NA,NA,NA,1.519330025,NA,NA,NA,NA,2.0546,NA,NA
TAG 42:1;0,TAG,9.880880356,9.722279549,13.70129967,NA,3.911469936,4.906770229,14.69180012,10.52200031,8.743929863,5.284560204,4.597569942,3.60435009
TAG 42:2;0,TAG,11.02029991,9.369799614,13.33590031,3.393630028,5.112040043,5.041820049,12.26830006,9.882379532,9.551150322,5.855999947,5.066860199,5.036590099
TAG 42:3;0,TAG,2.528379917,1.79479003,2.66508007,NA,NA,NA,2.436840057,2.100399971,2.382210016,NA,NA,NA
TAG 43:0;0,TAG,NA,NA,NA,NA,NA,NA,NA,NA,NA,NA,NA,NA
TAG 43:1;0,TAG,NA,NA,NA,NA,NA,NA,NA,NA,NA,NA,NA,NA
TAG 44:0;0,TAG,NA,NA,NA,NA,NA,NA,NA,NA,NA,NA,1.555609941,NA
TAG 44:1;0,TAG,16.49239922,16.08349991,23.04999924,NA,NA,9.969229698,22.7439003,16.48839951,14.84710026,9.265529633,8.700320244,NA
TAG 44:2;0,TAG,31.55089951,26.22509956,35.1067009,15.60239983,21.28560066,22.18630028,31.16690063,NA,25.25149918,24.6352005,NA,NA
TAG 44:3;0,TAG,8.285269737,7.592689991,10.8743,4.013239861,5.514080048,5.047329903,10.50279999,9.741669655,9.600819588,8.059760094,5.680809975,6.44547987
TAG 45:0;0,TAG,NA,NA,NA,NA,NA,NA,NA,NA,NA,NA,NA,NA
TAG 45:1;0,TAG,NA,NA,1.441280007,NA,NA,NA,NA,NA,NA,NA,NA,NA
TAG 45:2;0,TAG,1.856109977,NA,NA,NA,NA,NA,NA,1.394420028,NA,NA,NA,2.144710064
TAG 46:0;0,TAG,NA,NA,NA,NA,NA,NA,NA,NA,NA,NA,NA,NA
TAG 46:1;0,TAG,10.38780022,9.816800117,14.2823,NA,7.268539906,8.731789589,14.42249966,10.70289993,8.466939926,8.315489769,7.356760025,6.566559792
TAG 46:2;0,TAG,52.27299881,44.91559982,58.77830124,27.29319954,42.93259811,41.18069839,52.00669861,48.04140091,41.08010101,46.05720139,40.52000046,41.80960083
TAG 46:3;0,TAG,40.78329849,36.78499985,51.25040054,20.85400009,29.72050095,24.91320038,48.08300018,49.46080017,44.9095993,36.44540024,29.82080078,33.2677002
TAG 46:4;0,TAG,NA,NA,NA,NA,NA,NA,NA,NA,NA,5.872920036,NA,4.141389847
TAG 47:0;0,TAG,NA,NA,NA,NA,NA,NA,NA,NA,NA,NA,NA,NA
TAG 47:1;0,TAG,NA,NA,NA,NA,NA,NA,NA,NA,NA,NA,NA,NA
TAG 47:2;0,TAG,2.600159883,2.387769938,3.541359901,2.33991003,4.003129959,3.382780075,2.447119951,2.779220104,2.479049921,3.858779907,3.535900116,3.45194006
TAG 47:3;0,TAG,3.831269979,3.477260113,4.758560181,2.393569946,3.84552002,3.02767992,4.423620224,4.687039852,4.051179886,3.957950115,3.783329964,3.82852006
TAG 48:0;0,TAG,NA,NA,NA,NA,NA,NA,NA,NA,NA,NA,NA,NA
TAG 48:1;0,TAG,NA,NA,NA,NA,NA,NA,NA,NA,NA,NA,NA,NA
TAG 48:2;0,TAG,133.3930054,116.7030029,159.8939972,66.97200012,121.7249985,109.189003,146.5480042,135.0599976,NA,140.0829926,121.4660034,126.6719971
TAG 48:3;0,TAG,353.3789978,297.6950073,429.4309998,173.5099945,257.7860107,213.3560028,377.5710144,408.7139893,350.5469971,294.6430054,242.5090027,270.7900085
TAG 48:4;0,TAG,2.903949976,2.445549965,3.81437993,4.422060013,5.257780075,4.767350197,11.30360031,11.06340027,8.956830025,17.73399925,11.58170033,13.72630024
TAG 48:5;0,TAG,NA,NA,NA,NA,NA,NA,1.961560011,1.882539988,1.628630042,4.65542984,2.827069998,3.130690098
TAG 49:0;0,TAG,NA,NA,NA,NA,NA,NA,NA,NA,NA,NA,NA,NA
TAG 49:1;0,TAG,NA,NA,NA,NA,NA,NA,NA,NA,NA,NA,NA,NA
TAG 49:2;0,TAG,5.92621994,5.680190086,7.81303978,5.35902977,9.342309952,6.932149887,6.210110188,6.260769844,5.24530983,10.01259995,8.058950424,9.187290192
TAG 49:3;0,TAG,20.07559967,16.0848999,23.46199989,16.07329941,23.82749939,21.43219948,19.76729965,20.7887001,18.18330002,23.39319992,21.65130043,21.98380089
TAG 49:4;0,TAG,NA,NA,NA,NA,NA,NA,NA,1.223029971,NA,2.814460039,1.604040027,1.787829995
TAG 50:0;0,TAG,NA,NA,NA,NA,NA,NA,NA,NA,NA,NA,NA,NA
TAG 50:1;0,TAG,NA,NA,NA,NA,NA,NA,NA,NA,NA,NA,NA,NA
TAG 50:2;0,TAG,285.571991,245.496994,346.9960022,130.9839935,237.0359955,232.8849945,313.1059875,279.1570129,235.5,260.7279968,232.3419952,238.9290009
TAG 50:3;0,TAG,1042.430054,827.8040161,1195.530029,607.8619995,914.3389893,776.7689819,991.2459717,1045.699951,903.8800049,923.1190186,786.5100098,853.723999
TAG 50:4;0,TAG,7.584899902,6.72935009,10.43770027,12.13029957,15.94400024,14.7475996,75.49980164,79.16179657,58.21490097,163.0679932,102.9029999,119.1500015
TAG 50:5;0,TAG,NA,NA,1.45065999,1.800989985,2.250770092,1.665910006,21.47319984,20.88129997,16.97929955,46.21559906,27.43860054,34.13850021
TAG 50:6;0,TAG,NA,NA,NA,NA,NA,NA,NA,NA,NA,1.948099971,NA,NA
TAG 51:1;0,TAG,NA,NA,NA,NA,NA,NA,NA,NA,NA,NA,NA,NA
TAG 51:2;0,TAG,7.416460037,6.403520107,9.138199806,5.593669891,11.56060028,11.1171999,7.498869896,7.384910107,5.936729908,11.49489975,9.81951046,10.81919956
TAG 51:3;0,TAG,34.1391983,25.76099968,35.64889908,41.10760117,61.33330154,54.15999985,27.14179993,31.9265995,26.64159966,53.55849838,48.11520004,50.64559937
TAG 51:4;0,TAG,NA,NA,NA,NA,NA,NA,3.249340057,3.595459938,3.359699965,11.97949982,8.367010117,8.728739738
TAG 51:5;0,TAG,NA,NA,NA,NA,NA,NA,NA,NA,NA,3.185940027,1.968880057,2.09890008
TAG 52:0;0,TAG,NA,NA,NA,NA,NA,NA,NA,NA,NA,NA,NA,NA
TAG 52:1;0,TAG,NA,NA,NA,NA,NA,NA,NA,NA,NA,NA,NA,NA
TAG 52:2;0,TAG,224.5829926,197.3990021,277.9750061,NA,165.8090057,189.522995,244.0559998,208.9190063,183.0410004,166.5039978,154.302002,155.7969971
TAG 52:3;0,TAG,989.2039795,777.882019,1080.359985,566.6630249,843.947998,765.6129761,824.7189941,842.3690186,737.6140137,756.1890259,655.3010254,700.5809937
TAG 52:4;0,TAG,6.565090179,5.313980103,8.99213028,8.875559807,11.59309959,11.36979961,120.1959991,123.4820023,95.26560211,269.1340027,175.5,196.8619995
TAG 52:5;0,TAG,NA,NA,NA,NA,2.169650078,1.801220059,47.86589813,44.67610168,39.2071991,138.1199951,80.30909729,91.98880005
TAG 52:6;0,TAG,NA,NA,NA,NA,NA,NA,4.49105978,3.768810034,3.451849937,20.24510002,9.865940094,11.99170017
TAG 52:7;0,TAG,NA,NA,NA,NA,NA,NA,NA,NA,NA,3.561439991,1.801589966,1.866930008
TAG 53:1;0,TAG,NA,NA,NA,NA,NA,NA,NA,NA,NA,NA,NA,NA
TAG 53:2;0,TAG,NA,NA,NA,NA,NA,NA,NA,NA,NA,NA,NA,NA
TAG 53:3;0,TAG,17.40259933,12.29920006,17.59980011,23.24110031,33.81809998,30.83139992,12.03950024,15.33469963,11.65209961,25.19759941,24.79529953,26.76799965
TAG 53:4;0,TAG,NA,NA,NA,NA,NA,NA,3.280459881,2.935679913,3.861219883,10.19439983,7.913539886,8.145059586
TAG 53:5;0,TAG,NA,NA,NA,NA,NA,NA,NA,NA,NA,4.465419769,2.956099987,3.240679979
TAG 54:0;0,TAG,NA,NA,NA,NA,NA,NA,NA,NA,NA,NA,NA,NA
TAG 54:1;0,TAG,NA,NA,NA,NA,NA,NA,NA,NA,NA,NA,NA,NA
TAG 54:2;0,TAG,NA,NA,NA,NA,NA,NA,NA,NA,NA,31.1651001,NA,NA
TAG 54:3;0,TAG,164.0650024,121.4929962,161.9869995,112.3919983,170.9210052,153.6629944,95.63760376,107.6880035,92.13300323,125.0630035,120.0940018,116.1809998
TAG 54:4;0,TAG,1.993559957,1.365229964,2.396850109,1.66663003,2.123039961,1.752009988,27.40019989,30.18090057,24.55220032,76.6427002,57.72460175,57.73379898
TAG 54:5;0,TAG,NA,NA,NA,NA,NA,NA,20.45129967,18.3465004,16.01849937,64.70490265,39.83919907,42.74359894
TAG 54:6;0,TAG,NA,NA,NA,NA,NA,NA,3.658720016,3.248579979,3.170360088,19.99650002,9.203300476,10.7361002
TAG 54:7;0,TAG,NA,NA,NA,NA,NA,NA,NA,NA,NA,7.845839977,3.106580019,4.052949905
TAG 55:1;0,TAG,NA,NA,NA,NA,NA,NA,NA,NA,NA,NA,NA,NA
TAG 55:2;0,TAG,NA,NA,NA,NA,NA,NA,NA,NA,NA,NA,NA,NA
TAG 55:3;0,TAG,NA,NA,5.544270039,NA,4.033090115,NA,NA,9.828300476,NA,NA,NA,7.666480064
TAG 55:4;0,TAG,NA,NA,NA,NA,NA,NA,NA,NA,NA,NA,NA,2.341239929
TAG 56:0;0,TAG,NA,NA,NA,NA,NA,NA,NA,NA,NA,NA,NA,NA
TAG 56:1;0,TAG,NA,NA,NA,NA,1.415639997,NA,NA,NA,NA,NA,NA,NA
TAG 56:2;0,TAG,6.128039837,NA,5.771450043,NA,4.789549828,4.047070026,NA,NA,4.814960003,5.17757988,4.260230064,6.419390202
TAG 56:3;0,TAG,22.65060043,15.7177,20.91699982,8.462470055,16.54400063,11.8434,12.97179985,25.68079948,17.88750076,14.75119972,13.94410038,19.64749908
TAG 56:4;0,TAG,NA,NA,NA,NA,NA,NA,1.996459961,3.775599957,2.280869961,4.687610149,3.980400085,4.333909988
TAG 56:5;0,TAG,NA,NA,NA,NA,NA,NA,NA,NA,NA,2.054949999,1.408259988,1.681810021
TAG 57:1;0,TAG,NA,NA,NA,NA,NA,NA,NA,NA,NA,NA,NA,NA
TAG 58:1;0,TAG,NA,NA,NA,NA,NA,NA,NA,NA,NA,1.685449958,1.322810054,NA
TAG 58:2;0,TAG,3.798160076,3.463619947,4.367450237,2.910470009,6.516359806,5.771110058,2.780790091,5.288189888,3.485539913,7.509300232,7.256599903,7.901949883
TAG 58:3;0,TAG,12.41110039,8.437959671,11.29339981,4.424230099,9.9333601,7.059539795,6.202879906,16.31550026,10.40960026,8.890540123,8.466509819,12.37730026
TAG 58:4;0,TAG,NA,NA,NA,NA,NA,NA,NA,NA,NA,2.757169962,NA,3.145489931
TAG 59:2;0,TAG,NA,NA,NA,NA,NA,NA,NA,NA,NA,NA,NA,2.74973011
TAG 60:1;0,TAG,NA,NA,NA,NA,NA,NA,NA,NA,NA,NA,NA,NA
TAG 60:2;0,TAG,3.305480003,2.140399933,3.129909992,NA,15.91359997,15.52280045,2.210249901,2.627120018,2.514509916,16.31579971,16.00300026,14.97249985
TAG 60:3;0,TAG,3.11796999,NA,NA,NA,8.216449738,7.083040237,NA,NA,NA,7.416140079,NA,NA
