1bar_Ex340_Em440,,1bar_Ex340_Em490,,
Time (min),Intensity (a.u.),Time (min),Intensity (a.u.),
0.004166666884,567.9370117,0.01439583302,236.7766876,
0.5041666627,565.7476196,0.5145416856,242.1322327,
1.004166722,564.4136963,1.01447916,236.9442749,
1.504166722,558.180542,1.51447916,233.4971161,
2.004166603,556.8291016,2.01447916,236.6708679,
2.504166603,556.553833,2.51447916,238.4843445,
3.004166603,560.3388062,3.01447916,244.2624817,
3.504166603,553.5056152,3.51447916,242.647583,
4.004166603,553.5792847,4.01447916,236.2966614,
4.504166603,545.5742188,4.51447916,235.5375366,
5.004166603,543.8772583,5.01447916,243.5508423,
5.504166603,539.4678345,5.51447916,243.4530334,
6.004166603,546.842041,6.01447916,242.5912018,
6.504166603,532.7593384,6.51447916,243.8249054,
7.004166603,531.7938232,7.01447916,250.1677856,
7.504166603,531.6438599,7.51447916,246.1881561,
8.004166603,529.4293213,8.014478683,248.484848,
8.504166603,527.2474976,8.514478683,248.6686707,
9.004166603,526.7608643,9.014479637,253.7254944,
9.504166603,514.99646,9.514479637,252.8807831,
10.0041666,513.3447876,10.01447964,246.5179443,
10.5041666,516.800354,10.51447964,253.4052124,
11.0041666,510.8671265,11.01447964,254.3073578,
11.5041666,532.1569824,11.51447964,257.3579102,
12.0041666,517.5166016,12.01447964,246.812973,
12.5041666,524.7625732,12.51447964,247.9285126,
13.0041666,529.581665,13.01447964,249.5835571,
13.5041666,527.4918213,13.51447964,248.1794891,
14.0041666,530.0366211,14.01447964,244.022995,
14.5041666,538.109375,14.51447964,241.8868256,
15.0041666,537.9240723,15.01447964,247.9885864,
15.5041666,552.9660034,15.51447964,238.3008575,
16.00416756,548.7069702,16.01447868,241.8148193,
16.50416756,554.8721924,16.51447868,242.1605072,
17.00416756,547.5366821,17.01447868,237.0404816,
17.50416756,557.4418945,17.51447868,237.0679626,
18.00416756,554.4135742,18.01447868,243.2598267,
18.50416756,557.0388184,18.51447868,236.2488556,
19.00416756,559.427124,19.01447868,240.1377563,
19.50416756,559.7334595,19.51447868,236.9483337,
20.00416756,557.8806152,20.01447868,238.9162903,
20.50416756,562.3486328,20.51447868,235.0705109,
21.00416756,561.2094727,21.01447868,239.5296478,
21.50416756,556.6478271,21.51447868,232.8591003,
22.00416756,567.7658691,22.01447868,232.652771,
22.50416756,560.2544556,22.51447868,235.9180298,
23.00416756,564.2987671,23.01447868,237.1581268,
23.50416756,570.9688721,23.51447868,234.8863525,
24.00416756,564.1138916,24.01447868,231.7729645,
24.50416756,572.166626,24.51447868,236.0746918,
25.00416756,568.6148682,25.01447868,238.2881622,
25.50416756,562.3922119,25.51447868,234.6748657,
26.00416756,563.6178589,26.01447868,234.334137,
26.50416756,564.1724854,26.51447868,236.2484589,
27.00416756,552.6271973,27.01447868,240.1857147,
27.50416756,562.9438477,27.51447868,235.9558716,
28.00416756,560.0393066,28.01447868,232.6178741,
28.50416756,562.3500366,28.51447868,240.1200256,
29.00416756,553.6697998,29.01447868,231.9005432,
29.50416756,552.9744263,29.51447868,237.3600922,
30.00416756,558.5463867,30.01447868,236.3698578,
30.50416756,553.3748779,30.51447868,241.5482025,
31.00416756,552.8772583,31.01447868,243.8265533,
31.50416756,556.7166138,31.51447868,235.5196838,
32.00416565,556.2391968,32.01448059,242.9661255,
32.50416565,550.8567505,32.51448059,241.4870148,
33.00416565,551.0189819,33.01448059,239.7011108,
33.50416565,544.8319702,33.51448059,242.0428162,
34.00416565,547.6124878,34.01448059,242.2246246,
34.50416565,539.2746582,34.51447678,242.4071045,
35.00416565,543.7342529,35.01447678,245.3190765,
35.50416565,540.0835571,35.51447678,237.3156128,
36.00416565,528.0983276,36.01447678,248.5291748,
36.50416565,538.4394531,36.51447678,243.5931702,
37.00416565,531.4163208,37.01447678,245.8006897,
37.50416565,534.0855713,37.51447678,245.1485901,
38.00416565,519.8199463,38.01447678,247.0789642,
38.50416565,526.1797485,38.51447678,241.3642731,
39.00416565,527.6853638,39.01447678,244.5302277,
39.50416565,525.081665,39.51447678,244.1631927,
40.00416565,524.5735474,40.01447678,250.6640015,
40.50416565,514.4326172,40.51447678,241.6876984,
41.00416565,526.5397949,41.01447678,240.8662109,
41.50416565,519.6733398,41.51447678,247.9501953,
42.00416565,521.6885376,42.01447678,241.6415863,
42.50416565,519.8583374,42.51447678,239.3901215,
43.00416565,522.6942139,43.01447678,244.9854584,
43.50416565,517.9970703,43.51447678,243.1665192,
44.00416565,520.4570923,44.01447678,244.1567688,
44.50416565,523.1578369,44.51447678,246.7945709,
45.00416565,519.3173828,45.01447678,249.0440216,
45.50416565,517.1075439,45.51447678,246.2028351,
46.00416565,518.4833374,46.01447678,245.3202667,
46.50416565,516.0961914,46.51447678,244.8158417,
47.00416565,518.1077881,47.01447678,246.0768127,
47.50416565,529.272644,47.51447678,248.7469025,
48.00416565,520.4317627,48.01447678,248.4368896,
48.50416565,521.4856567,48.51447678,248.0491486,
49.00416565,517.907959,49.01447678,258.3731995,
49.50416565,522.6057739,49.51447678,245.8978577,
50.00416565,516.1127319,50.01447678,245.9708099,
50.50416565,516.9240112,50.51447678,246.9680023,
51.00416565,521.1937866,51.01447678,249.0612488,
51.50416565,522.0021973,51.51447678,249.4081726,
52.00416565,509.6118469,52.01447678,245.1452484,
52.50416565,513.3476563,52.51447678,249.3595276,
53.00416565,517.1755371,53.01447678,254.3150177,
53.50416565,506.2710571,53.51447678,249.5473175,
54.00416565,507.1095276,54.01447678,249.9124908,
54.50416565,493.506012,54.51447678,256.8009338,
55.00416565,494.1870728,55.01447678,254.8410645,
55.50416565,489.5869446,55.51447678,251.0000458,
56.00416565,489.7993469,56.01447678,256.5062866,
56.50416565,484.1178589,56.51447678,255.4145813,
57.00416565,479.969635,57.01447678,256.6879883,
57.50416565,475.0873718,57.51447678,257.008606,
58.00416565,468.990387,58.01447678,262.122467,
58.50416565,465.4711304,58.51447678,263.3802795,
59.00416565,462.3042297,59.01450348,263.084198,
59.50416565,448.4035339,59.51447678,259.2479553,
60.00416565,454.7070007,60.01447678,262.2254028,
60.50416565,439.1713257,60.51447678,270.5984192,
61.00416565,445.6428528,61.01447678,261.6932068,
61.50416565,442.2220459,61.51447678,263.008728,
62.00416565,441.5645142,62.01447678,264.2362061,
62.50416565,447.0139465,62.51447678,259.2750854,
63.00416565,453.8371277,63.01447678,261.4107361,
63.50416565,459.0973206,63.51447678,260.6208496,
64.00416565,464.4832458,64.01448059,258.6238403,
64.50416565,463.9735718,64.51448059,257.5044556,
65.00416565,465.0140991,65.01448059,263.1483154,
65.50416565,471.2950134,65.51448059,253.6526947,
66.00416565,474.9474792,66.01448059,258.8979187,
66.50416565,478.5669861,66.51448059,258.6303101,
67.00416565,481.6049805,67.01448059,250.8528595,
67.50416565,492.0631104,67.51448059,255.4051819,
68.00416565,486.8677673,68.01448059,255.3040924,
68.50416565,494.8523254,68.51448059,252.1785736,
69.00416565,501.6222534,69.01448059,254.715271,
69.50416565,495.8802185,69.51448059,255.1512451,
70.00416565,501.0289612,70.01448059,250.4014435,
70.50416565,516.8343506,70.51450348,246.8426819,
71.00416565,508.7312927,71.01448059,253.0147095,
71.50416565,513.1621094,71.51448059,253.1118622,
72.00416565,511.6096802,72.01448059,251.2269897,
72.50416565,519.852417,72.51448059,251.4848633,
73.00416565,503.1411743,73.01448059,245.0771484,
73.50416565,514.3059082,73.51448059,244.6991577,
74.00416565,513.7369385,74.01454163,247.9098663,
74.50416565,507.3129578,74.51448059,246.7448273,
75.00416565,510.2384033,75.01448059,242.4900665,
75.50416565,507.90625,75.51448059,248.6280518,
76.00416565,507.4274597,76.01448059,242.8150787,
76.50416565,505.8770752,76.51448059,249.2724609,
77.00416565,502.1673584,77.01448059,243.9255066,
77.50416565,501.9858398,77.51448059,251.5199432,
78.00416565,497.2757874,78.01448059,245.6690979,
78.50416565,488.2265015,78.51448059,252.863739,
79.00416565,489.5922852,79.01448059,250.932312,
79.50416565,485.7433777,79.51448059,251.3594971,
80.00416565,474.8193665,80.01448059,248.4567108,
80.50416565,472.5904541,80.51448059,252.9647064,
81.00416565,464.9957581,81.01448059,252.5556335,
81.50416565,473.1192017,81.51448059,253.3562469,
82.00416565,465.9892273,82.01448059,250.9420166,
82.50416565,463.1074524,82.51450348,251.3987122,
83.00416565,466.993988,83.01448059,255.4329987,
83.50416565,462.1091919,83.51448059,251.7006683,
84.00416565,458.3248291,84.01448059,254.4664154,
84.50416565,459.7691345,84.51448059,251.5544281,
85.00416565,458.2727051,85.01448059,255.6425934,
85.50416565,455.4206848,85.51448059,252.1408234,
86.00416565,457.5147095,86.01448059,251.086441,
86.50416565,448.7825012,86.51448059,256.2225037,
87.00416565,452.3324585,87.01448059,251.0790558,
87.50416565,452.1932678,87.51454163,254.3775177,
88.00416565,449.9224243,88.01448059,254.1101837,
88.50416565,450.2163086,88.51448059,254.2682648,
89.00416565,451.8525696,89.01448059,252.8282471,
89.50416565,444.9417114,89.51448059,252.3257141,
90.00416565,451.1180115,90.01448059,250.9947968,
90.50416565,438.3604736,90.51448059,250.7943878,
91.00416565,444.3000793,91.01448059,256.9212952,
91.50416565,450.4903564,91.51448059,256.1268921,
92.00416565,442.4822388,92.01448059,252.0261993,
92.50416565,442.1432495,92.51448059,253.5727081,
93.00416565,441.9771118,93.01448059,248.7310944,
93.50416565,440.7842407,93.51448059,254.7783813,
94.00416565,444.4471436,94.01448059,256.172821,
94.50416565,452.1199646,94.51448059,257.2939758,
95.00416565,441.3646545,95.01448059,252.4964752,
95.50416565,450.5558167,95.51448059,253.9117584,
96.00416565,448.9673767,96.01448059,258.4251709,
96.50416565,446.2341003,96.51448059,248.6380463,
97.00416565,447.8778687,97.01448059,250.9362335,
97.50416565,445.6054077,97.51448059,254.8289337,
98.00416565,447.1093445,98.01448059,253.6872253,
98.50416565,446.3252869,98.51448059,255.4621735,
99.00416565,446.5108643,99.01448059,252.6417084,
99.50416565,440.7542725,99.51448059,246.4109802,
100.0041656,447.3259583,100.0144806,253.7541656,
100.5041656,446.9159851,100.5144806,252.2320099,
101.0041656,447.9441528,101.0144806,252.7264099,
101.5041656,450.3014221,101.5144806,249.4084015,
102.0041656,448.7890015,102.0145416,251.8113556,
102.5041656,445.2757263,102.5144806,251.9051208,
103.0041656,445.1864929,103.0144806,255.9286346,
103.5041656,438.9055176,103.5144806,254.6750031,
104.0041656,430.5289307,104.0144806,253.1628571,
104.5041656,426.4216614,104.5145416,253.167038,
105.0041656,424.9159241,105.0144806,255.8607483,
105.5041656,418.2843323,105.5145416,260.7153625,
106.0041656,424.3520813,106.0144806,258.004303,
106.5041656,412.0405273,106.5144806,254.258667,
107.0041656,410.7783813,107.0144806,253.5515747,
107.5041656,400.3575439,107.5144806,262.0448608,
108.0041656,400.9045105,108.0144806,256.7375488,
108.5041656,384.855957,108.5144806,259.2524719,
109.0041656,388.894165,109.0144806,264.7152405,
109.5041656,375.1848755,109.5144806,258.2849121,
110.0041656,382.7322083,110.0144806,260.5709229,
110.5041656,372.3401794,110.5144806,263.3510437,
111.0041656,365.277771,111.0144806,264.4567261,
111.5041656,358.2032166,111.5144806,265.1157532,
112.0041656,365.0120544,112.0144806,265.8554993,
112.5041656,356.1800842,112.5144806,260.943573,
113.0041656,361.435791,113.0144806,264.0799866,
113.5041656,365.6809998,113.5144806,262.7662354,
114.0041656,364.7194214,114.0144806,265.4726868,
114.5041656,371.8503113,114.5144806,266.2071533,
115.0041656,372.959198,115.0144806,255.3136902,
115.5041656,385.9762573,115.5144806,261.274292,
116.0041656,383.8143311,116.0144806,255.7358704,
116.5041656,390.0566711,116.5144806,253.8375549,
117.0041656,388.2466125,117.0144806,260.4257202,
117.5041656,396.2955627,117.5144806,259.3063965,
118.0041656,400.9252014,118.0145416,260.5104675,
118.5041656,404.7664795,118.5144806,257.0957947,
119.0041656,410.1914063,119.0144806,255.916748,
119.5041656,414.9012756,119.5144806,260.4316711,
120.0041656,416.99823,120.0144806,258.3795166,
120.5041656,421.6938477,120.5144806,257.8414001,
121.0041656,426.0816956,121.0144806,257.6753235,
121.5041656,423.4013062,121.5144806,248.9161682,
122.0041656,432.1028137,122.0144806,256.6889954,
122.5041656,438.2193604,122.5144806,252.5331726,
123.0041656,433.5850525,123.0144806,248.4353485,
123.5041656,436.8956299,123.5144806,255.5955353,
124.0041656,440.8252563,124.0144806,253.6859741,
124.5041656,441.4707642,124.5144806,253.4131775,
125.0041656,437.2046204,125.0144806,250.8505859,
125.5041656,434.6491394,125.5144806,255.1452789,
126.0041656,438.5516663,126.0144806,256.884552,
126.5041656,432.8167419,126.5144806,247.3271484,
127.0041656,432.7061768,127.0144806,254.9505463,
127.5041656,430.2333984,127.5144806,258.8299561,
128.0041656,430.4690552,128.0144806,258.0300293,
128.5041656,422.1580505,128.5144806,254.6931763,
129.0041656,418.742157,129.0144806,252.4208984,
129.5041656,407.6737671,129.5144806,246.1888275,
130.0041656,412.7245483,130.0144806,254.5604706,
130.5041656,406.5299683,130.5144806,249.3831329,
131.0041656,399.6325073,131.0144806,252.09198,
131.5041656,398.7676086,131.5144958,247.2131805,
132.0041656,387.8329773,132.0144806,253.2554932,
132.5041656,399.0583801,132.5144806,252.1446075,
133.0041656,382.2122192,133.0145416,251.1856842,
133.5041656,382.0447998,133.5144806,249.7409363,
134.0041656,379.7162476,134.0144806,255.6283722,
134.5041656,381.3656006,134.5144806,249.0524445,
135.0041656,377.3150635,135.0144806,246.183075,
135.5041656,373.8249207,135.5145416,254.3963776,
136.0041656,371.9117737,136.0144806,242.9646301,
136.5041656,380.0236206,136.5144806,251.2807312,
137.0041656,373.6390381,137.0144806,247.0063934,
137.5041656,370.8659363,137.5144806,250.2536774,
138.0041656,373.2112122,138.0144806,249.3379669,
138.5041656,374.8762512,138.5144806,248.6964417,
139.0041656,373.6516113,139.0144806,248.0386047,
139.5041656,361.9016724,139.5144806,251.5355377,
140.0041656,371.4893494,140.0144806,248.254364,
140.5041656,364.9953308,140.5144806,252.3306274,
141.0041656,374.2779541,141.0144806,247.6451263,
141.5041656,368.2766724,141.5144806,247.5829163,
142.0041656,372.5119934,142.0144806,248.2600708,
142.5041656,367.6827698,142.5144806,247.427948,
143.0041656,365.3027649,143.0144806,248.2909546,
143.5041656,364.8539429,143.5144806,243.4235687,
144.0041656,364.1690063,144.0144806,247.5630188,
144.5041656,361.3297729,144.5144806,243.6040497,
145.0041656,360.66745,145.0144958,251.2270203,
145.5041656,364.4050293,145.5144806,244.3457642,
146.0041656,361.4979248,146.0144806,250.7046204,
146.5041656,367.5163269,146.5144806,252.8166199,
147.0041656,367.0150146,147.0144958,244.164093,
147.5041656,360.1563416,147.5144806,248.7464447,
148.0041656,360.0726624,148.0144806,243.6453857,
148.5041656,358.4960022,148.5144806,251.8311462,
149.0041656,365.7874756,149.0144806,249.7245026,
149.5041656,365.6566772,149.5144806,253.3500519,
150.0041656,364.5820923,150.0144806,243.233902,
150.5041656,370.776947,150.5144806,243.052063,
151.0041656,361.3813782,151.0144806,246.6651154,
151.5041656,361.5837097,151.5144806,250.0521545,
152.0041656,368.3943481,152.0144806,249.4452972,
152.5041656,363.2080078,152.5144806,247.3026123,
153.0041656,366.4785461,153.0144806,245.3237152,
153.5041656,354.491394,153.5144806,251.3617249,
154.0041656,362.622406,154.0144806,246.2133331,
154.5041656,352.2102051,154.5144806,249.3459015,
155.0041656,357.8627014,155.0144806,245.3167572,
155.5041656,344.5571899,155.5144806,252.1940155,
156.0041656,342.800354,156.0144806,248.6561737,
156.5041656,337.0996704,156.5144806,250.8708496,
157.0041656,336.730011,157.0144806,251.0381317,
157.5041656,330.8621826,157.5144806,251.5373535,
158.0041656,328.76828,158.0144806,248.0684967,
158.5041656,320.8268738,158.5144806,247.8092041,
159.0041656,317.9085083,159.0144806,244.8106689,
159.5041656,307.3843689,159.5144806,240.8732452,
160.0041656,304.4891357,160.0144806,247.687973,
160.5041656,297.2070923,160.5144806,247.6526489,
161.0041656,296.4941711,161.0144806,243.5198364,
161.5041656,291.1594849,161.5144806,247.3754272,
162.0041656,285.5022583,162.0144806,248.5038757,
162.5041656,269.5649109,162.5144806,243.2940979,
163.0041656,273.6523438,163.0144806,244.9385986,
163.5041656,271.1637268,163.5144806,243.2575989,
164.0041656,274.0191345,164.0144806,246.6496887,
164.5041656,279.5145264,164.5144806,244.0830688,
165.0041656,281.2026062,165.0144806,247.0119629,
165.5041656,286.1212769,165.5144806,245.5161285,
166.0041656,285.7056885,166.0144806,243.9631348,
166.5041656,299.368042,166.5144806,253.3613129,
167.0041656,302.9842224,167.0144806,249.5788879,
167.5041656,303.7797546,167.5144806,244.5355682,
168.0041656,305.5223389,168.0144806,243.1177521,
168.5041656,312.8114624,168.5144806,249.3066254,
169.0041656,313.1138611,169.0144806,248.9385529,
169.5041656,323.0671997,169.5144806,245.6303558,
170.0041656,326.8340759,170.0144806,247.2488708,
170.5041656,331.4170532,170.5144806,247.3317261,
171.0041656,334.1338196,171.0144806,246.9054718,
171.5041656,342.3809814,171.5144806,251.0055847,
172.0041656,346.3879089,172.0144806,246.5107117,
172.5041656,340.4242249,172.5144806,252.4947815,
173.0041656,347.2511597,173.0144806,242.3845062,
173.5041656,353.5725403,173.5144806,248.3803864,
174.0041656,355.0651855,174.0144806,244.7788849,
174.5041656,352.4909973,174.5144806,245.7473297,
175.0041656,361.8338623,175.0144806,250.7957458,
175.5041656,357.3299255,175.5144806,249.417984,
176.0041656,352.8452148,176.0144806,251.526062,
176.5041656,354.2146912,176.5144806,244.9599609,
177.0041656,359.0958557,177.0144806,245.1360321,
177.5041656,352.5622253,177.5144806,248.9777832,
178.0041656,353.0336304,178.0144806,246.7387543,
178.5041656,351.2241821,178.5144806,246.3068085,
179.0041656,344.6272278,179.0144806,244.3119507,
179.5041656,343.8423767,179.5145416,243.4644623,
180.0041656,336.2448425,180.0144806,246.5457611,
180.5041656,339.4545898,180.5144806,247.9655762,
181.0041656,331.5585938,181.0144806,242.2878418,
181.5041656,329.3826904,181.5144806,240.5841064,
182.0041656,323.7818909,182.0144806,240.4099884,
182.5041656,318.7042847,182.5144806,242.4563293,
183.0041656,319.4901733,183.0144806,236.8297882,
183.5041656,313.5363159,183.5144806,240.9939117,
184.0041656,315.9735413,184.0144806,236.7258759,
184.5041656,307.9710083,184.5144806,237.234436,
185.0041656,306.6536255,185.0144806,235.2235413,
185.5041656,301.9046021,185.5144806,229.1125946,
186.0041656,303.7036133,186.0144806,236.7057495,
186.5041656,301.6168213,186.5144806,231.6116791,
187.0041656,300.5493469,187.0144806,228.5850983,
187.5041656,288.6022339,187.5144806,234.9929962,
188.0041656,288.7725525,188.0144806,229.7859344,
188.5041656,294.3701172,188.5144806,230.9144745,
189.0041656,296.0906067,189.0144806,231.1276703,
189.5041656,291.199646,189.5144806,234.9244385,
190.0041656,289.180603,190.0144806,228.6134949,
190.5041656,289.0671082,190.5144806,230.9502106,
191.0041656,291.8834839,191.0144806,228.7105408,
191.5041656,282.7223206,191.5144806,229.7805328,
192.0041656,284.367157,192.0144806,229.8066254,
192.5041656,284.4550476,192.5144806,228.3462524,
193.0041656,287.2236938,193.0144806,227.736084,
193.5041656,284.76828,193.5144806,228.0647583,
194.0041656,290.3318787,194.0144806,237.3498383,
194.5041656,289.3251648,194.5144806,229.7360535,
195.0041656,289.3448792,195.0145416,228.5109558,
195.5041656,285.1170654,195.5144806,229.5417786,
196.0041656,286.2904053,196.0144806,232.092041,
196.5041656,285.0837708,196.5144806,230.0866547,
197.0041656,285.5937805,197.0144806,233.1655579,
197.5041656,286.4336548,197.5144806,227.0712585,
198.0041656,290.0986938,198.0145416,226.6073608,
198.5041656,287.1046448,198.5144806,229.1272125,
199.0041656,284.1165466,199.0144806,227.5717468,
199.5041656,285.0049438,199.5144806,228.9998016,
200.0041656,284.6977844,200.0144958,233.1077728,
200.5041656,287.6576843,200.5144806,229.1298981,
201.0041656,287.7828064,201.0144806,225.8585815,
201.5041656,287.607605,201.5144806,232.8192749,
202.0041656,281.7300415,202.0144806,230.7758636,
202.5041656,288.6074524,202.5144806,230.4207153,
203.0041656,284.6955261,203.0144806,224.3206482,
203.5041656,283.0796509,203.5144806,224.7228394,
204.0041656,283.8815918,204.0144806,229.2322083,
204.5041656,284.4620667,204.5144806,227.0473938,
205.0041656,282.0127563,205.0144806,223.9673309,
205.5041656,277.0618286,205.5144806,230.9787292,
206.0041656,267.2333374,206.0144806,227.6966705,
206.5041656,269.9788818,206.5144806,226.317215,
207.0041656,263.1240845,207.0144806,226.0852356,
207.5041656,258.5657959,207.5144806,225.4385834,
208.0041656,255.5177765,208.0144806,230.7559662,
208.5041656,250.9356384,208.5144806,224.9654999,
209.0041656,259.0418091,209.0144806,225.4788971,
209.5041656,244.1241302,209.5144806,221.282959,
210.0041656,249.9426117,210.0144806,222.4751587,
210.5041656,235.5548553,210.5144806,215.7624664,
211.0041656,238.8079529,211.0144806,217.0540619,
211.5041656,229.7164612,211.5144806,216.7228699,
212.0041656,224.4363556,212.0144806,220.2454681,
212.5041656,220.3533325,212.5144806,212.313446,
213.0041656,217.409317,213.0144806,218.9193878,
213.5041656,215.3296509,213.5144806,217.7667542,
214.0041656,214.5008087,214.0144806,210.8967438,
214.5041656,209.7094421,214.5145416,209.9480133,
215.0041656,212.3318329,215.0144806,211.0749207,
215.5041656,219.3559265,215.5144806,210.2710419,
216.0041656,211.8872375,216.0144806,211.8574371,
216.5041656,214.9668884,216.5144806,217.8768768,
217.0041656,219.0336914,217.0144806,212.1304626,
217.5041656,228.1204681,217.5144806,215.9994049,
218.0041656,228.838501,218.0144806,217.2527161,
218.5041656,234.4328156,218.5144806,217.2035065,
219.0041656,233.8841095,219.0144806,221.9648438,
219.5041656,243.0272064,219.5144806,220.7395325,
220.0041656,236.1284637,220.0144806,221.6084442,
220.5041656,248.1982269,220.5144806,222.4398041,
221.0041656,249.7566223,221.0144806,224.9721069,
221.5041656,252.312088,221.5144806,223.9199982,
222.0041656,258.0923157,222.0144806,223.8560333,
222.5041656,264.8760681,222.5144806,221.6318512,
223.0041656,262.3555298,223.0144806,226.0247192,
223.5041656,270.8981934,223.5144806,224.9698486,
224.0041656,270.2564087,224.0144806,225.4809418,
224.5041656,277.6483154,224.5144806,222.8325653,
225.0041656,277.1417236,225.0144806,222.3371887,
225.5041656,274.3919373,225.5144806,226.9250641,
226.0041656,277.4953003,226.0144806,225.3967896,
226.5041656,279.1958008,226.5144806,224.0533295,
227.0041656,278.4414063,227.0145416,230.5117188,
227.5041656,274.7973328,227.5144806,226.1673584,
228.0041656,279.1918945,228.0144806,216.9864655,
228.5041656,274.2063293,228.5144806,224.8372345,
229.0041656,275.6981812,229.0144806,219.3519745,
229.5041656,274.4769897,229.5144806,232.4871521,
230.0041656,268.0880432,230.0144806,220.7676392,
230.5041656,265.1554565,230.5144806,224.6325073,
231.0041656,267.8352356,231.0144806,218.6608734,
231.5041656,260.5279541,231.5144806,216.8457489,
232.0041656,253.6788635,232.0144806,217.4105072,
232.5041656,248.1444702,232.5144806,216.6857758,
233.0041656,253.9228516,233.0144806,215.2202911,
233.5041656,254.6757507,233.5144806,215.2309723,
234.0041656,245.3562775,234.0144806,209.8783569,
234.5041656,240.7136383,234.5144806,211.9966431,
235.0041656,238.9909058,235.0144806,206.7743683,
235.5041656,238.5737915,235.5144806,206.7639313,
236.0041656,233.3098145,236.0144806,206.8197479,
236.5041656,228.2047577,236.5144806,202.0434418,
237.0041656,229.9678802,237.0144806,204.2355804,
237.5041656,233.0318146,237.5144806,200.9405975,
238.0041656,230.3073883,238.0144806,201.8612213,
238.5041656,226.305603,238.5144806,202.4302063,
239.0041656,226.5123291,239.0144806,195.818512,
239.5041656,220.947052,239.5144806,201.1091309,
240.0041656,224.817337,240.0144806,199.1707458,
240.5041656,221.932312,240.5144806,201.1042786,
241.0041656,223.0447388,241.0144806,199.2383423,
241.5041656,220.7210541,241.5144806,197.8427887,
242.0041656,221.243576,242.0144806,200.2318726,
242.5041656,222.2717285,242.5144806,198.2816772,
243.0041656,218.9189453,243.0144806,199.8075256,
243.5041656,220.4153748,243.5144806,199.4889679,
244.0041656,227.7533264,244.0144806,203.1626282,
244.5041656,222.8688049,244.5144806,196.895813,
245.0041656,217.4512939,245.0145416,205.0466309,
245.5041656,220.6140137,245.5144806,198.6738739,
246.0041656,218.7742767,246.0144806,197.5599823,
246.5041656,219.7746582,246.5144806,196.2375641,
247.0041656,215.912384,247.0144806,194.0576782,
247.5041656,217.7557983,247.5144806,195.2238617,
248.0041656,220.0007324,248.0144806,195.0910797,
248.5041656,214.8925171,248.5144806,195.9905853,
249.0041656,212.8210144,249.0144806,197.2902222,
249.5041656,220.2713928,249.5144806,199.9461365,
250.0041656,216.6583252,250.0144806,196.7854614,
250.5041656,218.8104248,250.5144806,197.2793274,
251.0041656,214.3225861,251.0144806,197.2799988,
251.5041656,220.9317932,251.5144806,199.7710876,
252.0041656,219.3597107,252.0144806,195.5128632,
252.5041656,222.5389404,252.5144806,199.3069916,
253.0041656,215.0238037,253.0144806,198.7955475,
253.5041656,213.9418182,253.5144806,200.7090607,
254.0041656,214.0811615,254.0144806,199.1764984,
254.5041656,211.9207611,254.5144806,199.9653473,
255.0041656,216.5722504,255.0144806,193.7017365,
255.5041656,211.0457001,255.5144806,195.6883087,
256.0041809,215.0053864,256.0144958,190.2631226,
256.5041809,209.1484985,256.5144958,188.8867035,
257.0041809,206.1782684,257.0144958,191.4400482,
257.5041809,207.608017,257.5144958,189.768631,
258.0041809,199.0049744,258.0145264,191.2258301,
258.5041809,196.8894196,258.5144958,188.8786926,
259.0041809,200.6610565,259.0144958,184.8343048,
259.5041809,193.2450256,259.5144958,188.9766541,
260.0041809,186.6734467,260.0144958,189.756073,
260.5041809,183.6931152,260.5144958,191.4215851,
261.0041809,180.7931824,261.0144958,183.463562,
261.5041809,180.3132477,261.5144958,184.4614716,
262.0041809,174.7758179,262.0144958,185.1565094,
262.5041809,171.7659607,262.5144958,178.6677246,
263.0041809,172.947403,263.0144958,184.7005768,
263.5041809,167.9254913,263.5144958,177.8235168,
264.0041809,167.0713348,264.0145264,179.1838379,
264.5041809,162.4834747,264.5144958,179.7225952,
265.0041809,162.1749268,265.0144958,180.2131042,
265.5041809,157.9769745,265.5144958,176.6110077,
266.0041809,161.3025513,266.0144958,177.7042084,
266.5041809,163.0515594,266.5144958,176.2637634,
267.0041809,164.5252686,267.0144958,176.2391205,
267.5041809,171.1967773,267.5144958,177.1412201,
268.0041809,168.8109741,268.0144958,173.2971497,
268.5041809,172.5791016,268.5144958,177.560379,
269.0041809,170.160553,269.0144958,179.3384094,
269.5041809,175.8488159,269.5144958,182.0478363,
270.0041809,183.1568604,270.0144958,181.0855255,
270.5041809,185.3051758,270.5144958,183.4731903,
271.0041809,182.418808,271.0144958,185.5194092,
271.5041809,184.0474243,271.5144958,181.845047,
272.0041809,196.4376678,272.0144958,186.4829712,
272.5041809,192.6896973,272.5144958,188.2274933,
273.0041809,192.3478088,273.0144958,189.0883789,
273.5041809,197.6717224,273.5144958,188.2502136,
274.0041809,196.7008514,274.0144958,193.316864,
274.5041809,203.2812042,274.5144958,189.3450317,
275.0041809,201.4710083,275.0144958,189.5606079,
275.5041809,207.169693,275.5144958,195.3251495,
276.0041809,207.5622711,276.0144958,191.2412262,
276.5041809,212.2334137,276.5144958,191.2121429,
277.0041809,211.5384674,277.0144958,196.6455841,
277.5041809,209.7020721,277.5144958,193.4357758,
278.0041809,207.7690735,278.0144958,192.197113,
278.5041809,210.6056519,278.5144958,191.7994995,
279.0041809,203.4768677,279.0144958,192.6892242,
279.5041809,201.9437561,279.5144958,187.6363983,
280.0041809,210.2449799,280.0144958,190.7161407,
280.5041809,202.4845581,280.5144958,185.8307037,
281.0041809,207.6533966,281.0144958,189.0214539,
281.5041809,199.2560272,281.5144958,186.9287262,
282.0041809,198.4006805,282.0144958,184.4547119,
282.5041809,198.5114441,282.5144958,186.1937714,
283.0041809,195.3221893,283.0144958,183.8873901,
283.5041809,198.8969727,283.5144958,182.0911255,
284.0041809,193.6082611,284.0144958,180.5883331,
284.5041809,189.7687836,284.5144958,180.0108643,
285.0041809,185.5346222,285.0144958,177.5868225,
285.5041809,187.7556,285.5144958,177.9521484,
286.0041809,180.0504761,286.0144958,167.4060974,
286.5041809,183.4403229,286.5144958,172.9971161,
287.0041809,181.0484619,287.0144958,165.844635,
287.5041809,175.4398804,287.5144958,168.824295,
288.0041809,181.745163,288.0144958,170.0507202,
288.5041809,174.0664063,288.5145569,169.5606537,
289.0041809,172.4390106,289.0145569,168.4438324,
289.5041809,172.8676147,289.5144958,165.9058838,
290.0041809,171.9920349,290.0144958,167.8412781,
290.5041809,174.6434021,290.5144958,168.3895874,
291.0041809,175.4147949,291.0144958,168.3161011,
291.5041809,167.8529816,291.5144958,165.2695313,
292.0041809,169.5232086,292.0144958,167.1569061,
292.5041809,172.5857849,292.5144958,165.2263947,
293.0041809,174.8010559,293.0144958,165.2745056,
293.5041809,170.7697449,293.5144958,163.3036346,
294.0041809,173.6330872,294.0144958,165.5760498,
294.5041809,166.5044861,294.5144958,163.3880768,
295.0041809,167.9857635,295.0144958,163.8840637,
295.5041809,168.085495,295.5144958,169.7897949,
296.0041809,169.9480438,296.0144958,161.3523102,
296.5041809,172.3621674,296.5144958,159.640686,
297.0041809,170.6821442,297.0144958,161.6818542,
297.5041809,171.8527985,297.5144958,166.1748047,
298.0041809,169.3262177,298.0144958,163.3796539,
298.5041809,167.6334229,298.5144958,161.1425171,
299.0041809,170.5352936,299.0144958,163.6880646,
299.5041809,171.5099182,299.5144958,161.440979,
300.0041809,172.9494324,300.0144958,164.8989105,
300.5041809,167.9147797,300.5144958,160.914856,
301.0041809,166.5487366,301.0144958,163.4542542,
301.5041809,171.7053833,301.5144958,158.2930603,
302.0041809,165.327713,302.0144958,164.9519043,
302.5041809,165.831543,302.5144958,165.219223,
303.0041809,166.8613434,303.0145569,163.4030151,
303.5041809,168.7271423,303.5144958,162.717804,
304.0041809,167.2316895,304.0144958,162.184433,
304.5041809,165.5063019,304.5144958,157.874115,
305.0041809,166.30867,305.0144958,165.5588226,
305.5041809,169.0231628,305.5144958,165.6252747,
306.0041809,164.4101715,306.0144958,165.5719147,
306.5041809,161.0455322,306.5144958,164.3266754,
307.0041809,166.5897064,307.0144958,161.5869598,
307.5041809,158.6448059,307.5144958,157.6271362,
308.0041809,159.6667328,308.0144958,157.8488617,
308.5041809,156.8455048,308.5144958,156.9403381,
309.0041809,157.2462921,309.0144958,155.7397461,
309.5041809,153.2034454,309.5144958,155.0635681,
310.0041809,151.2893372,310.0144958,158.419281,
310.5041809,148.7641754,310.5144958,153.1845245,
311.0041809,148.7446899,311.0144958,153.8329163,
311.5041809,143.8173065,311.5144958,155.0514526,
312.0041809,140.6049652,312.0144958,148.643158,
312.5041809,137.5746002,312.5144958,144.8265686,
313.0041809,137.9250946,313.0144958,153.2236176,
313.5041809,135.9829559,313.5144958,149.7545624,
314.0041809,136.2949982,314.0144958,145.326889,
314.5041809,131.3007965,314.5144958,149.402832,
315.0041809,131.1409454,315.0144958,147.7026825,
315.5041809,127.2522507,315.5144958,146.116745,
316.0041809,126.4214783,316.0144958,142.4564056,
316.5041809,127.5137253,316.5144958,143.6820068,
317.0041809,126.791687,317.0144958,147.1626282,
317.5041809,130.3379669,317.5144958,141.2106323,
318.0041809,130.9742737,318.0144958,145.6634064,
318.5041809,130.0270386,318.5144958,146.7224274,
319.0041809,139.0303192,319.0144958,147.5280762,
319.5041809,135.4968872,319.5144958,147.994812,
320.0041809,138.7061005,320.0144958,145.9229584,
320.5041809,138.389801,320.5145569,147.5307922,
321.0041809,134.6323395,321.0144958,145.2659607,
321.5041809,142.238205,321.5144958,149.653717,
322.0041809,142.6158142,322.0144958,148.272583,
322.5041809,145.3558655,322.5144958,151.6654053,
323.0041809,145.4128571,323.0144958,151.3101501,
323.5041809,151.6957855,323.5144958,153.9467621,
324.0041809,152.3918304,324.0144958,151.3635712,
324.5041809,153.0438843,324.5144958,155.9045563,
325.0041809,159.8432922,325.0144958,156.5837097,
325.5041809,158.5824127,325.5144958,157.5523224,
326.0041809,158.8827515,326.0144958,158.1286774,
326.5041809,162.3751068,326.5144958,158.5050964,
327.0041809,166.8676758,327.0144958,162.0743866,
327.5041809,162.1605225,327.5144958,160.4308014,
328.0041809,163.2333069,328.0144958,160.7081146,
328.5041809,163.6858215,328.5144958,161.1141205,
329.0041809,163.6673126,329.0144958,164.6929779,
329.5041809,161.6971741,329.5144958,161.3856201,
330.0041809,164.0787201,330.0144958,165.2297211,
330.5041809,162.5212555,330.5144958,160.6817322,
331.0041809,159.6056061,331.0144958,156.9860077,
331.5041809,162.3696442,331.5144958,155.0473633,
332.0041809,158.0602417,332.0144958,156.8871765,
332.5041809,157.3747864,332.5144958,157.1225891,
333.0041809,155.1667175,333.0144958,154.4137573,
333.5041809,156.6681366,333.5144958,153.1530457,
334.0041809,152.2687531,334.0144958,154.0706024,
334.5041809,149.1368103,334.5144958,149.5552673,
335.0041809,146.8092651,335.0144958,150.8366699,
335.5041809,147.9283447,335.5144958,142.3746948,
336.0041809,149.7362671,336.0144958,146.1869965,
336.5041809,147.0339203,336.5144958,143.8018188,
337.0041809,147.4377136,337.0144958,145.2413788,
337.5041809,144.3448181,337.5144958,142.6059265,
338.0041809,139.8732758,338.0144958,140.729187,
338.5041809,145.6582642,338.5145569,144.4048767,
339.0041809,136.3134003,339.0144958,137.8747864,
339.5041809,138.1054688,339.5144958,141.0728302,
340.0041809,138.3679352,340.0144958,141.688736,
340.5041809,139.530838,340.5144958,138.5358582,
341.0041809,141.0829773,341.0144958,139.0228577,
341.5041809,136.702652,341.5144958,138.9628143,
342.0041809,138.1579742,342.0144958,138.6611938,
342.5041809,138.1799927,342.5144958,135.8856659,
343.0041809,135.9832611,343.0144958,140.0124207,
343.5041809,134.3116455,343.5144958,137.8483887,
344.0041809,135.9708557,344.0144958,137.1027832,
344.5041809,133.733017,344.5144958,137.9105225,
345.0041809,132.2510071,345.0144958,141.6304779,
345.5041809,137.7850952,345.5144958,134.6839447,
346.0041809,132.8001251,346.0144958,138.008606,
346.5041809,135.9616394,346.5144958,135.5659943,
347.0041809,137.0940094,347.0144958,134.1507416,
347.5041809,134.926239,347.5144958,136.6847534,
348.0041809,135.7597046,348.0144958,134.6874695,
348.5041809,133.0743713,348.5144958,139.0719604,
349.0041809,135.0520325,349.0144958,133.1595917,
349.5041809,132.6339417,349.5144958,136.8147125,
350.0041809,136.0295868,350.0144958,134.0494537,
350.5041809,139.9963074,350.5144958,134.1086578,
351.0041809,133.6160278,351.0144958,135.8556671,
351.5041809,133.7567749,351.5144958,135.9494019,
352.0041809,135.787262,352.0144958,133.3084869,
352.5041809,133.8739166,352.5144958,136.3403168,
353.0041809,135.0869446,353.0144958,130.4824066,
353.5041809,139.8041992,353.5144958,135.3729553,
354.0041809,135.4700928,354.0144958,134.654541,
354.5041809,136.6378174,354.5144958,139.9799194,
355.0041809,133.7126923,355.0144958,134.6744385,
355.5041809,137.9395294,355.5144958,136.9008026,
356.0041809,134.8138885,356.0144958,133.160202,
356.5041809,129.7275848,356.5144958,134.9320831,
357.0041809,131.6657104,357.0144958,135.6027679,
357.5041809,131.4172821,357.5144958,134.3458862,
358.0041809,131.5225983,358.0144958,131.8978119,
358.5041809,126.7716599,358.5144958,134.3765564,
359.0041809,131.1283875,359.0144958,133.348114,
359.5041809,124.9478607,359.5144958,132.0662842,
360.0041809,125.1337357,360.0144958,130.508194,
360.5041809,126.8648376,360.5144958,131.6701813,
361.0041809,123.7864609,361.0144958,127.3614044,
361.5041809,117.2057571,361.5144958,128.7267609,
362.0041809,118.8570328,362.0144958,129.4967651,
362.5041809,118.3582001,362.5144958,127.2921982,
363.0041809,115.5172806,363.0144958,123.3827133,
363.5041809,115.5215149,363.5144958,125.2478943,
364.0041809,112.1484985,364.0144958,122.6274261,
364.5041809,108.5629425,364.5144958,123.9118805,
365.0041809,114.3837204,365.0144958,120.8898239,
365.5041809,111.3953018,365.5145569,122.8396454,
366.0041809,108.567009,366.0144958,120.6289978,
366.5041809,104.0858154,366.5144958,123.5445633,
367.0041809,107.1424179,367.0144958,123.8175201,
367.5041809,106.7324753,367.5144958,118.460228,
368.0041809,104.0841751,368.0144958,114.8697128,
368.5041809,106.8010101,368.5144958,124.5342026,
369.0041809,112.978775,369.0144958,120.8239594,
369.5041809,107.1710892,369.5144958,120.6031418,
370.0041809,107.9430542,370.0144958,123.2026749,
370.5041809,112.450882,370.5144958,126.595047,
371.0041809,115.3974533,371.0144958,123.0944595,
371.5041809,116.9656601,371.5144958,125.6907272,
372.0041809,112.8501511,372.0144958,128.9887848,
372.5041809,117.7023621,372.5144958,128.5732117,
373.0041809,117.9383926,373.0144958,124.4691162,
373.5041809,121.9071655,373.5144958,129.1362915,
374.0041809,123.3566818,374.0144958,122.6579361,
374.5041809,125.1708984,374.5144958,129.9873505,
375.0041809,127.6880035,375.0144958,131.2462463,
375.5041809,129.5826111,375.5144958,136.3376465,
376.0041809,130.152298,376.0144958,130.1227875,
376.5041809,131.0997925,376.5144958,134.2342072,
377.0041809,127.8355103,377.0144958,132.5671997,
377.5041809,136.5405426,377.5144958,133.1573639,
378.0041809,135.3991852,378.0144958,133.1242981,
378.5041809,134.0993347,378.5144958,136.6177826,
379.0041809,133.6957397,379.0144958,136.4550323,
379.5041809,134.0657959,379.5144958,134.5949249,
380.0041809,135.18573,380.0144958,138.0302887,
380.5041809,138.2216644,380.5145569,133.7956848,
381.0041809,135.3239899,381.0144958,132.6912842,
381.5041809,130.8769836,381.5144958,132.4894867,
382.0041809,137.7119141,382.0144958,134.5223541,
382.5041809,136.7684937,382.5145569,133.8428345,
383.0041809,131.7612457,383.0144958,132.3195953,
383.5041809,130.836731,383.5145569,133.4140625,
384.0041809,129.0417633,384.0144958,130.3575134,
384.5041809,128.5153961,384.5144958,131.5175171,
385.0041809,124.6009521,385.0144958,126.8945923,
385.5041809,127.9996033,385.5144958,129.7084045,
386.0041809,128.8585815,386.0144958,126.9205933,
386.5041809,125.7497635,386.5144958,121.009346,
387.0041809,125.7300491,387.0144958,122.500473,
387.5041809,121.8184738,387.5144958,123.5741882,
388.0041809,123.8992996,388.0144958,123.4552536,
388.5041809,121.3055344,388.5144958,122.4667282,
389.0041809,121.7816391,389.0144958,118.3863754,
389.5041809,119.0482101,389.5144958,119.4744644,
390.0041809,121.2981262,390.0144958,121.7819214,
390.5041809,117.0556641,390.5144958,115.7154922,
391.0041809,116.9726181,391.0144958,115.8450241,
391.5041809,112.5433273,391.5144958,117.0577774,
392.0041809,116.0777206,392.0144958,116.3847122,
392.5041809,115.8404922,392.5144958,119.4633255,
393.0041809,115.482872,393.0144958,112.9026184,
393.5041809,113.5460358,393.5144958,111.1443863,
394.0041809,116.3642197,394.0144958,114.6897888,
394.5041809,113.5094452,394.5144958,115.9382477,
395.0041809,111.1248856,395.0144958,114.655159,
395.5041809,113.0171432,395.5144958,115.0443573,
396.0041809,111.5664291,396.0144958,111.5863342,
396.5041809,114.0502167,396.5144958,112.2124939,
397.0041809,116.5288315,397.0144958,110.9945908,
397.5041809,114.8502808,397.5144958,114.4169235,
398.0041809,113.3296967,398.0144958,108.6073074,
398.5041809,115.4055939,398.5144958,111.0873947,
399.0041809,112.4777756,399.0144958,114.9520187,
399.5041809,115.081871,399.5144958,117.7397766,
400.0041809,111.7094269,400.0144958,114.3867874,
400.5041809,110.7684021,400.5144958,112.8010178,
401.0041809,109.7788086,401.0145569,114.9819641,
401.5041809,112.3892288,401.5144958,114.6627884,
402.0041809,112.79245,402.0144958,112.510643,
402.5041809,115.4626465,402.5144958,114.4616318,
403.0041809,109.8005981,403.0144958,112.9645157,
403.5041809,111.7323914,403.5144958,113.8229828,
404.0041809,108.6449051,404.0144958,113.1153412,
404.5041809,111.4814224,404.5144958,113.0973434,
405.0041809,112.3984222,405.0144958,111.7796326,
405.5041809,109.621582,405.5144958,114.0525742,
406.0041809,112.6677322,406.0144958,113.7757568,
406.5041809,113.1696396,406.5144958,109.8464432,
407.0041809,109.6174469,407.0144958,110.6801376,
407.5041809,110.8109131,407.5144958,110.9557724,
408.0041809,109.822319,408.0144958,112.5446625,
408.5041809,111.7767181,408.5144958,108.1207733,
409.0041809,110.3256531,409.0144958,112.787056,
409.5041809,107.7700806,409.5144958,110.563942,
410.0041809,107.1194839,410.0144958,110.6945114,
410.5041809,105.2891846,410.5144958,111.0528793,
411.0041809,105.3218231,411.0144958,116.3862228,
411.5041809,107.0618134,411.5144958,110.8290634,
412.0041809,106.5745163,412.0145569,110.1781845,
412.5041809,103.7554474,412.5144958,108.3200378,
413.0041809,99.85884857,413.0144958,109.3909683,
413.5041809,97.55583191,413.5145569,106.110733,
414.0041809,103.0331345,414.0144958,105.7644196,
414.5041809,96.30945587,414.5144958,102.8805542,
415.0041809,94.6078186,415.0144958,102.1674576,
415.5041809,95.0313797,415.5144958,105.3576431,
416.0041809,93.12743378,416.0144958,103.3933945,
416.5041809,92.88368988,416.5144958,102.2001801,
417.0041809,91.37598419,417.0144958,102.8353119,
417.5041809,89.34872437,417.5144958,103.562767,
418.0041809,89.6596756,418.0144958,101.0449905,
418.5041809,90.25634766,418.5144958,103.7423782,
419.0041809,91.14930725,419.0144958,99.94372559,
419.5041809,88.28121185,419.5144958,104.2266006,
420.0041809,92.42597961,420.0144958,100.288826,
420.5041809,96.4306488,420.5144958,104.4082336,
421.0041809,91.81713867,421.0144958,99.61714935,
421.5041809,98.11946106,421.5144958,102.1954803,
422.0041809,94.9656601,422.0144958,105.7307129,
422.5041809,98.77169037,422.5144958,105.286232,
423.0041809,99.5711441,423.0144958,106.0668945,
423.5041809,96.58202362,423.5144958,104.3427353,
424.0041809,99.0694046,424.0144958,104.9476547,
424.5041809,103.5149765,424.5144958,104.8817978,
425.0041809,100.8313293,425.0144958,105.6322861,
425.5041809,103.664917,425.5144958,107.065979,
426.0041809,103.7803268,426.0144958,110.5773468,
426.5041809,107.0386581,426.5144958,106.6664963,
427.0041809,108.0555725,427.0144958,110.6108627,
427.5041809,111.2830582,427.5145569,110.0917435,
428.0041809,107.4830627,428.0144958,112.0163727,
428.5041809,113.0600433,428.5144958,117.2260437,
429.0041809,110.0257187,429.0145569,113.0180054,
429.5041809,95.58343506,429.5144958,109.7588806,
430.0041809,92.86291504,430.0145569,102.7074966,
430.5041809,91.38173676,430.5144958,102.567337,
431.0041809,90.34767151,431.0144958,99.80425262,
431.5041809,89.87756348,431.5144958,100.5794144,
432.0041809,89.47933197,432.0144958,101.7636108,
432.5041809,91.13515472,432.5144958,101.0604706,
433.0041809,89.79825592,433.0144958,100.1673279,
433.5041809,91.09770203,433.5144958,100.8541183,
434.0041809,91.8513031,434.0144958,103.347374,
434.5041809,97.80123901,434.5144958,105.8410263,
435.0041809,96.33272552,435.0144958,107.2223892,
435.5041809,92.28398895,435.5144958,105.1236115,
436.0041809,94.26818085,436.0144958,103.2169266,
436.5041809,93.97896576,436.5144958,108.8009796,
437.0041809,100.6844788,437.0144958,109.8474884,
437.5041809,96.86108398,437.5144958,111.2283554,
438.0041809,99.96044159,438.0144958,110.5576324,
438.5041809,104.267746,438.5144958,114.8294678,
439.0041809,99.78180695,439.0144958,117.7827072,
439.5041809,103.3922882,439.5144958,115.2376938,
440.0041809,103.6909409,440.0144958,117.550087,
440.5041809,106.8967667,440.5144958,118.5574875,
441.0041809,105.8605576,441.0144958,120.658226,
441.5041809,109.7709808,441.5144958,123.0835876,
442.0041809,108.608345,442.0144958,122.6802902,
442.5041809,109.103981,442.5144958,123.2407684,
443.0041809,112.9363708,443.0144958,129.0722351,
443.5041809,114.0031738,443.5144958,126.6483536,
444.0041809,115.9183121,444.0144958,130.7318268,
444.5041809,112.0280228,444.5144958,132.4035492,
445.0041809,122.7852783,445.0144958,132.7050934,
445.5041809,121.7606888,445.5144958,131.9494629,
446.0041809,119.7127457,446.0144958,139.3356476,
446.5041809,125.9393082,446.5144958,139.3946991,
447.0041809,127.3515244,447.0145569,141.4958038,
447.5041809,124.9969101,447.5144958,141.671814,
448.0041809,126.2065735,448.0144958,143.0184631,
448.5041809,128.2906494,448.5144958,148.6452026,
449.0041809,131.2612305,449.0144958,146.212326,
449.5041809,130.0830994,449.5144958,147.2713928,
450.0041809,133.2094116,450.0144958,146.5150299,

1bar_Ex340_Em440,
1bar_Ex340_Em440
Collection Time: 6/26/2025 1:35:25 PM
Operator Name  :
Kinetics Software Version: 1.2(146)
Parameter List :
Report Time: Thu 26 Jun 01:35:25 PM 2025
Batch: C:\Users\BudinLabCary\Desktop\hpcell\1bar_pressureYeast_06262025\1bar_06262025.FBKN
Software version: 1.2(146)
Operator:
Instrument Parameters
Instrument                        Cary Eclipse
Instrument Serial Number          MY15240001
Data mode                         Fluorescence
Ex. wavelengths (nm)              340.0000 ; 340.0000
Em. wavelengths (nm)              440.0000 ; 490.0000
Ex. Slit (nm)                     2.5
Em. Slit (nm)                     5
Averaging Time (s)                0.5000
Cycle time(min)                   0.5000
Stop time(min)                    450.0000
Emission filter                   Open
Excitation Filter                 Auto
PMT voltage (V)                   High
Comments:
Method Log     :
Method Name    : C:\Users\BudinLabCary\Desktop\hpcell\1bar_pressureYeast_06262025\1bar_06262025.FBKN
Date/Time stamp: 6/26/2025 1:35:22 PM
Method Modifications:
Wellplate Overlay Mode Changed: 5/9/2025 2:31:48 PM, Old:Individual, New:Choice 1
Wellplate Overlay Mode Changed: 5/9/2025 2:31:48 PM, Old:Overlay all, New:Choice 2
Wellplate Overlay Mode Changed: 5/9/2025 2:31:48 PM, Old:Overlay rows, New:Choice 3
Wellplate Overlay Mode Changed: 5/9/2025 2:31:48 PM, Old:Overlay columns, New:Choice 4
Wellplate Overlay Mode Changed: 5/9/2025 2:31:48 PM, Old:User defined, New:Overlay columns
PMT Volts Changed: 5/9/2025 3:02:43 PM, Old:600, New:800
Autoconvert Changed: 5/9/2025 3:02:43 PM, Old:None, New:Ascii with Log
Multiwavelength Changed: 5/9/2025 3:02:43 PM, Old:OFF, New:ON
Excitation Wavelengths 1 Changed: 5/9/2025 3:02:43 PM, Old:   350.0000, New:   340.0000
Emission Wavelengths 1 Changed: 5/9/2025 3:02:43 PM, Old:   450.0000, New:   440.0000
Excitation Wavelengths 2 Changed: 5/9/2025 3:02:43 PM, Old:   360.0000, New:   340.0000
Emission Wavelengths 2 Changed: 5/9/2025 3:02:43 PM, Old:   460.0000, New:   490.0000
Excitation Wavelength Changed: 5/9/2025 3:02:43 PM, Old: 400.00, New: 340.00
Emission Wavelength Changed: 5/9/2025 3:02:43 PM, Old: 600.00, New: 440.00
Cycle Time 1 Changed: 5/9/2025 3:02:43 PM, Old: 0.0000, New: 1.0000
Stop Time 1 Changed: 5/9/2025 3:02:43 PM, Old: 1.0000, New:360.0000
Emission PMT (V): Changed: 5/9/2025 3:02:43 PM, Old: 600, New: 800
Overlayed Graphs Changed: 5/9/2025 6:27:43 PM, Old:OFF, New:ON
Ave. time (s): Changed: 5/9/2025 6:30:09 PM, Old:0.10000, New:0.50000
Cycle Time 1 Changed: 5/9/2025 6:30:09 PM, Old: 1.0000, New: 0.5000
Ex. Slit Width (nm): Changed: 5/9/2025 6:59:26 PM, Old:5, New:2.5
PMT Volts Changed: 5/10/2025 2:27:31 PM, Old:800, New:850
Emission PMT (V): Changed: 5/10/2025 2:27:31 PM, Old: 800, New: 850
PMT Volts Changed: 5/12/2025 10:51:27 AM, Old:850, New:780
Emission PMT (V): Changed: 5/12/2025 10:51:27 AM, Old: 850, New: 780
PMT Volts Changed: 5/12/2025 8:32:39 PM, Old:780, New:800
Emission PMT (V): Changed: 5/12/2025 8:32:39 PM, Old: 780, New: 800
Current Method Changed: 5/14/2025 11:36:46 AM, Old:C:\Users\BudinLabCary\Desktop\hpcell\SOPE-DAG_20250513\kinetic1.FBKN, New:C:\USERS\BUDINLABCARY\DESKTOP\HPCELL\SOPE-DAG_20250513\KINETIC1.FBKN
PMT Volts Changed: 5/14/2025 12:00:37 PM, Old:800, New:780
Emission PMT (V): Changed: 5/14/2025 12:00:37 PM, Old: 800, New: 780
PMT Volts Changed: 5/14/2025 7:08:34 PM, Old:780, New:800
Stop Time 1 Changed: 5/14/2025 7:08:34 PM, Old:360.0000, New:450.0000
Emission PMT (V): Changed: 5/14/2025 7:08:34 PM, Old: 780, New: 800
End Method Modifications

1bar_Ex340_Em490,
1bar_Ex340_Em490
Collection Time: 6/26/2025 1:35:25 PM
Operator Name  :
Kinetics Software Version: 1.2(146)
Parameter List :
Report Time: Thu 26 Jun 01:35:25 PM 2025
Batch: C:\Users\BudinLabCary\Desktop\hpcell\1bar_pressureYeast_06262025\1bar_06262025.FBKN
Software version: 1.2(146)
Operator:
Instrument Parameters
Instrument                        Cary Eclipse
Instrument Serial Number          MY15240001
Data mode                         Fluorescence
Ex. wavelengths (nm)              340.0000 ; 340.0000
Em. wavelengths (nm)              440.0000 ; 490.0000
Ex. Slit (nm)                     2.5
Em. Slit (nm)                     5
Averaging Time (s)                0.5000
Cycle time(min)                   0.5000
Stop time(min)                    450.0000
Emission filter                   Open
Excitation Filter                 Auto
PMT voltage (V)                   High
Comments:
Method Log     :
Method Name    : C:\Users\BudinLabCary\Desktop\hpcell\1bar_pressureYeast_06262025\1bar_06262025.FBKN
Date/Time stamp: 6/26/2025 1:35:22 PM
Method Modifications:
Wellplate Overlay Mode Changed: 5/9/2025 2:31:48 PM, Old:Individual, New:Choice 1
Wellplate Overlay Mode Changed: 5/9/2025 2:31:48 PM, Old:Overlay all, New:Choice 2
Wellplate Overlay Mode Changed: 5/9/2025 2:31:48 PM, Old:Overlay rows, New:Choice 3
Wellplate Overlay Mode Changed: 5/9/2025 2:31:48 PM, Old:Overlay columns, New:Choice 4
Wellplate Overlay Mode Changed: 5/9/2025 2:31:48 PM, Old:User defined, New:Overlay columns
PMT Volts Changed: 5/9/2025 3:02:43 PM, Old:600, New:800
Autoconvert Changed: 5/9/2025 3:02:43 PM, Old:None, New:Ascii with Log
Multiwavelength Changed: 5/9/2025 3:02:43 PM, Old:OFF, New:ON
Excitation Wavelengths 1 Changed: 5/9/2025 3:02:43 PM, Old:   350.0000, New:   340.0000
Emission Wavelengths 1 Changed: 5/9/2025 3:02:43 PM, Old:   450.0000, New:   440.0000
Excitation Wavelengths 2 Changed: 5/9/2025 3:02:43 PM, Old:   360.0000, New:   340.0000
Emission Wavelengths 2 Changed: 5/9/2025 3:02:43 PM, Old:   460.0000, New:   490.0000
Excitation Wavelength Changed: 5/9/2025 3:02:43 PM, Old: 400.00, New: 340.00
Emission Wavelength Changed: 5/9/2025 3:02:43 PM, Old: 600.00, New: 440.00
Cycle Time 1 Changed: 5/9/2025 3:02:43 PM, Old: 0.0000, New: 1.0000
Stop Time 1 Changed: 5/9/2025 3:02:43 PM, Old: 1.0000, New:360.0000
Emission PMT (V): Changed: 5/9/2025 3:02:43 PM, Old: 600, New: 800
Overlayed Graphs Changed: 5/9/2025 6:27:43 PM, Old:OFF, New:ON
Ave. time (s): Changed: 5/9/2025 6:30:09 PM, Old:0.10000, New:0.50000
Cycle Time 1 Changed: 5/9/2025 6:30:09 PM, Old: 1.0000, New: 0.5000
Ex. Slit Width (nm): Changed: 5/9/2025 6:59:26 PM, Old:5, New:2.5
PMT Volts Changed: 5/10/2025 2:27:31 PM, Old:800, New:850
Emission PMT (V): Changed: 5/10/2025 2:27:31 PM, Old: 800, New: 850
PMT Volts Changed: 5/12/2025 10:51:27 AM, Old:850, New:780
Emission PMT (V): Changed: 5/12/2025 10:51:27 AM, Old: 850, New: 780
PMT Volts Changed: 5/12/2025 8:32:39 PM, Old:780, New:800
Emission PMT (V): Changed: 5/12/2025 8:32:39 PM, Old: 780, New: 800
Current Method Changed: 5/14/2025 11:36:46 AM, Old:C:\Users\BudinLabCary\Desktop\hpcell\SOPE-DAG_20250513\kinetic1.FBKN, New:C:\USERS\BUDINLABCARY\DESKTOP\HPCELL\SOPE-DAG_20250513\KINETIC1.FBKN
PMT Volts Changed: 5/14/2025 12:00:37 PM, Old:800, New:780
Emission PMT (V): Changed: 5/14/2025 12:00:37 PM, Old: 800, New: 780
PMT Volts Changed: 5/14/2025 7:08:34 PM, Old:780, New:800
Stop Time 1 Changed: 5/14/2025 7:08:34 PM, Old:360.0000, New:450.0000
Emission PMT (V): Changed: 5/14/2025 7:08:34 PM, Old: 780, New: 800
End Method Modifications

